dtxsid,preferred_name,casrn,molecular_formula,monoisotopic_mass,toxcast_active,toxcast_total,percent_toxcast_active,hit_call,continuous_hit_call,top,scaled_top,ac50,logac50
DTXSID1041550,(S)-(-)-beta-Citronellol,7540-51-4,C10H20O,156.151415,5,354,1,Inactive,0.2325823881815768,-25.43119699954455,0.8784286291858813,16.65,1.2214142378423387
DTXSID2020216,Dibutyl paracresol,128-37-0,C15H24O,220.182715,54,359,15,Active,0.99627622570797,-35.19160026038449,1.2155664232454604,0.1444787457718038,-0.8401960371492636
DTXSID5041641,"2,5-Dimethylbenzenesulfonic acid",609-54-1,C8H10O3S,186.035065,4,357,1,Active,0.997186165651922,-37.35884606563769,1.290426083286296,0.2213744620643891,-0.6548724811276792
DTXSID7025130,Dimethylnaphthalene,28804-88-8,C12H12,,17,359,5,Inactive,0.8457934543160583,-38.56626722174213,1.3321320757736277,16.65,1.2214142378423387
DTXSID4042094,Levomenol,23089-26-1,C15H26O,222.198365,29,360,8,Inactive,5.1210102413e-06,-12.450912265561614,0.430071686902777,0.8819161005890823,-0.0545727286826091
DTXSID0048185,Apomorphine hydrochloride,41372-20-7,C34H38Cl2N2O5,624.215778,155,369,42,Active,0.9841405680586526,-52.73533085639153,1.8215510813224225,4.25453056841554,0.6288516483704016
DTXSID6021824,Dichlorophen,97-23-4,C13H10Cl2O2,268.005785,191,412,46,Active,0.9999992233982392,-107.11504650813508,3.6999014820658314,8.528010086998856,0.9308477053698038
DTXSID7044718,C.I. Acid Orange 156,68555-86-2,C21H19N4NaO5S,462.097385,69,389,18,Inactive,0.1855375703367481,-25.869272089063596,0.8935603471452676,16.65,1.2214142378423387
DTXSID1027633,Irganox 1010,6683-19-8,C73H108O12,1176.784079,12,361,3,Inactive,0.574163797992127,-29.15279058435975,1.0069776059074542,7.4,0.8692317197309762
DTXSID4042418,Sodium tridecyl sulfate,3026-63-9,C13H27NaO4S,302.152775,70,380,18,Inactive,0.0,11.93668354602148,0.4123095175010873,0.1180486501621702,-0.92793897453589
DTXSID7037551,Fenuron,101-42-8,C9H12N2O,164.094963,4,366,1,Inactive,3.6889377069750222e-09,-4.776444975326255,0.1649849990204069,16.65,1.2214142378423387
DTXSID2025505,Linoleic acid,60-33-3,C18H32O2,280.24023,74,383,19,Inactive,2.51436180748e-05,-12.6557202528278,0.437146037335585,8.165930963566781,0.9120057039890436
DTXSID4040343,Benzyl bromoacetate,5437-45-6,C9H9BrO2,227.978593,16,355,5,Inactive,-1.1596706075566429e-07,19.194690287565557,0.6630110834836335,0.2656622599537114,-0.5756701371892685
DTXSID2021735,Dimethyl sulfoxide,67-68-5,C2H6OS,78.013936,5,366,1,Inactive,0.0,-8.809064193623765,0.3042772302127162,0.0668380402576017,-1.1749762924379357
DTXSID1041978,Flufenoxuron,101463-69-8,C21H11ClF6N2O3,488.036239,58,379,15,Inactive,0.0104902117175353,-21.28556914552745,0.7352329238093602,0.715329693564626,-0.145493746878388
DTXSID0041567,"(9Z,12R)-12-Hydroxyoctadec-9-enoic acid",141-22-0,C18H34O3,298.250795,67,372,18,Inactive,0.0645778551359113,-23.240435877243232,0.8027567176525259,0.8200051826748112,-0.0861834027382844
DTXSID9044538,C.I. Disperse Orange 37,13301-61-6,C17H15Cl2N5O2,391.06028,75,377,20,Active,0.9751914745722248,-38.80329127109182,1.3403192134360058,3.407657590815778,0.5324559493897946
DTXSID0029262,"2,6-Di-tert-butyl-4-ethylphenol",4130-42-1,C16H26O,234.198365,53,374,14,Inactive,0.0092865515221484,-20.660710209672793,0.7136494341109718,0.8838771415067612,-0.0536080975138262
DTXSID8022589,Aminoglutethimide,125-84-8,C13H16N2O2,232.121178,10,383,3,Inactive,0.2604171862727954,-26.437821431390283,0.9131988257986124,16.65,1.2214142378423387
DTXSID3038696,Ethyl benzoate,93-89-0,C9H10O2,150.06808,10,356,3,Inactive,0.0172873118142426,-24.38429353379858,0.8422671391733723,1.18585742768885,0.0740324781597857
DTXSID7021815,"3,4-Dichloroaniline",95-76-1,C6H5Cl2N,160.979905,26,380,7,Active,0.9079727415101716,-31.707457667359105,1.0952193313671563,1.1449593099919404,0.0587900528244024
DTXSID2025216,Divinylbenzene,1321-74-0,C10H10,,9,359,3,Active,0.9317140847477408,-42.925459620442886,1.4827045951566826,8.3,0.919078092376074
DTXSID0042038,Heptyl butyrate,5870-93-9,C11H22O2,186.16198,5,356,1,Inactive,0.0,11.825424393465322,0.4084664728789235,0.3117824515106527,-0.5061483324652108
DTXSID4025292,"2-Ethyl-1,3-hexanediol",94-96-2,C8H18O2,146.13068,1,354,0,Inactive,-4.451693917937901e-12,11.80193006310228,0.4076549462954593,0.1843895133484125,-0.7342637818963926
DTXSID9025796,Nonane,111-84-2,C9H20,128.156501,5,362,1,Inactive,2.0655681033711843e-10,-7.963553107454101,0.2750721108312421,16.65,1.2214142378423387
DTXSID3022409,"4,4'-Sulfonyldiphenol",80-09-1,C12H10O4S,250.02998,56,429,13,Inactive,0.0156246942985479,-24.21403916658866,0.8363863184474033,16.65,1.2214142378423387
DTXSID6026298,m-Xylene,108-38-3,C8H10,106.07825,6,358,2,Inactive,-1.3436605779357629e-10,1.2610920937466406,0.0435598607177968,16.65,1.2214142378423387
DTXSID2032348,Chlorophacinone,3691-35-8,C23H15ClO3,374.070972,161,382,42,Active,0.9997018200329608,-101.99738397195412,3.5231303577505315,24.590167458398778,1.3907614862828774
DTXSID9029146,4-Methylmorpholine,109-02-4,C5H11NO,101.084064,4,359,1,Inactive,-2.9524459525e-06,18.022563256201146,0.6225241987565168,0.0199919760465397,-1.6991442772328385
DTXSID9048196,4-tert-Butylbenzenethiol,2396-68-1,C10H14S,166.081622,20,389,5,Inactive,4.4108225405149764e-07,-6.067636498734281,0.2095845355638128,16.65,1.2214142378423387
DTXSID7035272,"2,6-Diisopropylnaphthalene",24157-81-1,C16H20,212.156501,17,354,5,Inactive,0.0075885686883328,-18.557667546880506,0.6410074391852457,0.8101913252294144,-0.091412411146464
DTXSID6036467,"Disodium 4,4'-bis(2-sulfostyryl)biphenyl",27344-41-8,C28H20Na2O6S2,562.049669,60,376,16,Inactive,0.0070286551719755,-20.47534550746903,0.7072466815681318,3.4567341857378677,0.5386659846607955
DTXSID4027076,Dodecyl sulfate triethanolamine salt,139-96-8,C18H41NO7S,415.260374,22,368,6,Inactive,2.0438203621788318e-11,-12.96131926769598,0.4477018489128387,0.3134571577177284,-0.5038218087032464
DTXSID6024624,Bisphenol A diglycidyl ether,1675-54-3,C21H24O4,340.167459,109,382,29,Inactive,0.0714320970487396,-27.658135655826207,0.9553501626533614,3.3037810389773776,0.5190112563496121
DTXSID1042491,Triethoxypentylsilane,2761-24-2,C11H26O3Si,234.165121,8,357,2,Inactive,0.0168389198602695,-20.8613318731957,0.7205791831462443,16.65,1.2214142378423387
DTXSID1026904,2-Butoxyethyl acetate,112-07-2,C8H16O3,160.109944,3,358,1,Inactive,1.5381405492047442e-08,-5.996679844505727,0.2071335948351196,16.65,1.2214142378423387
DTXSID9034997,Tributyltetradecylphosphonium chloride,81741-28-8,C26H56ClP,434.380816,222,396,56,Active,1.0,-116.04975052208428,4.008518485004999,0.0138000000001267,-1.8601209135947745
DTXSID8027292,Dibutyltin dichloride,683-18-1,C8H18Cl2Sn,303.980758,203,389,52,Active,0.9999999999837664,-115.87177211452558,4.002370865269315,3.7524589224889393,0.5743159467956469
DTXSID7026867,Decanedioic acid,111-20-6,C10H18O4,202.120509,9,360,2,Active,0.9731537861439568,-36.96927699775689,1.276969830233092,2.071734294038385,0.3163340551115782
DTXSID0034722,Topramezone,210631-68-8,C16H17N3O5S,363.088892,3,428,1,Inactive,5.491438913064301e-10,-18.990875980711134,0.6559710561431271,0.3732985289016853,-0.4279437215420568
DTXSID7021788,3-(Trifluoromethyl)-4-nitrophenol,88-30-2,C7H4F3NO3,207.014327,108,373,29,Active,0.9999956308618256,-96.3572527766102,3.328312445151168,12.901844090404726,1.1106517894502943
DTXSID0048187,1-Methoxy-4-tert-pentylcyclohexane,199584-38-8,C12H24O,184.182715,7,356,2,Inactive,4.963964656358733e-08,-16.531122008879027,0.5710077604850539,3.124834564874845,0.4948270298516739
DTXSID7027833,2-Ethyl-6-methylaniline,24549-06-2,C9H13N,135.104799,9,356,3,Inactive,0.7337204936027073,-34.06308314115593,1.1765858850476516,7.436655909183493,0.8713776873366145
DTXSID1040110,Ethyl propionate,105-37-3,C5H10O2,102.06808,0,360,0,Inactive,0.040715533921599,-23.62879053717195,0.8161710233796705,5.874979520159861,0.7690063570208692
DTXSID6021957,Phenyl salicylate,118-55-8,C13H10O3,214.062994,11,368,3,Inactive,0.3933798483084083,-30.520978508304676,1.0542367043494638,16.65,1.2214142378423387
DTXSID0023745,D-Xylose,58-86-6,C5H10O5,150.052823,3,478,1,Inactive,0.0008766090073295,-19.293017294610713,0.6664074339586887,4.805699734118603,0.681756632075621
DTXSID6023868,Hydramethylnon,67485-29-4,C25H24F6N4,494.190516,203,389,52,Active,0.9999985134734564,-112.66589210975832,3.8916353470798817,11.070619707299205,1.0441719323446228
DTXSID2041200,"N,N′-Disalicylidene-1,2-diaminopropane",94-91-7,C17H18N2O2,282.136828,37,496,7,Active,0.9944148290526148,-50.525370882538766,1.745216014969788,4.629811927608492,0.6655633494497486
DTXSID2025892,N-Phenyl-1-naphthylamine,90-30-2,C16H13N,219.104799,234,485,48,Active,0.9871769194245686,-41.21440068164717,1.4236022588376531,2.396128445806908,0.3795100949401407
DTXSID8029153,Benzyl benzoate,120-51-4,C14H12O2,212.08373,11,364,3,Inactive,-0.0001068360197958,13.636279974418423,0.4710159228972896,16.65,1.2214142378423387
DTXSID4025080,Diisobutyl ketone,108-83-8,C9H18O,142.135765,4,363,1,Inactive,-0.0091863066079411,20.043831380749214,0.6923415883153203,31.612508696853617,1.4998589618303582
DTXSID7038864,"2,2'-Methylenebis(ethyl-6-tert-butylphenol)",88-24-4,C25H36O2,368.27153,192,371,52,Active,0.997832645444449,-91.01186162528462,3.143675260294892,22.933033801695768,1.360461511170491
DTXSID0025816,Oxalic acid,144-62-7,C2H2O4,89.995309,7,360,2,Inactive,-0.0002146239932088,2.0274536942076486,0.0700310476684432,16.55,1.2187979981117376
DTXSID4048199,4-Butyloxyaniline,4344-55-2,C10H15NO,165.115364,15,358,4,Inactive,0.0013344155810629,-8.714597016387694,0.3010142035842792,16.65,1.2214142378423387
DTXSID0044575,"2,2-Dichloro-1-(1-oxa-4-azaspiro[4.5]decan-4-yl)ethanone",71526-07-3,C10H15Cl2NO2,251.047984,31,364,9,Active,0.9944175212341168,-70.30763898738921,2.428522846883463,11.02693516932539,1.0424548212337017
DTXSID4020870,"2,2'-Methylenebis(4-methyl-6-tert-butylphenol)",119-47-1,C23H32O2,340.24023,209,375,56,Active,0.9995686547979328,-76.04102660204201,2.6265619648621006,21.419755378351024,1.3308145067181083
DTXSID4041440,2-Methylbutyl isovalerate,2445-77-4,C10H20O2,172.14633,21,362,6,Inactive,0.0034020714645441,-15.55171309334985,0.537177625352361,16.65,1.2214142378423387
DTXSID3024528,Anise oil,8007-70-3,,,31,363,9,Inactive,8.55634661927e-05,-16.88892988910962,0.5833669382991573,4.078135701323838,0.6104616729761058
DTXSID5024681,tert-Butylamine,75-64-9,C4H11N,73.089149,1,360,0,Inactive,0.0223593124147863,-24.445118875957476,0.8443681304060444,10.289260892211171,1.012384179236409
DTXSID1047497,Octyl decyl phthalate,119-07-3,C26H42O4,418.30831,12,368,3,Inactive,0.0004668008585498,-18.993245570350403,0.6560529050383478,4.551044647112762,0.6581110960863961
DTXSID5048180,4-Propylaniline,2696-84-6,C9H13N,135.104799,8,357,2,Inactive,3.4920941800404823e-09,-12.835262670452256,0.4433476801366452,1.0374522302660698,0.0159681086521102
DTXSID7032345,Chlorhexidine diacetate,56-95-1,C26H38Cl2N10O4,624.245455,214,391,55,Active,0.9999998074888656,-108.41050505026696,3.744648407322729,10.600879527608054,1.025341899051631
DTXSID7034549,1-Methyl-2-nitro-3-((tetrahydrofuran-3-yl)methyl)guanidine,165252-70-0,C7H14N4O3,202.10659,6,417,1,Inactive,0.0001204239952458,-15.111131807880753,0.5219593399273178,15.9,1.2013971243204515
DTXSID6048202,Isopropyl phenyl ketone,611-70-1,C10H12O,148.088815,3,361,1,Inactive,3.81602501221e-05,-14.244883778933112,0.4920379379336532,2.743726420659102,0.4383408053140722
DTXSID6026080,Terephthalic acid,100-21-0,C8H6O4,166.026609,8,362,2,Inactive,1.0340386476e-06,-15.39068994666438,0.5316156637186775,0.8747959860752421,-0.0580932183520187
DTXSID6020014,Dehydroacetic acid,520-45-6,C8H8O4,168.042259,2,362,1,Inactive,0.0,-14.135528099879322,0.4882606419122889,0.1050832755029052,-0.9784663984795492
DTXSID9026342,2-Phenylethanol,60-12-8,C8H10O,122.073165,1,358,0,Inactive,0.034629113161014,-19.44197897737235,0.6715527759884748,1.092155607835111,0.0382845200624964
DTXSID9048192,4-Butylchlorobenzene,15499-27-1,C10H13Cl,168.070578,2,355,1,Inactive,0.7178008807210876,-31.811704972120424,1.098820177092957,5.7645615774198795,0.7607662827065733
DTXSID0024553,Azodicarbonamide,123-77-3,C2H4N4O2,116.033425,12,358,3,Active,0.9707017020292886,-37.625596376388,1.2996400070277343,4.594804770548497,0.6622670633010781
DTXSID8045191,Ranitidine,66357-35-5,C13H22N4O3S,314.141262,7,362,2,Inactive,0.0881874493601618,-25.025997549333972,0.8644324811633669,0.7087276838612233,-0.1495206027777134
DTXSID3042130,Diphenylmercury(II),587-85-9,C12H10Hg,356.048893,103,378,27,Active,0.99885147518236,-77.94007315952697,2.6921576528779485,16.65,1.2214142378423387
DTXSID0022436,"4,4-Bis(4-hydroxyphenyl)valeric acid",126-00-1,C17H18O4,286.120509,33,518,6,Active,0.9567258900693816,-30.781695439520934,1.0632422268381596,1.23570708015936,0.0919155350351737
DTXSID0044571,3-Isopropylphenol,618-45-1,C9H12O,136.088815,12,375,3,Inactive,2.090117843355087e-10,-8.11123861014525,0.2801733718407784,8.026010223567837,0.904499708604432
DTXSID0025363,Glycolic acid,79-14-1,C2H4O3,76.016044,3,357,1,Inactive,0.0,-12.035931102577056,0.4157376650262205,4.337785895121418,0.6372681122558486
DTXSID1032513,"(3,5-Dimethyl-1H-pyrazol-1-yl)methanol",85264-33-1,C6H10N2O,126.079313,1,362,0,Inactive,8.135975656745341e-07,-21.419353667071544,0.7398540257523153,0.9125774242010876,-0.0397302792256044
DTXSID5020233,Ergocalciferol,50-14-6,C28H44O,396.339216,111,397,28,Inactive,-4.180991355490125e-11,10.81144253134787,0.373442140474313,0.0055619060897925,-2.254776348271072
DTXSID2023193,Lactose,63-42-3,C12H22O11,342.116212,1,363,0,Inactive,-6.6884230951e-06,12.575701375335166,0.4343820749131278,3.303822687672753,0.5190167311932402
DTXSID4020616,"1,8-Cineol",470-82-6,C10H18O,154.135765,1,358,0,Inactive,-0.0002292020124737,22.97335618856243,0.7935314167429591,0.3213685952383677,-0.4929965655971648
DTXSID9048190,Methyl abietate,127-25-3,C21H32O2,316.24023,65,364,18,Inactive,-6.12533023451938e-18,9.569288053907732,0.3305364111500352,0.2756392828173953,-0.5596588887415783
DTXSID0042406,Sodium methyl sulfate,512-42-5,CH3NaO4S,133.964974,5,355,1,Inactive,0.0,-5.672494328224166,0.1959357798571526,0.1246283126276623,-0.904383284954756
DTXSID7023192,Lactic acid,50-21-5,C3H6O3,90.031694,1,358,0,Inactive,-1.0671981574266908e-08,6.326574410436129,0.2185286082641494,16.65,1.2214142378423387
DTXSID6022137,(Z)-3-Hexen-1-ol,928-96-1,C6H12O,100.088815,2,362,1,Inactive,2.7766986946348132e-09,-9.863687864603015,0.3407053867647604,8.025965658929714,0.9044972971659192
DTXSID3041409,2-Chloro-N-phenylacetamide,587-65-5,C8H8ClNO,169.029442,133,365,36,Active,0.9939258402133264,-60.26785842692236,2.081734975466483,12.694160296798971,1.1036039781102611
DTXSID3020093,p-Anisidinium chloride,20265-97-8,C7H10ClNO,159.045092,22,374,6,Inactive,2.1741191897990207e-14,-8.72074308900466,0.301226497411577,3.3037908595253955,0.5190125472957807
DTXSID1026241,"3,3,5-Trimethylcyclohexyl salicylate",118-56-9,C16H22O3,262.156895,30,372,8,Inactive,0.5790700671670569,-30.654306572672187,1.0588420396318123,3.3037967510314243,0.5190133217534828
DTXSID9036226,Sodium octyl sulfate,142-31-4,C8H17NaO4S,232.074524,8,359,2,Inactive,2.776517373e-06,-9.507295898931025,0.3283951165929035,16.65,1.2214142378423387
DTXSID9037749,5-Chlorosalicylanilide,4638-48-6,C13H10ClNO2,247.040006,126,366,34,Active,0.9999232579141676,-83.1201711841869,2.8710853851011704,16.65,1.2214142378423387
DTXSID8021062,N-Nitrosopyrrolidine,930-55-2,C4H8N2O,100.063663,14,361,4,Inactive,-0.000394712872239,20.28380203854383,0.7006305058985207,1.219826104585361,0.0862979231322458
DTXSID9029649,"1,3-Benzenedimethanamine",1477-55-0,C8H12N2,136.100048,13,358,4,Inactive,-4.509359323954851e-12,12.113600574593653,0.4184204757423009,0.3000178270550735,-0.5228529387415976
DTXSID5026251,Triphenylphosphine,603-35-0,C18H15P,262.091137,40,361,11,Inactive,0.0,-4.205063880481431,0.1452487077284061,0.3384204538903151,-0.4705433963917302
DTXSID8025886,"Ethyl 2,3-epoxy-3-phenylpropionate",121-39-1,C11H12O3,192.078644,21,363,6,Inactive,0.1470271510096111,-26.59093874231305,0.9184877089581792,16.65,1.2214142378423387
DTXSID1033161,Aldicarb sulfoxide,1646-87-3,C7H14N2O3S,206.072513,13,368,4,Inactive,-4.6189692986421605e-11,15.554958525852294,0.5372897270683867,0.2082004136371477,-0.6815184120005435
DTXSID7024821,1-Chloro-4-(trifluoromethyl)benzene,98-56-6,C7H4ClF3,179.995362,3,359,1,Inactive,0.0010407879599841,-17.890176791427706,0.6179513876231761,10.290901785497176,1.0124534333926734
DTXSID7025506,Linolenic acid,463-40-1,C18H30O2,278.22458,56,375,15,Inactive,3.46979077701983e-07,-14.815145809816926,0.5117355752125826,4.562891139102424,0.6592401075517359
DTXSID0042454,"(+/-)-2,3-Dihydroxypropyl tetradecanoate",589-68-4,C17H34O4,302.24571,13,363,4,Inactive,0.0744296868293224,-26.38850350963695,0.9114953167423596,3.3052211346926565,0.5192005211178847
DTXSID5024057,Dimethylamine,124-40-3,C2H7N,45.057849,0,363,0,Inactive,0.0037840181844161,-22.794131238474332,0.7873407397085822,4.423815936025081,0.6457970487596592
DTXSID5041302,(Dicyclopentadienyloxy)ethyl methacrylate,68169-03-9,C16H22O3,,11,359,3,Inactive,0.0302118301315999,-22.87897153709116,0.7902712406682907,16.65,1.2214142378423387
DTXSID3026514,Phthalimide,85-41-6,C8H5NO2,147.032028,3,359,1,Inactive,0.1214989648890903,-28.25462390760768,0.9759536897837306,6.659683401190041,0.8234535834669421
DTXSID2024664,Butyraldehyde oxime,110-69-0,C4H9NO,87.068414,4,359,1,Inactive,0.0004995456836708,-20.817003685945625,0.7190480264035602,4.230366901574576,0.6263780355592224
DTXSID6041210,gamma-Terpinene,99-85-4,C10H16,136.125201,1,354,0,Inactive,5.1702963483196135e-09,-2.004028041178352,0.0692218932948336,16.65,1.2214142378423387
DTXSID3026566,"Dimethyl cyclohexane-1,4-dicarboxylate",94-60-0,C10H16O4,200.104859,4,368,1,Inactive,8.227406888871022e-16,-14.6167329515838,0.5048821213592819,4.497467017659434,0.652967987114636
DTXSID9029302,2-Propyl-1-heptanol,10042-59-8,C10H22O,158.167065,1,362,0,Inactive,-0.6517037598020207,34.617285864876195,1.1957288117017684,4.257882459080009,0.6291936683569921
DTXSID4022446,"2,2′-Methylenebis[phenol]",2467-02-9,C13H12O2,200.08373,93,516,18,Active,0.9999945190917088,-60.88415029850151,2.103022546945693,1.4833002800689892,0.1712290787262683
DTXSID4027656,2-Ethylhexyl thioglycolate,7659-86-1,C10H20O2S,204.118401,20,360,6,Inactive,-0.0059747878515089,2.7179735260677673,0.0938825553004832,16.65,1.2214142378423387
DTXSID7021863,Diethyl malonate,105-53-3,C7H12O4,160.073559,2,364,1,Inactive,-0.1631397369628592,22.81156432156068,0.7879429024490265,17.15,1.2342641243787893
DTXSID1034260,Oxytetracycline,79-57-2,C22H24N2O9,460.14818,54,503,11,Inactive,0.4258396544619869,-30.40430415746746,1.0502066113078772,16.65,1.2214142378423387
DTXSID3029572,Benoxacor,98730-04-2,C11H11Cl2NO2,259.016684,130,481,27,Active,0.9999988337586564,-104.73477828950828,3.617683733981835,4.634970444314919,0.6660469691359928
DTXSID3040352,Dinocap,39300-45-3,,,318,509,62,Inactive,0.0489346534982815,-15.711515034988285,0.5426974048789482,16.65,1.2214142378423387
DTXSID7041962,Ethyltriethoxysilane,78-07-9,C8H20O3Si,192.118171,9,357,3,Inactive,-8.70226575501e-05,17.101396293487525,0.5907058210245391,0.0822725432551098,-1.0847450773311182
DTXSID5021388,"2,4,5-Trichlorophenoxyacetic acid",93-76-5,C8H5Cl3O3,253.930427,20,470,4,Inactive,-0.8802560076531454,29.74557777583397,1.0274532933088365,0.0296576242965111,-1.5278636407735415
DTXSID1027390,Phenolsulfonic acid,1333-39-7,C6H6O4S,,5,365,1,Inactive,-1.32626352236e-05,18.753957216530424,0.6477875551757364,4.531740134898662,0.6562649980105753
DTXSID0035160,alpha-Ionone,127-41-3,C13H20O,192.151415,7,362,2,Inactive,0.0401782091863999,-18.440875024146365,0.6369732643233096,16.65,1.2214142378423387
DTXSID8032675,Sulprofos,35400-43-2,C12H19O2PS3,322.02848,34,387,9,Inactive,-0.0228545540481939,24.626996610428527,0.8506504382727839,0.1486540700937405,-0.8278231954731454
DTXSID4025662,Methyl styryl ketone,122-57-6,C10H10O,146.073165,28,359,8,Inactive,-0.3296161442730272,21.172536438377335,0.7313286181647293,0.1268916656200487,-0.8965669018933888
DTXSID6022008,1-Nonanol,143-08-8,C9H20O,144.151415,1,365,0,Inactive,-0.5616503556200988,29.088578015536417,1.0047596151927822,0.375053097524324,-0.425907243393877
DTXSID1024124,Thifensulfuron methyl,79277-27-3,C12H13N5O6S2,387.030726,2,469,0,Inactive,0.0,12.962725614383134,0.4477504260676057,3.962085315648391,0.5979238229734498
DTXSID7020683,"Hexachloro-1,3-butadiene",87-68-3,C4Cl6,257.813116,83,487,17,Inactive,0.0,19.22935347307101,0.6642083977322439,4.031821395096526,0.6055012851333865
DTXSID8034376,Denatonium benzoate,3734-33-6,C28H34N2O3,446.256943,21,479,4,Inactive,1.5569459033985202e-09,-4.578690099621703,0.1581542727913943,16.65,1.2214142378423387
DTXSID8029157,alpha-Amylcinnamaldehyde,122-40-7,C14H18O,202.135765,76,478,16,Inactive,0.4208518740567681,-30.747844577414305,1.062072971360424,16.65,1.2214142378423387
DTXSID7040360,"Ethyl 5,5-diphenyl-2-isoxazoline-3-carboxylate",163520-33-0,C18H17NO3,295.120843,26,480,5,Inactive,5.072448285103429e-15,-12.738499259157244,0.4400053384159331,0.0138000009982267,-1.860120882183954
DTXSID8047185,Isopentyl benzoate,94-46-2,C12H16O2,192.11503,2,357,1,Inactive,-9.935914557834268e-07,3.524214625670545,0.1217312351691528,16.65,1.2214142378423387
DTXSID6024834,(2E)-3-Phenylprop-2-enal,14371-10-9,C9H8O,132.057515,12,357,3,Inactive,0.0001126531510117,-15.943034199195385,0.5506943962139744,1.3076647746768226,0.1164964250529959
DTXSID0048181,4-tert-Butylaniline,769-92-6,C10H15N,149.120449,8,357,2,Inactive,1.1330903242e-06,-15.825275559326684,0.5466268503333576,0.0138000058678246,-1.860120728934753
DTXSID8042507,1-Phenylurea,64-10-8,C7H8N2O,136.063663,1,355,0,Inactive,0.0,-4.981625911998409,0.1720722316402173,0.0131002402458074,-1.8827207397280736
DTXSID4022523,Heptyl p-hydroxybenzoate,1085-12-7,C14H20O3,236.141245,135,374,36,Inactive,0.8268542140268138,-34.93728632185585,1.206782068957749,4.307640295778359,0.6342394309117443
DTXSID7026314,Pyrithione zinc,13463-41-7,C10H8N2O2S2Zn,315.931862,182,383,48,Active,0.9995786073042252,-112.56280905954648,3.8880747163124223,22.85636468375954,1.3590071567971966
DTXSID7021233,FD&C Red 3,16423-68-0,C20H6I4Na2O5,879.61894,205,487,42,Inactive,-3.51351791748e-05,1.874256816168018,0.0647394161508894,10.0,1.0
DTXSID7021152,4-Phenylphenol,92-69-3,C12H10O,170.073165,138,539,26,Active,0.9999999753161692,-55.55062923632762,1.9187953713446648,1.0995539564254802,0.041216545568476
DTXSID7027388,Diisooctyl adipate,1330-86-5,C22H42O4,,8,473,2,Inactive,0.1065241331417751,-27.618046360464085,0.9539654230844528,3.065494659761742,0.486500563902161
DTXSID3024944,"1,2-Dibromo-2,4-dicyanobutane",35691-65-7,C6H6Br2N2,263.889774,257,483,53,Inactive,0.5786416958694727,-30.379973577969732,1.0493661995256134,3.664978140330114,0.5640713886463637
DTXSID9022366,Estriol,50-27-1,C18H24O3,288.172545,73,562,13,Active,0.99999410831241,-45.1357965132359,1.5590526808095098,1.1615594642085412,0.065041447727812
DTXSID4047127,4-(tert-Pentyl)-cyclohexanone,16587-71-6,C11H20O,168.151415,9,360,2,Inactive,0.6973362191401172,-32.919297373812256,1.1370779466793546,3.303782466175204,0.5190114439601103
DTXSID1048122,Benzyl-C8-18-alkyldimethylammonium chlorides,63449-41-2,,,182,372,49,Active,0.9999999997016594,-123.13224079816646,4.253157470128374,4.036402690828787,0.6059944870199803
DTXSID7021364,2-Methylaniline hydrochloride,636-21-5,C7H10ClN,143.050177,11,360,3,Inactive,8.050394624565364e-08,-13.89808260075283,0.4800589467931886,2.639606480980194,0.4215391860071331
DTXSID0029133,4-Hydroxyacetophenone,99-93-4,C8H8O2,136.052429,4,355,1,Inactive,0.0304686579849242,-18.06291525567995,0.6239180124880417,16.65,1.2214142378423387
DTXSID9022526,Benzyl 4-hydroxybenzoate,94-18-8,C14H12O3,228.078644,101,385,26,Inactive,-0.0183389293086663,23.84832412233913,0.8237540162793802,0.1381127485358454,-0.859766231897599
DTXSID4029565,"1,2-Benzenedicarboxylic acid, diundecyl ester, branched and linear",85507-79-5,,,6,360,2,Inactive,-0.7924127528447734,34.34744076140474,1.1864079895501725,4.584597306762283,0.6613011949391843
DTXSID7027837,Tripropylene glycol,24800-44-0,C9H20O4,,6,475,1,Inactive,-0.066440355993602,19.166510753255615,0.6620377234921466,16.65,1.2214142378423387
DTXSID4027153,1-Bromo-4-fluorobenzene,460-00-4,C6H4BrF,173.948041,6,470,1,Inactive,-0.8359855640566671,37.65860391063363,1.3007801327976976,4.390580358437085,0.6425219302211501
DTXSID9024194,(+/-)-2-(4-Chloro-2-methylphenoxy)propionic acid,93-65-2,C10H11ClO3,214.039672,6,472,1,Inactive,-7.841238232336863e-07,16.692467560351652,0.5765808584248747,4.502520276979601,0.6534556773295545
DTXSID8026694,2-Ethylhexyl acetate,103-09-3,C10H20O2,172.14633,3,363,1,Inactive,0.0,-3.92457361581218,0.1355601870229982,0.7043536012557954,-0.1522092605728287
DTXSID9044825,3-tert-Butylphenol,585-34-2,C10H14O,150.104465,21,480,4,Inactive,4.767392750944108e-07,-8.045629612505357,0.2779071465482724,16.65,1.2214142378423387
DTXSID9041237,alpha-Terpinene,99-86-5,C10H16,136.125201,17,463,4,Inactive,0.0,10.659612902161342,0.3681977356183988,4.091476296903401,0.6118800395268107
DTXSID9021897,3-Methylpyridine,108-99-6,C6H7N,93.057849,7,466,2,Inactive,1.4926759273e-06,-7.171083869076022,0.2476991300489021,16.65,1.2214142378423387
DTXSID0029214,Methylionone,1335-46-2,,,24,365,7,Inactive,0.0010497334884519,-20.11115609728833,0.6946670769056073,16.65,1.2214142378423387
DTXSID6032431,S-Metolachlor,87392-12-9,C15H22ClNO2,283.133907,44,364,12,Inactive,2.890918290429175e-07,-18.465228123769364,0.6378144539817688,3.279325472287183,0.5157845224344113
DTXSID7038810,Divinyltetramethyldisiloxane,2627-95-4,C8H18OSi2,186.089618,3,356,1,Inactive,4.4277517258011355e-07,-6.3900003143625455,0.2207194264880008,16.65,1.2214142378423387
DTXSID4022153,Tetrabutyltin,1461-25-2,C16H36Sn,348.183903,187,377,50,Active,0.9862659839285478,-84.87694854505543,2.9317668987916257,29.884666315892485,1.4754484109819592
DTXSID8021931,1-Hexanol,111-27-3,C6H14O,102.104465,1,358,0,Inactive,0.0,9.320417883107677,0.3219400921098789,4.138294446115032,0.6168213881599643
DTXSID4022525,2-Ethylhexyl p-hydroxybenzoate,5153-25-3,C15H22O3,250.156895,190,441,43,Inactive,0.7798191229967625,-37.55697297269514,1.297269659991491,16.65,1.2214142378423387
DTXSID9026500,2-(4-Tert-Butylbenzyl)propionaldehyde,80-54-6,C14H20O,204.151415,67,469,14,Inactive,0.0006043181957182,-16.288102209807334,0.5626135213555549,16.65,1.2214142378423387
DTXSID7027887,Bis(2-ethylhexyl) tetrabromophthalate,26040-51-7,C24H34Br4O4,701.919062,14,486,3,Inactive,3.8884972824e-06,-22.16148484569921,0.7654882605046031,3.3377759741757207,0.5234571842173168
DTXSID1024704,4-tert-Butyltoluene,98-51-1,C11H16,148.125201,7,358,2,Inactive,0.0052638285850667,-23.498154882838897,0.8116586876543548,3.303788816282689,0.5190122787045337
DTXSID3037541,Endosulfan sulfate,1031-07-8,C9H6Cl6O4S,419.811796,149,516,29,Inactive,3.099246983889392e-12,-11.027642463540952,0.3809099844011975,1.2048359187539293,0.0809279063035886
DTXSID2026496,alpha-Terpinyl acetate,80-26-2,C12H20O2,196.14633,46,467,10,Inactive,0.0178487372472568,-23.462599632358067,0.8104305602508042,3.4874153470865767,0.5425036744209004
DTXSID7026368,Salicylic acid,69-72-7,C7H6O3,138.031694,7,376,2,Inactive,-2.328216488534739e-13,13.476638693818751,0.4655016928246289,0.1943666717992749,-0.7113782018302759
DTXSID1024176,Methacrylonitrile,126-98-7,C4H5N,67.042199,6,362,2,Inactive,0.0425759210834398,-26.534129663910416,0.9165254450164768,3.357114732017809,0.5259661838547375
DTXSID3041530,"7-Ethyl-2-methyl-4-undecanolsulfate, sodium salt",139-88-8,C14H29NaO4S,316.168425,15,367,4,Inactive,0.8697072052459291,-34.970995787010715,1.2079464403896998,11.612466738194772,1.064924483045689
DTXSID0032316,"4-Chloro-3,5-dimethylphenol",88-04-0,C8H9ClO,156.034193,53,409,13,Active,0.95530883206511,-41.98346323202606,1.4501667403246878,8.875495240013125,0.9481925954177488
DTXSID7027461,Thiocarbazide,2231-57-4,CH6N4S,106.031317,50,395,13,Inactive,1.403222896956143e-13,-9.585979950209468,0.3311129722763993,9.080550570137165,0.9581121813760964
DTXSID5037028,Hexadecyltrimethylammonium bromide,57-09-0,C19H42BrN,363.250063,205,379,54,Active,0.9999995514704174,-121.62067014216832,4.200945734310755,6.103427199527974,0.7855737687612087
DTXSID1044487,Methyltrioctylammonium chloride,5137-55-3,C25H54ClN,403.394478,192,384,50,Active,0.999999999999999,-126.6324379291872,4.374059107897843,0.9253967067096758,-0.0336720503951882
DTXSID9021847,Diphenyl ether,101-84-8,C12H10O,170.073165,29,473,6,Inactive,-0.0418869693162911,21.451626576902417,0.7409687765815067,0.7632612215002558,-0.1173268019656715
DTXSID0038887,Fluorescein,2321-07-5,C20H12O5,332.068473,78,499,16,Inactive,1.995724222230008e-13,-17.019761322421672,0.5878860365005039,30.70328953842325,1.4871849081107744
DTXSID3021770,"2,2',6,6'-Tetrachlorobisphenol A",79-95-8,C15H12Cl4O2,363.95914,241,566,43,Inactive,0.7747274752036629,-36.945766370102234,1.2761577407186917,16.65,1.2214142378423387
DTXSID7029661,"3,5,5-Trimethyl-1-hexanol",3452-97-9,C9H20O,144.151415,4,359,1,Inactive,0.0,-14.619506274001123,0.5049779157416456,0.0138000001171215,-1.860120909912877
DTXSID4027997,Dichlormid,37764-25-3,C8H11Cl2NO,207.021769,5,470,1,Inactive,-0.0637031413000969,24.275423731849763,0.8385066260175286,0.3280438797838685,-0.4840680603328007
DTXSID1027479,2-(2H-Benzotriazol-2-yl)-4-methylphenol,2440-22-4,C13H11N3O,225.090212,42,482,9,Inactive,0.8272377131281823,-40.36484334699824,1.3942573764515105,16.65,1.2214142378423387
DTXSID5022510,4-Chloro-2-methylphenol,1570-64-5,C7H7ClO,142.018542,16,371,4,Inactive,0.5898497975992399,-34.396867371543365,1.1881152528531995,28.506618936845427,1.4549457103243002
DTXSID1044693,Magnesium dibenzoate,553-70-8,C14H10MgO4,266.042951,0,356,0,Inactive,4.529510117104136e-10,-15.764438488249194,0.544525453967656,2.0842657965221303,0.3189531016726811
DTXSID6023159,Iopanoic acid,96-83-3,C11H12I3NO2,570.80021,52,366,14,Inactive,8.26264356916e-05,-21.02567176028156,0.7262557095691249,1.0157426455162415,0.0067836865010073
DTXSID3024994,Sodium dichloroisocyanurate,2893-78-9,C3Cl2N3NaO3,218.921441,3,362,1,Inactive,0.0196156570189701,-20.903889937420193,0.722049197397567,16.65,1.2214142378423387
DTXSID6023602,Butanedioic acid,110-15-6,C4H6O4,118.026609,0,365,0,Inactive,-1.26473272280682e-18,7.829969686565057,0.2704579551823505,0.3924255373248438,-0.406242738401195
DTXSID2042436,Sulisobenzone,4065-45-6,C14H12O6S,308.035459,4,359,1,Inactive,0.0,9.46642287181872,0.3269833058481092,4.199460105286375,0.623193459834431
DTXSID7026946,Linalyl acetate,115-95-7,C12H20O2,196.14633,46,472,10,Inactive,-1.119961164058448e-16,5.62373561322625,0.1942515865737121,0.0138000001293569,-1.8601209095278193
DTXSID1032484,Temephos,3383-96-8,C16H20O6P2S3,465.989726,136,504,27,Inactive,0.0009504543015873,-15.91841846321952,0.5498441347335548,16.65,1.2214142378423387
DTXSID9027528,3-(Methylthio)propanal,3268-49-3,C4H8OS,104.029586,16,474,3,Inactive,9.01858144548724e-07,-12.303918387335496,0.4249943155564263,16.55,1.2187979981117376
DTXSID7032559,lambda-Cyhalothrin,91465-08-6,C23H19ClF3NO3,449.100556,92,551,17,Inactive,6.58816472805e-05,-15.010623925039743,0.5184876589935424,14.25,1.153814864344529
DTXSID5026259,Tris(2-chloroisopropyl)phosphate,13674-84-5,C9H18Cl3O4P,326.000829,22,525,4,Inactive,4.2430102328076106e-08,-16.025853604676747,0.5535550927367645,0.3348385529863004,-0.4751645435543222
DTXSID7032630,N-Benzyl-1H-purin-6-amine,1214-39-7,C12H11N5,225.101445,16,370,4,Inactive,0.114426684763238,-28.00251491079153,0.9672454972247014,7.656403185678467,0.8840247952892741
DTXSID5020106,L-Ascorbic acid,50-81-7,C6H8O6,176.032088,5,419,1,Inactive,6.325398489126006e-11,-17.080208957727137,0.589973981217375,0.9602861237677008,-0.0175993466903631
DTXSID3027875,Glyceryl monooleate,25496-72-4,,,28,369,8,Inactive,4.086566099022439e-09,-18.64931596576605,0.644173102011503,1.4095821470044327,0.1490903905667236
DTXSID6048200,"2,4,6-Trimethylbenzoic acid",480-63-7,C10H12O2,164.08373,4,355,1,Inactive,0.0894470622775392,-25.169378821025656,0.8693850680960743,8.628218701454136,0.935921144732658
DTXSID8020834,Methyl carbamate,598-55-0,C2H5NO2,75.032028,12,360,3,Inactive,2.33704079694e-05,-15.90174499910838,0.5492682102804828,2.1770269099498973,0.337863797332559
DTXSID0027191,"1,3-Cyclopentadiene",542-92-7,C5H6,66.04695,0,359,0,Inactive,0.0006154002779947,-14.534620952340132,0.502045859623878,1.1015263076299937,0.0419948738173384
DTXSID9040342,"4-Ethyl-1,3-dioxolan-2-one",4437-85-8,C5H8O3,116.047344,3,359,1,Inactive,0.0275257026306352,-14.299443658198648,0.4939225114341704,16.55,1.2187979981117376
DTXSID9026841,Dihexyl hexanedioate,110-33-8,C18H34O4,314.24571,6,467,1,Inactive,7.874959073574187e-11,-23.17430699334873,0.8004725347715517,4.211161866410046,0.6244019349224352
DTXSID0048183,(-)-Enterolactone,77756-20-8,C18H18O4,298.120509,35,478,7,Active,0.993455233379484,-76.28008060390016,2.634819219884639,8.211258253247244,0.914409711391319
DTXSID6025143,"2,3-Dimethylphenol",526-75-0,C8H10O,122.073165,17,470,4,Inactive,0.8643928750806896,-36.57731803575042,1.263431026939695,4.660344531930772,0.6684180245838509
DTXSID7032688,Phenothrin,26002-80-2,C23H26O3,350.188195,50,482,10,Inactive,0.2637283559792764,-26.904613964124287,0.9293224838651628,1.5552824102728362,0.1918092602998634
DTXSID8021937,1-Heptanol,111-70-6,C7H16O,116.120115,8,469,2,Inactive,0.0007162427488233,-20.153549252945773,0.6961313949875167,0.7589875176901003,-0.1197653664535149
DTXSID3021980,Ethyl hexanoate,123-66-0,C8H16O2,144.11503,4,362,1,Inactive,0.6848251220318893,-33.58456616532176,1.1600572485414065,0.0135463094048477,-1.8681790091014665
DTXSID6043915,"17-((1-Oxohexyl)oxy)pregn-4-ene-3,20-dione",630-56-8,C27H40O4,428.29266,161,407,40,Active,0.906062865813332,-30.057179742898917,1.0382164551366255,0.4164157069440229,-0.380472897532143
DTXSID9044902,Calcium neodecanoate,27253-33-4,,,19,354,5,Inactive,-4.7043792097170436e-11,12.229229584324784,0.4224144612599333,0.3892477880774816,-0.4097738466557278
DTXSID6020197,Bromocriptine mesylate,22260-51-1,C33H44BrN5O8S,749.209398,75,366,20,Inactive,0.7893267606550948,-36.2894840499663,1.2534888439755982,8.161512986527807,0.911770676007702
DTXSID0020814,Mestranol,72-33-3,C21H26O2,310.19328,137,539,25,Inactive,2.6522922895673807e-11,-15.05645823204448,0.5200708391903919,0.8941118664150016,-0.0486081412405471
DTXSID0048210,Phenyl benzoate,93-99-2,C13H10O2,198.06808,10,360,3,Inactive,1.40856872013e-05,-16.03112634893692,0.5537372205977767,16.65,1.2214142378423387
DTXSID2041125,Sodium iodide,7681-82-5,INa,149.89424,6,361,2,Inactive,6.813280123472514e-10,-11.08819347267412,0.3830014997926917,3.303801772700622,0.5190139818672033
DTXSID6041472,"3,5-Dimethyl-1-hexyn-3-ol",107-54-0,C8H14O,126.104465,0,358,0,Inactive,1.8708136146e-05,-15.72608296489223,0.5432006012757136,16.65,1.2214142378423387
DTXSID0041646,"C.I. Acid Yellow 34, monosodium salt",6359-90-6,C16H12ClN4NaO4S,414.016548,20,366,5,Inactive,3.0730722412160928e-12,-12.156292084013735,0.41989509937478,8.24571198475314,0.9162281612175934
DTXSID1021792,Salicylaldehyde,90-02-8,C7H6O2,122.036779,8,357,2,Inactive,0.000349134339974,-22.596895383219813,0.7805279411619532,8.728835971706879,0.9409563325062148
DTXSID1026906,"N,N-Dimethyldodecan-1-amine",112-18-5,C14H31N,213.24565,31,483,6,Inactive,2.000305282184125e-07,-18.75101341031012,0.6476858720476187,5.402591277308335,0.7326021130650355
DTXSID3022405,2-Hydroxy-4-methoxybenzophenone,131-57-7,C14H12O3,228.078644,70,522,13,Inactive,0.0152034120102027,-25.997458787346915,0.8979880925500511,9.744821631050693,0.9887738942120416
DTXSID0026838,Isopropyl tetradecanoate,110-27-0,C17H34O2,270.25588,1,369,0,Inactive,0.0,-12.399473729505653,0.4282949289029165,2.8162413706903875,0.4496698740022684
DTXSID7026285,Veratraldehyde,120-14-9,C9H10O3,166.062994,10,357,3,Inactive,1.1784034900464278e-11,-8.86877001638728,0.3063395517009855,16.65,1.2214142378423387
DTXSID0027222,Terpinolene,586-62-9,C10H16,136.125201,11,363,3,Inactive,0.0,3.05821442408703,0.1056349453136386,0.0138000267590689,-1.8601200714752328
DTXSID3020415,"1,2-Dibromoethane",106-93-4,C2H4Br2,185.867976,6,469,1,Inactive,-8.0715931786e-06,15.469415433412914,0.5343349506404745,0.0235757217847585,-1.6275350022029682
DTXSID3047633,Ethyl oleate,111-62-6,C20H38O2,310.28718,5,355,1,Inactive,7.364172351209675e-11,-10.90964021277763,0.3768340238641952,2.7295363264558308,0.4360888785556392
DTXSID1029124,"1,2,4,5-Tetramethylbenzene",95-93-2,C10H14,134.10955,3,359,1,Inactive,0.0010147991569334,-11.984101637203336,0.4139474037883995,16.65,1.2214142378423387
DTXSID6048204,4-Butylcyclohexanol,70568-60-4,C10H20O,156.151415,3,355,1,Inactive,0.1337628887009103,-25.993082756608494,0.8978369384111841,16.65,1.2214142378423387
DTXSID3036286,Citralva,5146-66-7,C10H15N,149.120449,3,362,1,Inactive,0.0,14.154610525110067,0.4889197752058293,4.006226032488429,0.6027354486752717
DTXSID5040700,Trimethoxyphenylsilane,2996-92-1,C9H14O3Si,198.071221,3,481,1,Inactive,0.0628761757342748,-21.77702301203053,0.7522084183670144,16.65,1.2214142378423387
DTXSID4036229,Sodium decyl sulfate,142-87-0,C10H21NaO4S,260.105825,18,363,5,Inactive,0.0374779913148389,-25.663246176853384,0.8864439279046463,28.92168679641755,1.4612236186713563
DTXSID0020494,Dimethyl methylphosphonate,756-79-6,C3H9O3P,124.028931,2,366,1,Inactive,0.0339221886464078,-22.577621615050525,0.7798621986193393,27.78949071099567,1.4438805876758598
DTXSID6040795,Chloramine-T trihydrate,7080-50-4,C7H13ClNNaO5S,281.010066,5,357,1,Inactive,0.0001769103974969,-18.15770566431481,0.627192203974922,16.65,1.2214142378423387
DTXSID3038808,"1,3,5,7-Tetramethyl-1,3,5,7-tetravinylcyclotetrasiloxane",2554-06-5,C12H24O4Si4,344.075165,30,373,8,Inactive,0.0014445092459203,-20.788883908718304,0.7180767305041479,5.420988079056034,0.7340784522527626
DTXSID2027466,"3,4-Epoxycyclohexylmethyl 3,4-epoxycyclohexanecarboxylate",2386-87-0,C14H20O4,252.136159,12,358,3,Inactive,-3.613732253491833e-08,2.951055062283028,0.1019335131201162,16.65,1.2214142378423387
DTXSID4021391,Tris(methylphenyl) phosphate,1330-78-5,C21H21O4P,,100,557,18,Inactive,0.0961338349616064,-28.300924823693553,0.9775529873019754,16.65,1.2214142378423387
DTXSID0021597,Heptanal,111-71-7,C7H14O,114.104465,14,469,3,Inactive,2.460695527190434e-10,-12.230387740515772,0.4224544655725598,2.808258212621019,0.4484370376318387
DTXSID6034005,Sulfamic acid,5329-14-6,H3NO3S,96.983364,2,357,1,Inactive,4.94715646503e-05,-12.541198969535516,0.4331903142173672,16.65,1.2214142378423387
DTXSID9048194,Heptanophenone,1671-75-6,C13H18O,190.135765,11,360,3,Inactive,6.82329327079456e-10,-3.657071827262972,0.1263203062016487,16.65,1.2214142378423387
DTXSID2027258,Isopropyl formate,625-55-8,C4H8O2,88.052429,19,362,5,Inactive,-1.3467082856602082e-10,13.201791178369024,0.4560080804619873,0.0343229937626529,-1.4644148386002571
DTXSID7042198,N-Butyl-p-toluenesulfonamide,1907-65-9,C11H17NO2S,227.098,12,365,3,Inactive,1.2728091378237478e-07,-17.350421383603184,0.5993074911915826,16.65,1.2214142378423387
DTXSID6042234,Octyl beta-D-glucopyranoside,29836-26-8,C14H28O6,292.188589,1,355,0,Inactive,0.0,-11.690751265099603,0.4038146772304296,1.094766331802692,0.039321432748733
DTXSID9047708,Igepal CO-890,NOCAS_47708,,,10,360,3,Inactive,0.001329032439032,-23.56466246759892,0.8139559513856788,1.6469310484093322,0.2166754170676339
DTXSID7021655,Pentanoic acid,109-52-4,C5H10O2,102.06808,3,355,1,Inactive,0.0329994392292464,-28.31607035962473,0.9780761350077852,1.0158293538154362,0.006820758222719
DTXSID4040711,Ethyl 2-methylbenzoate,87-24-1,C10H12O2,164.08373,13,355,4,Inactive,0.0464868761735428,-27.039178980066403,0.9339705451613938,0.1884477869017832,-0.724808958463711
DTXSID2020212,4-Methyl-2-tert-butylphenol,2409-55-4,C11H16O,164.120115,177,480,37,Inactive,0.000225267782907,-23.013227829217826,0.7949086382180213,0.3524500365933011,-0.4529024400052625
DTXSID9021639,Nonanal,124-19-6,C9H18O,142.135765,8,489,2,Inactive,3.36832184121009e-10,-17.504315745921105,0.6046232147783562,1.866811367878794,0.2711004368413587
DTXSID1041920,2-(2-Ethylhexyloxy)ethanol,1559-35-9,C10H22O2,174.16198,3,358,1,Inactive,1.0188335708238098e-11,-16.06069844818304,0.5547586817033388,0.9415793542123848,-0.0261430727325238
DTXSID1034929,Spiromesifen,283594-90-1,C23H30O4,370.214409,37,374,10,Inactive,0.0,-10.438758930041656,0.3605691347317466,0.1476283236128635,-0.8308303118307352
DTXSID3047473,Polymethylene polyphenyl polyisocyanate,9016-87-9,,,11,373,3,Inactive,4.24154759775e-05,-17.50597275982571,0.6046804503246339,0.2100665117764954,-0.6776431761036975
DTXSID8021856,4-Butylaniline,104-13-2,C10H15N,149.120449,19,358,5,Inactive,0.0,7.926526437013383,0.2737931585523093,0.1605238807275128,-0.7944603495725616
DTXSID4021977,4-Ethylphenol,123-07-9,C8H10O,122.073165,5,365,1,Inactive,0.0,6.754721290053902,0.2333173921566098,0.0441716927049337,-1.3548559578091546
DTXSID0020737,Indole,120-72-9,C8H7N,117.057849,7,364,2,Inactive,7.79522439193317e-08,-16.51107645308712,0.5703153593331982,3.3237035145875136,0.5216222763270446
DTXSID1020144,Benzoin,119-53-9,C14H12O2,212.08373,7,360,2,Inactive,0.0,-14.074347895896883,0.486147393262665,0.152759007120686,-0.815993173049496
DTXSID5042243,Oleyl sarcosine,110-25-8,C21H39NO3,353.292994,103,387,27,Inactive,-0.0021327854222437,17.66736969562619,0.6102553231500285,16.65,1.2214142378423387
DTXSID9036933,Sodium hexafluorosilicate,16893-85-9,F6Na2Si,187.946884,0,353,0,Inactive,-8.153455651270398e-09,9.307883627329652,0.3215071416230752,0.018949625852862,-1.7223993604527186
DTXSID1020516,"1,1-Dimethylhydrazine",57-14-7,C2H8N2,60.068748,5,362,1,Inactive,0.0,-10.865371818707018,0.3753049324604203,4.285557194989175,0.6320072955654659
DTXSID5020493,Dimethyl phosphonate,868-85-9,C2H7O3P,110.013281,8,364,2,Inactive,0.0,-11.363792152581846,0.3925210584120173,0.0136000019930766,-1.8664610279840388
DTXSID9037745,4-tert-Butylphenyl salicylate,87-18-3,C17H18O3,270.125594,40,361,11,Active,0.9999987581519684,-43.76044756198252,1.511546230604929,0.0777175561789361,-1.109480864205676
DTXSID1048201,Cyclobutyl phenyl ketone,5407-98-7,C11H12O,160.088815,17,360,5,Active,0.99996114782692,-42.69690903495609,1.4748101426261002,0.3905748829207941,-0.4082956887482042
DTXSID1020805,dl-Menthol,89-78-1,C10H20O,156.151415,2,360,1,Active,0.9719615599167214,-35.09859573075774,1.2123539184833143,0.5412627372053009,-0.2665918705316229
DTXSID8041909,Dysprosium(III) chloride,10025-74-8,Cl3Dy,268.83574,5,360,1,Inactive,0.8360323222552081,-30.726020096747952,1.0613191236892043,4.107513778503195,0.6135790289343349
DTXSID7026235,Trimellitic anhydride,552-30-7,C9H4O5,192.005873,2,363,1,Inactive,0.021689139790112,-18.57797451921339,0.6417088700250766,16.65,1.2214142378423387
DTXSID1021403,Trimethyl orthophosphate,512-56-1,C3H9O4P,140.023846,18,362,5,Inactive,-0.1941880038531115,28.17825108108517,0.9733156669918652,0.0266775303692715,-1.5738543770283842
DTXSID1021790,2-Nitrophenol,88-75-5,C6H5NO3,139.026943,6,362,2,Inactive,-0.0769962133462685,23.091655791423868,0.7976176482316566,0.0715040866910005,-1.1456691361481326
DTXSID0020656,Gibberellic acid,77-06-5,C19H22O6,346.141638,2,355,1,Inactive,0.0294791144114374,-19.54173013876056,0.6749983187192993,29.505168579122856,1.4698981003433849
DTXSID6048206,4-Chloropentylbenzene,79098-20-7,C11H15Cl,182.086228,11,361,3,Inactive,0.0055650646904601,-16.717326304415124,0.5774395137398939,16.65,1.2214142378423387
DTXSID4026501,alpha-Pinene,80-56-8,C10H16,136.125201,2,355,1,Inactive,-0.4179298163544296,28.431361180681183,0.9820584390220298,0.9887268143709358,-0.0049236875739885
DTXSID2021739,1-Propanol,71-23-8,C3H8O,60.057515,2,363,1,Inactive,-0.0002568335711378,19.87352661926196,0.6864590269014884,0.5019260333317569,-0.2993602782388124
DTXSID9025291,2-Ethylhexaldehyde,123-05-7,C8H16O,128.120115,4,358,1,Inactive,-6.944627451968845e-14,13.677514446808608,0.472440218460631,0.3333345127997295,-0.4771197180151387
DTXSID6045400,Ronidazole,7681-76-7,C6H8N4O4,200.054555,1,357,0,Inactive,0.3811975200247127,-28.196917932330816,0.9739604457866352,4.06993807280588,0.6095878011556141
DTXSID6021113,Peppermint oil,8006-90-4,,,9,356,3,Inactive,-2.392688959696252e-07,3.1034129861241206,0.1071961660022332,8.3,0.919078092376074
DTXSID7041889,Diphenyl phosphite,4712-55-4,C12H11O3P,234.044581,22,395,6,Inactive,0.0642290079215818,-23.595967853900085,0.815037282617361,0.8073685680354327,-0.0929281622758212
DTXSID4036435,1-Octyl-2-pyrrolidone,2687-94-7,C12H23NO,197.177964,18,367,5,Inactive,0.8482017238219165,-37.95854486174668,1.3111405070469973,16.65,1.2214142378423387
DTXSID5044865,"2,2'-(Tetradecylimino)diethanol",18924-66-8,C18H39NO2,301.298079,156,378,41,Active,0.9978385403186824,-76.99293642850435,2.6594422435207443,28.366462534854012,1.452805180089762
DTXSID9044536,Celestolide,13171-00-1,C17H24O,244.182715,64,366,17,Inactive,0.000113917744767,-18.462772665856875,0.6377296390779273,3.796715723642792,0.5794080808703391
DTXSID7027916,Neodecanoic acid,26896-20-8,,,6,362,2,Inactive,0.588745077088989,-33.21021575900829,1.147126669054369,16.65,1.2214142378423387
DTXSID0042379,Dimethoxydimethylsilane,1112-39-6,C4H12O2Si,120.060656,6,364,2,Inactive,0.0661173467739851,-24.98851617987379,0.863137822953,3.1106236219864316,0.4928474656946657
DTXSID4042335,Butyl (2S)-2-hydroxypropanoate,34451-19-9,C7H14O3,146.094294,0,354,0,Inactive,0.0192612468582923,-19.798428261057836,0.6838650260035937,16.65,1.2214142378423387
DTXSID6041682,Bromophenol blue,115-39-9,C19H10Br4O5S,665.698247,95,385,25,Inactive,7.89063903984506e-08,-4.086555672324775,0.1411552707250205,15.500000000000002,1.1903316981702916
DTXSID5025021,Dicyclohexyl phthalate,84-61-7,C20H26O4,330.183109,170,497,34,Inactive,-1.4428760948949264e-16,10.278218820043971,0.3550238578516554,0.5746869827399428,-0.2405686399782542
DTXSID4027527,"1,2,5,6,9,10-Hexabromocyclododecane",3194-55-6,C12H18Br6,635.650879,173,475,36,Inactive,0.0582579774090425,-24.574855630192797,0.8488494168818638,7.39287504193736,0.8688133655975296
DTXSID2022048,Flavone,525-82-6,C15H10O2,222.06808,70,373,19,Inactive,4.660535947166357e-08,-20.97195533510053,0.724400270136314,0.013600000045947,-1.866461090162537
DTXSID7027756,3-Phenoxybenzenemethanol,13826-35-2,C13H12O2,200.08373,49,411,12,Inactive,3.638337022701298e-09,-1.2639611501776675,0.0436589618850682,16.65,1.2214142378423387
DTXSID8020591,Ethyl methylphenylglycidate,77-83-8,C12H14O3,206.094294,12,354,3,Inactive,-0.0146432153058242,22.093573411103783,0.7631425058632162,0.0137183076731619,-1.862699461044667
DTXSID1026033,Sodium ethasulfate,126-92-1,C8H17NaO4S,232.074524,3,355,1,Inactive,3.8800068796816035e-12,-8.786288915441151,0.3034905406835667,3.3037966075776795,0.5190133028960361
DTXSID5044815,Dibutyl azelate,2917-73-9,C17H32O4,300.23006,7,472,1,Inactive,0.0,-4.818174229429015,0.1664263850267004,0.028132478200912,-1.5507920089803635
DTXSID7024586,Benzothiazole,95-16-9,C7H5NS,135.01427,8,422,2,Inactive,0.0001150431138071,-14.576715125049382,0.5034998504222805,16.65,1.2214142378423387
DTXSID6024676,Butyl acrylate,141-32-2,C7H12O2,128.08373,6,368,2,Inactive,2.8095131049556794e-08,-12.120658141620034,0.4186642538439955,8.393199871865527,0.9239275653286102
DTXSID1025726,2-Nitrobenzenamine,88-74-4,C6H6N2O2,138.042927,5,368,1,Inactive,-0.0220371895213656,17.341932358406748,0.5990142685498578,0.1171826131020096,-0.931136821713977
DTXSID1038795,"1,1,1,3,5,5,5-Heptamethyltrisiloxane",1873-88-7,C7H22O2Si3,222.09276,3,354,1,Inactive,0.0085041081071367,-23.23482364935179,0.8025628635585386,16.65,1.2214142378423387
DTXSID4047597,Poloxalene,9003-11-6,,,2,358,1,Inactive,0.0014332940409237,-19.861824147792543,0.6860548073922318,16.65,1.2214142378423387
DTXSID5021413,"Tris(2,3-dibromopropyl) phosphate",126-72-7,C9H15Br6O4P,691.580824,142,487,29,Inactive,0.0583459141088793,-23.150818702340253,0.799661216795726,14.5,1.1613680022349748
DTXSID2027412,"3,6,9,12-Tetraoxahexadecan-1-ol",1559-34-8,C12H26O5,250.178024,6,355,2,Inactive,0.0,5.915830845598935,0.2043409588737837,0.2965330053873468,-0.5279269607825268
DTXSID5027770,2-Acrylamido-2-methyl-1-propanesulfonic acid,15214-89-8,C7H13NO4S,207.056529,25,363,7,Inactive,-1.4895734146058354e-13,16.39264566268472,0.5662245964458499,0.1065058064855595,-0.9726267147050855
DTXSID8040484,Forskolin,66575-29-9,C22H34O7,410.230453,97,381,25,Inactive,0.6258436383641539,-29.3172629457542,1.0126587081757146,3.5817810663618994,0.5540990364050372
DTXSID2029167,Metam-sodium,137-42-8,C2H4NNaS2,128.968286,9,363,2,Inactive,-5.285871964921728e-12,14.90390847462184,0.5148015601117151,0.0987845587537464,-1.0053109356971226
DTXSID9026922,Tetraethylene glycol,112-60-7,C8H18O5,194.115424,10,364,3,Inactive,0.0,-8.239141046850095,0.284591298458475,0.0138000001324735,-1.8601209094297384
DTXSID6021907,Propanedinitrile,109-77-3,C3H2N2,66.021798,37,369,10,Inactive,0.0,-11.126020033691567,0.3843080813956721,0.0138000003459011,-1.8601209027130416
DTXSID9047590,2-Phenylethyl benzoate,94-47-3,C15H14O2,226.09938,14,358,4,Inactive,3.7462703417662785e-15,-16.601508382559913,0.573439002936873,0.5465514423378,-0.2623689552659385
DTXSID5047879,2-Hydroxybenzophenone,117-99-7,C13H10O2,198.06808,32,356,9,Inactive,0.0004288700952496,-22.320932258026662,0.7709957940996812,0.4474665080509881,-0.349239465181535
DTXSID5021758,Tris(2-butoxyethyl) phosphate,78-51-3,C18H39O7P,398.243341,48,505,10,Inactive,1.1123455330457809e-13,-12.328451034719176,0.4258417070422432,0.8805456647036141,-0.0552481167954538
DTXSID4024274,Propachlor,1918-16-7,C11H14ClNO,211.076392,225,478,47,Active,0.9968733062702664,-68.63361050298606,2.370699593546284,16.65,1.2214142378423387
DTXSID2026789,Propylene carbonate,108-32-7,C4H6O3,102.031694,9,354,3,Inactive,6.816328703995506e-10,-10.6974500516289,0.3695046829610537,3.2839420529012,0.5163954851321518
DTXSID7029110,"3,7-Dimethyl-3-octanol",78-69-3,C10H22O,158.167065,4,361,1,Inactive,0.0045682176964768,-22.741925378989684,0.7855374772988973,1.5023515706993595,0.176771575376624
DTXSID9032535,Trinexapac-ethyl,95266-40-3,C13H16O5,252.099774,2,357,1,Inactive,2.2606490536450332e-08,-12.866999353436729,0.4444439089507846,3.303782122643997,0.5190113988016543
DTXSID8027402,Dimethyl isophthalate,1459-93-4,C10H10O4,194.057909,25,366,7,Inactive,0.0032722980231179,-17.66000427176105,0.6100009112484045,16.65,1.2214142378423387
DTXSID5025102,3-(Dimethylamino)propylamine,109-55-7,C5H14N2,102.115698,1,360,0,Inactive,2.108734601091043e-11,-13.076723573658263,0.4516880728522943,0.6294303577579187,-0.2010523146658851
DTXSID0041274,"1-Phenyl-1H-pyrrole-2,5-dione",941-69-5,C10H7NO2,173.047678,156,379,41,Inactive,6.257950637603721e-15,-11.871333169159554,0.4100522253270449,0.2754147909854376,-0.5600127399292569
DTXSID4029353,Acetylcedrene,32388-55-9,C17H26O,246.198365,64,383,17,Inactive,0.0115402375695097,-25.645979631172462,0.88584751759594,0.0650363313144412,-1.186843965182004
DTXSID5028665,DINP branched,68515-48-0,,,6,383,2,Inactive,0.0030728573224713,-22.14669387181775,0.7649773598611435,3.30377877254955,0.5190109584190212
DTXSID9020114,Auramine hydrochloride,2465-27-2,C17H22ClN3,303.150225,155,408,38,Active,0.9999999999951243,-113.026498440531,3.904091187236445,3.1892642340331583,0.5036905025068651
DTXSID8027036,Neopentyl glycol,126-30-7,C5H12O2,104.08373,7,475,1,Inactive,0.0165585044425872,-25.33395172822973,0.875069643355312,16.55,1.2187979981117376
DTXSID8029650,Menthol,1490-04-6,C10H20O,156.151415,3,360,1,Inactive,2.5622422388856572e-08,-18.40110784516251,0.6355996510984974,0.1921013271678187,-0.7164696347235785
DTXSID3026065,"C.I. Acid Blue 1, sodium salt",129-17-9,C27H31N2NaO6S2,566.152123,72,360,20,Inactive,-4.0024480201e-06,1.1674874265682391,0.0403266263766686,16.65,1.2214142378423387
DTXSID4020379,Dehydroepiandrosterone,53-43-0,C19H28O2,288.20893,77,423,18,Inactive,0.1574796900605612,-24.456588186516136,0.8447642962157753,16.65,1.2214142378423387
DTXSID9027312,1-Phenoxy-2-propanol,770-35-4,C9H12O2,152.08373,5,365,1,Inactive,0.0,-11.827631705509347,0.4085427164821268,0.2496101785068813,-0.6027377091368762
DTXSID2034598,Fenoxaprop-P-ethyl,71283-80-2,C18H16ClNO5,361.0717,44,378,12,Inactive,0.899316630094002,-39.2788674221039,1.3567462697957406,4.0536677584125504,0.6078481507208251
DTXSID6028022,1-(Bromomethyl)-3-phenoxybenzene,51632-16-7,C13H11BrO,261.999328,54,405,13,Inactive,2.0263457342e-06,-18.884602229825347,0.6523002141725066,5.800020653802669,0.7634295400830335
DTXSID6023523,Propofol,2078-54-8,C12H18O,178.135765,22,363,6,Inactive,0.0,-10.7433732523374,0.3710909336690687,0.1797248946165097,-0.7453917623692677
DTXSID5047451,"C.I. Acid Yellow 11, sodium salt",6359-82-6,C16H13N4NaO4S,380.05552,31,371,8,Inactive,0.0,-9.546506151547264,0.3297494928126438,0.0661229349124785,-1.1796478782099893
DTXSID1029170,4-Methylpent-3-en-2-one,141-79-7,C6H10O,98.073165,11,391,3,Inactive,0.0,-10.32009446640529,0.356470300448522,1.5509005133348333,0.1905839397249693
DTXSID4024721,D-Camphor,464-49-3,C10H16O,152.120115,0,375,0,Inactive,6.022830601502325e-12,-14.581351452162842,0.5036599955570458,5.18470094667688,0.7147237113608149
DTXSID0034518,Desmedipham,13684-56-5,C16H16N2O4,300.111007,35,379,9,Inactive,3.236570087251747e-10,-12.800227856754258,0.442137529337567,1.4180628133681612,0.1516954684316724
DTXSID9041368,5-Ethyl-5-methylhydantoin,5394-36-5,C6H10N2O2,142.074228,1,360,0,Inactive,0.0002547933904262,-14.940502990437144,0.5160655851736866,30.570941791130124,1.485308818130428
DTXSID3020673,"C.I. Food Green 3, disodium salt",2353-45-9,C37H34N2Na2O10S3,808.117097,84,381,22,Inactive,-0.2989265026106397,26.216129490071133,0.9055412802997505,0.0907692047530947,-1.0420614694775394
DTXSID3032389,Farnesol,4602-84-0,C15H26O,222.198365,62,382,16,Inactive,-0.8865287067743016,34.52442881460838,1.1925214010801424,0.1856798039124855,-0.7312353311894204
DTXSID6021240,Retinol acetate,127-47-9,C22H32O2,328.24023,66,382,17,Inactive,-0.0067426485769269,20.825640407712086,0.7193463506885757,0.2390386911750979,-0.6215317977804787
DTXSID6041636,(+/-)-alpha-Methylbenzyl acetate,93-92-5,C10H12O2,164.08373,2,361,1,Inactive,5.239037655224153e-10,-15.640893998971883,0.5402580568663209,2.0754010622685457,0.3171020346863589
DTXSID8021640,Nonanedioic acid,123-99-9,C9H16O4,188.104859,0,360,0,Inactive,4.6522054766e-06,-17.50349483225066,0.6045948592876484,0.8384767397987041,-0.0765089806633651
DTXSID0038700,2-Methoxy-4-nitroaniline,97-52-9,C7H8N2O3,168.053492,36,381,9,Inactive,0.8463718893563932,-31.473124733022047,1.0871251485299709,3.038107474136971,0.4826031331209229
DTXSID0020107,Aspartame,22839-47-0,C14H18N2O5,294.121572,2,419,0,Inactive,0.0006641652857707,-23.618291028416813,0.8158083558621696,2.5289732217571994,0.4029442308055934
DTXSID3026647,4-Hydroxybenzoic acid,99-96-7,C7H6O3,138.031694,5,366,1,Inactive,0.7227088256483551,-30.235032102153788,1.0443597209899995,0.7472305334832972,-0.1265453901875207
DTXSID7024031,"(E)-1,2-Dichloroethylene",156-60-5,C2H2Cl2,95.953356,3,360,1,Inactive,0.0,-13.35499343731574,0.4612998978434954,4.362272154155891,0.6397127569238066
DTXSID1033371,Cyclopentanol,96-41-3,C5H10O,86.073165,4,362,1,Active,0.979929962554816,-35.916575059381465,1.2406080529764016,0.4746817087209711,-0.3235975029658606
DTXSID1022394,Biochanin A,491-80-5,C16H12O5,284.068473,152,431,35,Active,0.94652627529747,-32.02475856651253,1.1061793421715156,0.859577623738579,-0.0657148984543799
DTXSID0041721,C.I. Acid Yellow 3 disodium salt,8004-92-0,,,53,375,14,Active,0.907764780011848,-30.737692161256632,1.0617222929000878,0.6211561667863057,-0.2067991987813609
DTXSID6025018,Dicyclohexylamine,101-83-7,C12H23N,181.18305,6,370,2,Inactive,0.1237210045088978,-28.913272549289385,0.9987043225375868,3.376873863385499,0.528514838705077
DTXSID7026102,Tetrachlorophthalic anhydride,117-08-8,C8Cl4O3,283.860155,6,360,2,Inactive,1.96295726241e-05,-15.422459043245306,0.5327130121431561,16.65,1.2214142378423387
DTXSID9022607,Anastrozole,120511-73-1,C17H19N5,293.164046,12,359,3,Active,0.9443326402353974,-45.884374938470984,1.5849096123542246,29.96599745621896,1.4766287383155712
DTXSID8042399,Sodium abietate,14351-66-7,C20H29NaO2,324.206524,60,362,17,Inactive,-0.998985682107429,77.08304659689334,2.6625547730526837,4.205513082906989,0.6238189883579178
DTXSID7025429,6-Hydroxy-2-naphthyl disulfide,6088-51-3,C20H14O2S2,350.043522,169,408,41,Inactive,-0.9305936488875196,54.78695451197555,1.8924169928016297,4.277183572333681,0.6311578901307127
DTXSID2029612,Limonene,138-86-3,C10H16,136.125201,4,365,1,Inactive,4.190414068044936e-07,-8.443631655493604,0.2916546861958009,17.15,1.2342641243787893
DTXSID5026623,4-tert-Butylcyclohexanol,98-52-2,C10H20O,156.151415,7,361,2,Inactive,0.0005817193133851,-15.166611646245622,0.5238756900842994,16.65,1.2214142378423387
DTXSID6044430,"1,2-Diphenylethanone",451-40-1,C14H12O,196.088815,22,379,6,Inactive,3.0476906898678726e-09,-10.105332403659332,0.3490521225160227,0.9110144220879473,-0.0404747477430992
DTXSID8027826,Dicyclohexyl sodium sulfosuccinate,23386-52-9,C16H25NaO7S,384.121869,11,361,3,Inactive,0.0079710530159863,-21.808125250550248,0.7532827325940631,6.509782993936557,0.8135665114396644
DTXSID5034357,Lufenuron,103055-07-8,C17H8Cl2F8N2O3,509.978423,38,359,11,Active,0.999357914240129,-50.45847232906358,1.7429052466396628,5.683814986222906,0.754639932772287
DTXSID4026769,Hexamethyldisiloxane,107-46-0,C6H18OSi2,162.089618,2,354,1,Inactive,0.8926489799564472,-45.58029029138491,1.5744061091293833,4.481848765782063,0.651457197737985
DTXSID0038881,C.I. Acid Orange 7,633-96-5,C16H11N2NaO4S,350.033722,85,373,23,Inactive,0.0467744036749799,-25.388173344245665,0.8769425327765207,3.3037973959300593,0.51901340652743
DTXSID4020618,"4-(5,6,7,8-Tetrahydroimidazo(1,5-a)pyridin-5-yl)benzonitrile monohydrochloride",102676-31-3,C14H14ClN3,259.087625,24,405,6,Inactive,0.8476008639235308,-35.30893902135148,1.219619465929548,6.577813184381129,0.8180815349805486
DTXSID0022480,3-Ethylphenol,620-17-7,C8H10O,122.073165,6,361,2,Inactive,0.0062381323253206,-21.7217956520707,0.7503007891624616,3.3831531278821294,0.5293216552190168
DTXSID6020307,Chloromethyl methyl ether,107-30-2,C2H5ClO,80.002893,19,388,5,Inactive,1.60779987477e-05,-14.946022297918118,0.5162562296685035,5.85,0.7671558660821804
DTXSID2041389,2'-Acetonaphthone,93-08-3,C12H10O,170.073165,10,372,3,Inactive,0.0289654442908186,-24.782413171275262,0.8560187406967644,4.78064320180461,0.6794863318008436
DTXSID3020091,Aniline hydrochloride,142-04-1,C6H8ClN,129.034527,12,367,3,Inactive,0.1215028210924125,-26.801776503185017,0.9257703360899928,4.176693637309162,0.6208326207030727
DTXSID2040731,Diisopropyl phthalate,605-45-8,C14H18O4,250.120509,23,368,6,Inactive,0.0882550946936908,-27.163019750775693,0.9382481762321386,4.620930974771545,0.6647294812865643
DTXSID2025395,Hexamethyldisilazane,999-97-3,C6H19NSi2,161.105603,4,363,1,Inactive,0.418543721354816,-29.14287721190992,1.0066351843465708,9.4588794358271,0.9758396899258924
DTXSID4027496,"2,4-D sodium salt",2702-72-9,C8H5Cl2NaO3,241.951344,6,360,2,Inactive,0.1528285721985297,-27.99364234892266,0.9669390266971843,16.65,1.2214142378423387
DTXSID6023862,Aldicarb sulfone,1646-88-4,C7H14N2O4S,222.067428,5,363,1,Inactive,0.6773325393541282,-30.840576567171254,1.0652760622194717,6.477191964128638,0.8113867684027242
DTXSID1027926,n-Dodecylphenol,27193-86-8,C18H30O,,202,406,50,Active,0.9974292127135927,-66.0769315310001,2.2823883746653872,16.65,1.2214142378423387
DTXSID5038830,"alpha,alpha-Dimethylphenethyl butyrate",10094-34-5,C14H20O2,220.14633,8,355,2,Inactive,4.130484035728831e-10,-7.450637585616394,0.2573553010898789,16.65,1.2214142378423387
DTXSID6022391,Apigenin,520-36-5,C15H10O5,270.052823,169,424,40,Active,0.99993197837055,-64.10898395027087,2.2144127502509874,6.432652713683369,0.8083901053250937
DTXSID0037730,"1,4-Dihydroxy-2-naphthoic acid",31519-22-9,C11H8O4,204.042259,156,391,40,Inactive,4.76368677548e-05,-20.840575832568256,0.7198622408679859,3.3037797326754506,0.5190110846312614
DTXSID7047487,Sodium nonyl sulfate,1072-15-7,C9H19NaO4S,246.090175,10,360,3,Inactive,0.0,6.354733777760161,0.2195012716601207,0.0438164721825152,-1.3583625919360387
DTXSID9035175,Kinetin,525-79-1,C10H9N5O,215.08071,6,369,2,Inactive,5.475816176184141e-18,-10.777219988243251,0.3722600466221368,3.3173988322810493,0.520797687451461
DTXSID1022508,4-Dodecylphenol,104-43-8,C18H30O,262.229666,200,407,49,Active,0.9771144732043416,-51.92163918601252,1.7934450484603512,16.65,1.2214142378423387
DTXSID8042424,Sulfaquinoxaline,59-40-5,C14H12N4O2S,300.068097,11,361,3,Inactive,0.0662068262641547,-26.28113638486479,0.907786708129288,8.382130968971968,0.923354442307592
DTXSID5020443,"2,4-D Butyl ester",94-80-4,C12H14Cl2O3,276.032,9,373,2,Inactive,0.3217106186420033,-29.28059519887865,1.0113921536118928,8.221743629021539,0.9149639304548928
DTXSID4029698,Sodium persulfate,7775-27-1,Na2O8S2,237.882998,6,362,2,Inactive,0.019291433021043,-22.875142352925607,0.7901389753644787,4.944805708592409,0.6941492319607209
DTXSID6024123,Haloxyfop-methyl,69806-40-2,C16H13ClF3NO4,375.04852,48,376,13,Inactive,2.4904690005792292e-15,-10.619989691853403,0.3668290952702717,0.0138000056026372,-1.8601207372803623
DTXSID1021087,Oxazepam,604-75-1,C15H11ClN2O2,286.050905,31,370,8,Inactive,0.562984599673947,-31.830724699378344,1.0994771447120184,6.352950551477956,0.8029754749946607
DTXSID7041708,"C.I. Acid Orange 24, monosodium salt",1320-07-6,C20H17N4NaO5S,,47,368,13,Active,0.946718089360993,-43.275045855940526,1.4947797860191476,8.301880861093537,0.9191764965996048
DTXSID3026641,"1,3-Benzenedicarbonyl dichloride",99-63-8,C8H4Cl2O2,201.958835,9,364,2,Active,0.9630586366664852,-40.04430576576355,1.3831855661827452,8.273417912420754,0.9176849622548772
DTXSID2029298,"alpha-Sulfo-omega-(dodecyloxy)poly(oxy-1,2-ethanediyl) sodium salt",9004-82-4,(C2H4O)nC12H25NaO4S,,64,379,17,Inactive,0.4438984614612183,-30.54136014811359,1.0549407143069278,5.910411352715854,0.7716177079536224
DTXSID9041815,"3,3,5-Trimethylcyclohexanol",116-02-9,C9H18O,142.135765,4,354,1,Inactive,1.918809034807385e-13,-15.489867795388314,0.535041403439137,0.6924563776980263,-0.1596075804176715
DTXSID8040775,Terpineol,8000-41-7,,,4,356,1,Inactive,0.2451755677607968,-29.211549124831905,1.0090072069585114,3.303827448409137,0.5190173570016589
DTXSID9034361,Denatonium saccharide,90823-38-4,C28H33N3O4S,507.219178,17,485,4,Inactive,0.0,7.230022394716901,0.2497349480359942,0.0138000027267513,-1.860120827786232
DTXSID1027891,Calcium dodecylbenzene sulfonate,26264-06-2,,,156,499,31,Inactive,1.6952224120165408e-08,-4.1547731217053725,0.1435115955392645,16.65,1.2214142378423387
DTXSID2042276,o-Ethoxyphenol,94-71-3,C8H10O2,138.06808,11,361,3,Inactive,-0.0033080281279808,14.81797569029428,0.5118333231883672,0.011943099825116,-1.9228829376773264
DTXSID3036105,2-tert-Butylcyclohexyl acetate,88-41-5,C12H22O2,198.16198,3,357,1,Inactive,0.0,-7.116173051062102,0.2458024346398615,0.0138000023425006,-1.8601208398788336
DTXSID7029320,4-(Dimethylamino)benzoic acid 2-ethylhexyl ester,21245-02-3,C17H27NO2,277.204179,30,377,8,Inactive,8.016602671673941e-07,-17.977881851057298,0.6209808413804833,3.3037818195394415,0.5190113589574281
DTXSID5027774,Ethylenediaminetetraacetic acid ferric sodium salt,15708-41-5,C10H12FeN2NaO8,366.984071,4,363,1,Inactive,0.2281654257588991,-29.115125902935944,1.005676615848967,2.382593134038126,0.3770498859350397
DTXSID6041715,"C.I. Acid Violet 12, disodium salt",6625-46-3,C19H15N3Na2O9S2,539.00451,48,367,13,Inactive,0.0372950958620878,-26.94040546038161,0.9305587715237577,0.501969131749261,-0.299322988677983
DTXSID5020499,"N,N-Dimethylacetamide",127-19-5,C4H9NO,87.068414,5,375,1,Inactive,0.0,-12.171962269900527,0.4204363692138626,1.1185352070725796,0.0486496585235779
DTXSID0029761,Sodium dichloroisocyanurate dihydrate,51580-86-0,C3H4Cl2N3NaO5,254.94257,2,358,1,Inactive,1.1989329092553305e-15,-12.258455904619256,0.4234239786834695,9.468711000931949,0.976290861444188
DTXSID9021138,"1,4-Benzenediamine",106-50-3,C6H8N2,108.068748,66,382,17,Inactive,5.531608425458702e-16,-10.968708344076022,0.3788743186095014,0.637845114010664,-0.1952847668851804
DTXSID5022437,Nordihydroguaiaretic acid,500-38-9,C18H22O4,302.151809,154,395,39,Inactive,0.6332026671486021,-32.85441638440157,1.134836867795444,4.424197471441675,0.6458345032070135
DTXSID4021842,Cyclohexanone oxime,100-64-1,C6H11NO,113.084064,19,362,5,Inactive,0.0,-7.406741390676261,0.2558390659575559,0.935549744399132,-0.0289331155464517
DTXSID5022489,E-Cinnamic acid,140-10-3,C9H8O2,148.052429,10,389,3,Inactive,-9.338217063502385e-17,4.641609028264417,0.1603275793895247,0.1041593831059303,-0.9823016009195444
DTXSID4024193,Thitrol,94-81-5,C11H13ClO3,228.055322,11,363,3,Inactive,0.009418959270736,-17.84103953413375,0.6162541189665943,0.1304767357995418,-0.8844669167898174
DTXSID4034576,2-Bromo-4-hydroxyacetophenone,2491-38-5,C8H7BrO2,213.962942,34,369,9,Inactive,0.0066648466770797,-19.80338090617584,0.6840360971986275,4.516316375432103,0.6547843573653543
DTXSID4021921,"2-Butyne-1,4-diol",110-65-6,C4H6O2,86.036779,11,360,3,Inactive,-0.0026070158213699,4.098814548443709,0.1415787092184861,16.65,1.2214142378423387
DTXSID9048198,4-Propylcyclohexanone,40649-36-3,C9H16O,140.120115,2,360,1,Inactive,0.000534039693298,-8.649651900053428,0.2987709096679586,16.65,1.2214142378423387
DTXSID1030606,Acesulfame potassium,55589-62-3,C4H4KNO4S,200.94981,4,354,1,Inactive,3.667648189008147e-13,-10.732307405602612,0.3707087040564321,0.6659304924594664,-0.1765710986324674
DTXSID2044713,Acid Red 337,67786-14-5,C17H11F3N3NaO4S,433.032006,41,373,11,Inactive,6.007499868222233e-12,-15.811921920156248,0.5461655972137605,0.6255193575666113,-0.2037592459157576
DTXSID0026258,Tris(2-chloroethyl) phosphite,140-08-9,C6H12Cl3O3P,267.958964,1,357,0,Inactive,7.466302070252042e-13,-14.123105974459104,0.4878315645627386,0.7688322634899062,-0.1141684001032592
DTXSID5048184,Melengestrol acetate,2919-66-6,C25H32O4,396.23006,84,404,21,Inactive,0.693690703842935,-36.24022575919197,1.2517873946556268,0.5596034221487478,-0.2521196383264339
DTXSID8041298,gamma-Caprolactone,695-06-7,C6H10O2,114.06808,5,356,1,Inactive,3.680604822667143e-17,-8.629502315349061,0.2980749152139485,4.56636907613472,0.6595710103629155
DTXSID3047180,Triisodecyl trimellitate,36631-30-8,,,7,358,2,Inactive,0.0,-11.250461081069467,0.3886064468506909,3.7480470315421823,0.5738050318985294
DTXSID6027345,Triphenylborane,960-71-4,C18H15B,242.12668,75,409,18,Inactive,0.0037472903595981,-23.6437635055321,0.8166882103635031,5.950447323227264,0.7745496149229946
DTXSID2044553,Sodium 2-methylbenzenesulfonate,15046-75-0,C7H7NaO3S,194.00136,3,354,1,Inactive,0.0133533753412735,-19.03738754014424,0.6575776295731881,16.65,1.2214142378423387
DTXSID5042299,4-Isopropylphenol,99-89-8,C9H12O,136.088815,16,363,4,Inactive,0.1387853829025853,-28.102539045254595,0.9707004688221244,1.7834983782416032,0.251272718764901
DTXSID2041250,"1,4-Bis(N-isopropylamino)anthraquinone",14233-37-5,C20H22N2O2,322.168128,53,363,15,Inactive,0.0004777248074689,-26.16958358324959,0.903933520463507,2.870328343091508,0.4579315794644724
DTXSID3040776,Morin hydrate,654055-01-3,C15H14O9,338.063782,44,378,12,Inactive,1.3861464219e-06,-6.165566751813749,0.2129671816095323,16.65,1.2214142378423387
DTXSID6041426,"3,4-Dihydro-2H-pyran",110-87-2,C5H8O,84.057515,0,354,0,Inactive,9.319054388111552e-12,-16.806614747293757,0.5805236597390548,4.403333204120563,0.6437815501507935
DTXSID2038788,"1,4-Cyclohexanedicarboxylic acid",1076-97-7,C8H12O4,172.073559,7,366,2,Inactive,0.5338272611110865,-31.324221575893144,1.081981828056281,3.3037846446415027,0.5190117303275059
DTXSID9037539,Endosulfan I,959-98-8,C9H6Cl6O3S,403.816881,103,398,26,Inactive,0.8602268748045239,-38.12118030766071,1.3167581597203597,2.098449980887679,0.3218986217327049
DTXSID6025141,"1,3-Dimethylolurea",140-95-4,C3H8N2O3,120.053492,3,363,1,Inactive,5.1931886769e-05,-21.185653201217576,0.7317816892490874,1.217049333248106,0.0853081827684259
DTXSID5022934,Digoxin,20830-75-5,C41H64O14,780.429607,107,370,29,Active,1.0,-116.4795134262968,4.023363088616426,0.0147567770423174,-1.8310084843543135
DTXSID5047033,gamma-Cyclodextrin,17465-86-0,C48H80O40,1296.422587,2,359,1,Inactive,4.4000793086e-06,-18.373790752932017,0.6346560810462578,3.661937438349207,0.5637109204102957
DTXSID7040285,2-Hydroxyacetophenone,118-93-4,C8H8O2,136.052429,0,357,0,Inactive,0.0009368748299913,-17.531672570468313,0.6055681572396298,16.65,1.2214142378423387
DTXSID6042494,Trimethoxypropylsilane,1067-25-0,C6H16O3Si,164.086871,1,356,0,Inactive,3.972341693116007e-07,-3.7559964047295074,0.1297372975834652,16.65,1.2214142378423387
DTXSID1040611,"3-Oxa-2,4-disilaheptan-1-ol, 2,2,4-trimethyl-4-(trimethylsiloxy)-, monoether with polyethylene glycol",27306-78-1,(C2H4O)nC11H30O3Si3,,90,363,25,Inactive,0.0,-4.918361651420891,0.1698869968006396,0.0138000025477903,-1.8601208334182415
DTXSID1048207,Diphenyl phosphate,838-85-7,C12H11O4P,250.039496,3,360,1,Inactive,-1.8575058538430462e-10,4.158589460162938,0.1436434171346007,16.65,1.2214142378423387
DTXSID4048193,"4,4'-Di-tert-butylbiphenyl",1625-91-8,C20H26,266.203451,6,359,2,Inactive,0.0002082579068815,-16.89561180982925,0.5835977410591761,16.65,1.2214142378423387
DTXSID1025857,"1,10-Phenanthroline",66-71-7,C12H8N2,180.068748,122,367,33,Active,0.9999999748271736,-89.44415161616686,3.089524393770797,3.5717587740144365,0.5528821202467336
DTXSID5041275,1-Monolaurin,142-18-7,C15H30O4,274.214409,37,364,10,Inactive,0.6891435811945448,-31.195546281447943,1.077537205866,10.396146001293712,1.0168723700124076
DTXSID4041818,2-sec-Butylcyclohexan-1-one,14765-30-1,C10H18O,154.135765,0,354,0,Inactive,0.6669000397403972,-33.140551824528984,1.144720380649248,9.3021201645347,0.9685819454160122
DTXSID4032619,Halofenozide,112226-61-6,C18H19ClN2O2,330.113506,37,360,10,Inactive,0.5542277832888813,-29.07143780551972,1.0041675686922105,6.254871332940017,0.7962183803813352
DTXSID3021853,1-Piperazineethanol,103-76-4,C6H14N2O,130.110613,21,358,6,Inactive,0.0542984513480668,-27.66383371559279,0.9555469814987296,1.3881675978400572,0.1424419030230495
DTXSID3034531,Thiophanate,23564-06-9,C14H18N4O4S2,370.076947,39,364,11,Active,0.9357046846900732,-35.87411581501623,1.2391414520993496,4.346413110283372,0.6381310020098209
DTXSID8020969,Nitroethane,79-24-3,C2H5NO2,75.032028,4,356,1,Inactive,0.0,-9.85419632070797,0.3403775357441131,4.311178552893732,0.6345960100797408
DTXSID6025226,Econazole nitrate,24169-02-6,C18H16Cl3N3O4,443.020639,184,376,49,Active,0.9727692701578194,-40.4147816155321,1.3959823131413915,7.103867896878918,0.8514948767302906
DTXSID8027793,N-(Cyclohexylthio)phthalimide,17796-82-6,C14H15NO2S,261.08235,145,361,40,Inactive,1.4384300227156688e-12,-17.219149047675597,0.5947731636056273,0.5824843380202629,-0.2347157475600041
DTXSID1048203,Ethyl 4-chlorophenyl ketone,6285-05-8,C9H9ClO,168.034193,2,356,1,Inactive,-6.7909053412e-06,10.865837414175587,0.3753210147702391,16.65,1.2214142378423387
DTXSID5034981,Tributyltin benzoate,4342-36-3,C19H32O2Sn,412.142432,211,374,56,Active,0.9999999999999992,-122.85393382984078,4.243544363490744,1.064960246839069,0.0273333966004324
DTXSID1048209,tert-Butyl phenyl ketone,938-16-9,C11H14O,162.104465,3,358,1,Inactive,0.0008798382878011,-18.81168995788031,0.6497817237099203,16.65,1.2214142378423387
DTXSID5021415,Triisopropanolamine,122-20-3,C9H21NO3,191.152144,2,354,1,Inactive,0.0677748569759788,-24.699061851898342,0.8531396711341948,16.65,1.2214142378423387
DTXSID1041425,(2E)-2-Hexenal,6728-26-3,C6H10O,98.073165,6,356,2,Inactive,0.0926279910988456,-28.860539472273928,0.9968828493070396,3.28399740208483,0.5164028048844711
DTXSID5035589,Didecylmethyl(3-(trimethoxysilyl)propyl)ammonium chloride,68959-20-6,C27H60ClNO3Si,509.403099,160,377,42,Active,0.9997551424435712,-95.14664871132852,3.286496510589719,16.12059224613515,1.2073809930834407
DTXSID3042394,Sodium 1-naphthalenesulfonate,130-14-3,C10H7NaO3S,230.00136,2,355,1,Inactive,5.271342606708897e-09,-16.084881918438555,0.5555940121294248,0.0138000032218019,-1.8601208122066883
DTXSID0027852,Chlorotoluene,25168-05-2,C7H7Cl,,1,356,0,Inactive,8.395238486155704e-15,-10.89801595126098,0.3764325058346053,0.889734770421065,-0.0507394370737088
DTXSID5021251,Saccharin,81-07-2,C7H5NO3S,182.999014,11,515,2,Inactive,3.307415844727799e-09,-10.00281705417568,0.3455111009149141,16.65,1.2214142378423387
DTXSID1022396,Chrysin,480-40-0,C15H10O4,254.057909,127,423,30,Inactive,0.0004913691137501,-23.051237132246307,0.7962215319821733,4.256844790470392,0.6290878155820941
DTXSID9041653,Methyl 3-methylorsellinate,4707-47-5,C10H12O4,196.073559,47,405,12,Active,0.9899773807962644,-45.3998938554568,1.5681749673579128,4.231550202560825,0.6264994976548172
DTXSID1029128,Tetrahydrofurfuryl alcohol,97-99-4,C5H10O2,102.06808,1,359,0,Inactive,-3.204807036310026e-10,0.7986685918277614,0.0275871150031059,16.75,1.224014811372864
DTXSID5032654,"N,N'-Bis(1-formamido-2,2,2-trichloroethyl)piperazine",26644-46-2,C10H14Cl6N4O2,431.924792,19,376,5,Inactive,0.1575644582434445,-25.625840404105123,0.8851518809090023,16.65,1.2214142378423387
DTXSID9047594,Sodium 4-octylbenzenesulfonate,6149-03-7,C14H21NaO3S,292.11091,55,368,15,Inactive,4.69677572763747e-08,-11.04121057085641,0.3813786455464034,0.0138000013462079,-1.8601208712327744
DTXSID6032516,2-Hydroxyethyl octyl sulfide,3547-33-9,C10H22OS,190.139137,19,361,5,Inactive,1.1984541829e-06,-2.5152591864112437,0.0868805223445044,16.65,1.2214142378423387
DTXSID3021483,Phenylacetaldehyde,122-78-1,C8H8O,120.057515,27,364,7,Inactive,0.0018597889609534,-13.319117542901294,0.4600606949561179,16.75,1.224014811372864
DTXSID7042011,N-Dodecanoyl-N-methylglycine,97-78-9,C15H29NO3,271.214744,59,480,12,Inactive,1.3536469864431545e-07,-11.50253795011398,0.3973135296721644,16.25,1.2108533653148932
DTXSID8024993,"Dichloro-1,3,5-triazinetrione",2782-57-2,C3HCl2N3O3,196.939496,5,362,1,Inactive,3.76305668518674e-08,-15.57461836430624,0.5379688050112545,4.234277023822423,0.626779267944556
DTXSID5047796,Formalin,NOCAS_47796,,,1,359,0,Inactive,0.0,-11.728218767543284,0.4051088564549155,0.6359414691830116,-0.1965828541323868
DTXSID6021082,C.I. Acid Orange 10,1936-15-8,C16H10N2Na2O7S2,451.972482,31,362,9,Inactive,0.0,-6.082422906267847,0.2100952784793164,0.8865101199267157,-0.0523163023605883
DTXSID1021243,Rhodamine 6G,989-38-8,C28H31ClN2O3,478.202321,220,377,58,Active,1.0,-111.26811392043656,3.843354160049093,0.01380000001531,-1.8601209131169456
DTXSID0029559,Diazolidinyl urea,78491-02-8,C8H14N4O7,278.086249,4,359,1,Inactive,-1.4740473830306665e-13,4.610174019881993,0.1592417708323296,16.65,1.2214142378423387
DTXSID3047712,Cornmint oil,68917-18-0,,,9,354,3,Inactive,-3.949139801251879e-11,11.196716696458031,0.3867500416605811,4.1483047895948655,0.6178706579330835
DTXSID5026912,2-[2-(2-Methoxyethoxy)ethoxy]ethanol,112-35-6,C7H16O4,164.104859,1,419,0,Inactive,-3.79226652264419e-16,15.043882679459813,0.5196364622549137,0.3783298290211377,-0.4221294158614401
DTXSID1021031,4-Nitrosodiphenylamine,156-10-5,C12H10N2O,198.079313,184,374,49,Inactive,2.2931448622752334e-11,-8.498763346893067,0.2935590108762946,1.0453845192524338,0.0192760644885116
DTXSID4029692,Potassium nitrate,7757-79-1,KNO3,100.951524,9,478,2,Inactive,0.000264297151623,-14.101314286916162,0.4870788496112427,3.3236215811680827,0.5216115702967448
DTXSID7020425,Dichlone,117-80-6,C10H4Cl2O2,225.958835,174,375,46,Inactive,0.0,-5.952761142772291,0.2056165822871055,4.4226324796817575,0.6456808510408928
DTXSID5032315,"4,5-Dichloro-2-octyl-3(2H)-isothiazolone",64359-81-5,C11H17Cl2NOS,281.040791,161,376,43,Inactive,0.0107306182589177,-21.20701383471351,0.7325195149991185,16.65,1.2214142378423387
DTXSID6047448,Potassium chlorate,3811-04-9,ClKO3,121.917303,4,366,1,Inactive,3.243984430869383e-18,-8.739105122045885,0.30186074736504,1.0885078223411415,0.0368315543577164
DTXSID9021764,1-Amino-2-propanol,78-96-6,C3H9NO,75.068414,1,360,0,Inactive,0.0005934861198819,-21.48363178693951,0.742074280690503,3.303783560079506,0.5190115877578718
DTXSID1025809,Oleic acid,112-80-1,C18H34O2,282.25588,33,374,9,Inactive,0.0,-6.180500713569308,0.213483021251429,0.0138000055658582,-1.8601207384378176
DTXSID7026811,Benzenethiol,108-98-5,C6H6S,110.019021,27,369,7,Inactive,3.884765279812732e-07,-13.772759351602746,0.4757301088718749,0.9813044538805812,-0.0081962300034453
DTXSID7027540,N-Butylbenzenesulfonamide,3622-84-2,C10H15NO2S,213.08235,17,420,4,Inactive,8.302016791307087e-09,-11.541514847389603,0.3986598454765033,4.889660931375429,0.6892787444532386
DTXSID3032591,"1-Bromo-3-chloro-5,5-dimethylhydantoin",16079-88-2,C5H6BrClN2O2,239.930118,8,369,2,Inactive,0.0087454278737351,-19.590926336819717,0.6766976232712256,16.65,1.2214142378423387
DTXSID2042062,Isobornyl propanoate,2756-56-1,C13H22O2,210.16198,0,360,0,Inactive,-4.656334364911738e-09,10.141696954418196,0.3503082042676855,0.4485294413307363,-0.3482090447317549
DTXSID7029164,"Sodium 1,4-diisobutyl sulfosuccinate",127-39-9,C12H21NaO7S,332.090568,5,355,1,Inactive,-0.0003908173271474,18.172773647080977,0.6277126728874203,0.3997027597241069,-0.3982628531689328
DTXSID2040151,Imidazolidinyl urea,39236-46-9,C11H16N8O8,388.10911,14,355,4,Inactive,0.0,-3.6035668049478,0.1244721689154754,0.013800004944192,-1.8601207580020296
DTXSID5024263,Phosphoric acid,7664-38-2,H3O4P,97.976896,5,363,1,Active,0.9999997686370312,-99.42368377217262,3.4342312021791295,8.689113422457574,0.9389754662787022
DTXSID3020047,Allyl isothiocyanate,57-06-7,C4H5NS,99.01427,6,357,2,Inactive,2.8938860362e-06,-9.161781800733074,0.3164605829706813,17.15,1.2342641243787893
DTXSID5044788,Naphthalene-2-sulfonic acid,120-18-3,C10H8O3S,208.019415,16,359,4,Inactive,0.0,-7.488808713977805,0.2586737845242841,0.0138000022012744,-1.8601208443233104
DTXSID4022109,gamma-Decanolactone,706-14-9,C10H18O2,170.13068,6,361,2,Inactive,0.8491211707576793,-37.064564643617274,1.2802611969797293,6.907325422217025,0.8393099172402426
DTXSID3032412,Imazamethabenz-methyl,81405-85-8,C16H20N2O3,,5,357,1,Inactive,0.0011271327516576,-20.8599750834988,0.7205323177582894,1.049209174868064,0.0208620796472051
DTXSID0021888,2-Pentanone,107-87-9,C5H10O,86.073165,3,359,1,Inactive,0.0096757224044173,-23.231472386228702,0.8024471063068721,1.9038048892116528,0.2796224378086252
DTXSID3041611,Ascorbyl palmitate,137-66-6,C22H38O7,414.261754,50,371,13,Inactive,0.0001956745541263,-20.67553073864275,0.7141613556279622,0.9309816478549188,-0.0310588800432509
DTXSID1040794,Sodium 2-phenylphenate tetrahydrate,6152-33-6,C12H17NaO5,264.097368,55,384,14,Inactive,-0.0006023869277529,6.375431744406356,0.220216207982948,17.0,1.230448921378274
DTXSID4023202,"4,4'-(1H-1,2,4-Triazol-1-ylmethylene)dibenzonitrile",112809-51-5,C17H11N5,285.101445,12,387,3,Inactive,-5.479265704e-06,4.933461863549802,0.1704085789597905,11.8,1.0718820073061257
DTXSID5041273,Pyrazolone T,118-47-8,C10H8N2O6S,284.010307,4,362,1,Inactive,-1.280201184242287e-12,10.873062269174644,0.3755705712293001,0.8393083961669191,-0.076078432325089
DTXSID6047103,Octadecyl sulfate sodium salt,1120-04-3,C18H37NaO4S,372.231025,111,370,30,Inactive,-0.0006223920692314,19.72411806192237,0.6812982492072727,0.2714046655320284,-0.566382690952629
DTXSID5041514,(4Z)-4-Decenal,21662-09-9,C10H18O,154.135765,7,372,2,Inactive,0.0122744986046232,-23.061017507293545,0.796559359629288,3.303778949685804,0.5190109817042655
DTXSID3022320,Triphenylethylene,58-72-0,C20H16,256.125201,65,436,15,Inactive,0.266808853494785,-27.364109160868995,0.9451940818792548,0.1815759448585425,-0.7409416872421086
DTXSID1044435,Procaine hydrochloride,51-05-8,C13H21ClN2O2,272.129156,6,361,2,Inactive,0.0379747014609765,-23.06599022883352,0.7967311242916341,1.1806826963168588,0.0721331984144904
DTXSID3036288,2-Octyl-1-dodecanol,5333-42-6,C20H42O,298.323566,3,359,1,Inactive,0.0029783526068599,-7.807414473777976,0.2696788670155644,16.65,1.2214142378423387
DTXSID3041794,Cloquintocet-mexyl,99607-70-2,C18H22ClNO3,335.128821,54,380,14,Inactive,-2.2453990472327134e-09,10.338533179352432,0.3571071990317228,0.0707083543590129,-1.150529270253066
DTXSID5044578,"Sodium 2,5-dimethylbenzenesulfonate",827-19-0,C8H9NaO3S,208.01701,0,355,0,Inactive,-3.4068181232e-06,8.735832965829825,0.301747722575078,16.65,1.2214142378423387
DTXSID5044784,1-Methyltrimethylene dimethacrylate,1189-08-8,C12H18O4,226.120509,7,357,2,Inactive,1.4023781419548424e-08,-5.2009448481323,0.1796478102661879,16.65,1.2214142378423387
DTXSID4020664,"3-Chloro-1,2-propanediol",96-24-2,C3H7ClO2,110.013457,5,360,1,Inactive,6.531820241628959e-09,-1.4637959691548603,0.0505615322242028,16.55,1.2187979981117376
DTXSID0025864,4-Ethoxyaniline,156-43-4,C8H11NO,137.084064,23,368,6,Inactive,-7.393060969490162e-15,11.2353953742215,0.3880860565515472,0.842096266209722,-0.0746382582700633
DTXSID8034324,Phoxim,14816-18-3,C12H15N2O3PS,298.054101,75,412,18,Inactive,-4.5701756474e-06,16.43281022628509,0.5676119358835473,0.2157387452372378,-0.6660718515054861
DTXSID2025135,"1,3-Dimethyl-4-nitrobenzene",89-87-2,C8H9NO2,151.063329,15,355,4,Inactive,-0.0027814916027023,20.921097203083832,0.7226435600926938,0.128939275112048,-0.8896147756924828
DTXSID1027550,Sodium chloroacetate,3926-62-3,C2H2ClNaO2,115.964101,2,363,1,Inactive,-0.1417637918796876,26.640487660087764,0.9201991969356922,0.2017201475604225,-0.6952507228217788
DTXSID8044888,Barium bis(2-ethylhexanoate),2457-01-4,C16H30BaO4,424.119656,5,354,1,Inactive,3.410958431205614e-07,-13.096240021412548,0.4523621978825743,8.29146956321255,0.9186315108436374
DTXSID8026488,Camphene,79-92-5,C10H16,136.125201,3,362,1,Inactive,5.30576592960878e-07,-7.432056779100101,0.2567134943987677,16.65,1.2214142378423387
DTXSID2047517,"Hexanedioic acid, di-C7-9-branched and linear alkyl esters",68515-75-3,,,16,362,4,Inactive,0.169040894982276,-27.612802257764837,0.9537842845424688,16.65,1.2214142378423387
DTXSID9044904,C.I. Acid Blue 22,28631-66-5,,,13,364,4,Inactive,0.0261262549254024,-22.627074980473676,0.7815703860868055,17.209136030860495,1.2357590675124306
DTXSID2029616,Imidazole,288-32-4,C3H4N2,68.037448,6,357,2,Inactive,2.780225949598556e-07,-3.5994608918576674,0.1243303450128339,16.8,1.2253092817258628
DTXSID0025101,3-Dimethylaminophenol,99-07-0,C8H11NO,137.084064,40,361,11,Inactive,0.0012770644289258,-18.739806370935952,0.6472987654464288,0.0137999703874596,-1.8601218455246105
DTXSID9027364,"N,N-Dimethyloctanamide",1118-92-9,C10H21NO,171.162314,1,355,0,Inactive,0.0,16.315652647374336,0.5635651514776402,4.255590868418345,0.6289598683167751
DTXSID0041357,"Ethyl (2E,4Z)-deca-2,4-dienoate",3025-30-7,C12H20O2,196.14633,121,367,33,Inactive,-4.8335978482099214e-08,20.94307643058266,0.7234027529329956,0.2879731597353432,-0.5406479883589517
DTXSID8041957,Ethyl orthoformate,122-51-0,C7H16O3,148.109944,2,362,1,Inactive,0.0702940037025403,-26.547918296633576,0.9170017234135012,3.583324144679955,0.5542860958798943
DTXSID3041293,2-((Dimethylamino)methyl)phenol,120-65-0,C9H13NO,151.099714,3,357,1,Inactive,0.0298109492439166,-22.081907942561493,0.7627395644861116,4.607686327550701,0.6634829064284776
DTXSID1041346,"2,4-D-ethyl ester",533-23-3,C10H10Cl2O3,248.0007,5,360,1,Inactive,6.49959018012e-05,-6.736566490406571,0.2326903003304707,16.65,1.2214142378423387
DTXSID8041610,Arabinose,147-81-9,C5H10O5,150.052823,3,365,1,Inactive,0.1039046326780832,-25.552453906601183,0.8826170100413709,0.6963177883764688,-0.1571925100447792
DTXSID3032416,Cybutryne,28159-98-0,C11H19N5S,253.136117,43,373,12,Inactive,0.0322704102679436,-23.216359270702043,0.8019250784465615,0.3642066108676421,-0.4386521754074346
DTXSID8041379,"2,6-Di-tert-butyl-4-methoxyphenol",489-01-0,C15H24O2,236.17763,37,363,10,Inactive,0.0208006292903363,-23.874478802371087,0.8246574350106212,0.3407291398883161,-0.467590723046359
DTXSID0022353,"3-Chloro[1,1′-biphenyl]-4-ol",92-04-6,C12H9ClO,204.034193,115,414,28,Active,0.9367878991267032,-32.60775643671798,1.126316892910949,0.5984343353291075,-0.2229834966673621
DTXSID7037262,Pregnenolone carbonitrile,1434-54-4,C22H31NO2,341.235479,28,374,7,Inactive,0.0471218542291995,-27.841573567108057,0.9616863611795622,0.3382005388615638,-0.4708257047677943
DTXSID0044818,2-Butyloctan-1-ol,3913-02-8,C12H26O,186.198365,45,475,9,Inactive,0.0001269246791258,-21.45674343014992,0.7411455197518746,0.1517498254803665,-0.8188717997120614
DTXSID1020354,Cyanoguanidine,461-58-5,C2H4N4,84.043596,1,357,0,Inactive,0.0423827135660462,-25.16526959093727,0.869243129619737,0.7243035883522462,-0.1400793632077899
DTXSID2021234,FD&C Red 4,4548-53-2,C18H14N2Na2O7S2,480.003782,49,362,14,Inactive,4.6203620244438275e-12,-14.21062378980508,0.4908545506441678,1.102528461043653,0.0423898093096426
DTXSID1025148,"3,5-Dimethylphenol",108-68-9,C8H10O,122.073165,3,359,1,Inactive,9.7023583947e-06,-25.00254826260413,0.8636225104491353,4.663952718582068,0.6687541390573497
DTXSID7041413,R-(-)-Carvone,6485-40-1,C10H14O,150.104465,4,365,1,Inactive,0.1276274880438508,-26.475135625241972,0.9144877095328268,16.65,1.2214142378423387
DTXSID2021943,2-Undecanone,112-12-9,C11H22O,170.167065,3,359,1,Inactive,0.7214365182969351,-35.749555811669644,1.2348389777410609,16.9,1.2278867046136734
DTXSID3047425,4-Butylphenol,1638-22-8,C10H14O,150.104465,61,415,15,Active,0.999091276972746,-62.08357439294767,2.1444523098906196,8.1316513267838,0.91017874845835
DTXSID4034601,"(2R,6S)-Fenpropimorph",67564-91-4,C20H33NO,303.256215,65,375,17,Inactive,0.0124354455826843,-20.151488148323807,0.6960602015903787,5.49527297263369,0.7399892704745284
DTXSID8042189,"N,N-Diisopropylaniline",4107-98-6,C12H19N,177.15175,1,360,0,Inactive,9.888565021200482e-14,-13.728708508927282,0.4742085319934219,4.233767918455764,0.6267270477087824
DTXSID9040710,Octamethyltrisiloxane,107-51-7,C8H24O2Si3,236.10841,0,355,0,Inactive,9.61400992739e-05,-16.049204917182138,0.5543616792861183,0.8811390147274317,-0.0549555688112045
DTXSID6041422,7-(Dimethylamino)-4-methylcoumarin,87-01-4,C12H13NO2,203.094629,96,409,23,Active,0.9732510078819038,-34.01975412333268,1.175089240995422,0.1770686786308179,-0.7518582536083962
DTXSID7030060,"2,2-Dichloropropane",594-20-7,C3H6Cl2,111.984656,5,357,1,Active,0.9035162666950556,-32.241071761074394,1.113651098336874,0.4131858175125085,-0.3838545939330691
DTXSID5041643,Sodium 2-formylbenzenesulfonate,1008-72-6,C7H5NaO4S,207.980624,4,369,1,Inactive,0.0597110876021614,-25.591626082175356,0.8839700710275473,0.530930173648303,-0.2749625922768847
DTXSID0023296,C.I. Basic Blue 9,61-73-4,C16H18ClN3S,319.090997,169,385,44,Active,0.9999897970838412,-105.23255739107913,3.634877710885009,9.899063999020498,0.9955941320442112
DTXSID9044663,C.I. Acid Red 1,3734-67-6,C18H13N3Na2O8S2,508.993945,42,361,12,Inactive,0.0003427821945808,-20.276080629955075,0.7003637977934274,0.8975532397543471,-0.0469397811387611
DTXSID5023875,Ammonium sulfamate,7773-06-0,H6N2O3S,114.009913,6,359,2,Inactive,4.6201193157e-06,-17.826441943339034,0.6157498980417417,1.2555765214302128,0.098843186043108
DTXSID7042196,Butyl lactate,138-22-7,C7H14O3,146.094294,1,362,0,Inactive,0.6653853213695049,-32.266892023427204,1.1145429658201156,4.49383536702965,0.6526171578694379
DTXSID9034282,4-Chlorophenoxyacetic acid,122-88-3,C8H7ClO3,186.008372,0,363,0,Inactive,0.6609859945923611,-35.20814865637857,1.2161380276732252,16.65,1.2214142378423387
DTXSID7035010,Sodium warfarin,129-06-6,C19H15NaO4,330.086803,8,365,2,Inactive,0.0001230043869307,-17.328346082256296,0.5985449798280255,0.0138000001929057,-1.8601209075279015
DTXSID8027246,2-Pyrrolidinone,616-45-5,C4H7NO,85.052764,7,365,2,Inactive,1.45067720724e-05,-9.704771635271976,0.3352162009631972,16.65,1.2214142378423387
DTXSID8020466,"N,N'-Diethylthiourea",105-55-5,C5H12N2S,132.07212,2,358,1,Inactive,8.300702643170556e-12,-14.359167882836,0.4959854685485491,0.6984350157188867,-0.1558739956021936
DTXSID1032309,"2,4-D-Butotyl",1929-73-3,C14H18Cl2O4,320.058215,9,359,3,Inactive,2.1028016886177902e-11,-7.6651665741962205,0.2647654283191314,0.291693946380419,-0.5350725838397351
DTXSID0020652,Gemfibrozil,25812-30-0,C15H22O3,250.156895,23,391,6,Inactive,6.591986449035671e-10,-0.5022311822219053,0.0173477579109427,16.65,1.2214142378423387
DTXSID6042369,Rhodamine B,81-88-9,C28H31ClN2O3,478.202321,129,367,35,Inactive,0.7904396610030864,-34.128299975704934,1.1788385644859711,3.999941759077117,0.6020536678540693
DTXSID2036112,2-(8-Heptadecenyl)-2-imidazoline-1-ethanol,95-38-5,C22H42N2O,350.329714,157,376,42,Inactive,0.8977805830515317,-36.1266875738434,1.2478656290966643,3.303783921924811,0.5190116353237635
DTXSID8042422,Styrene glycol,93-56-1,C8H10O2,138.06808,3,355,1,Inactive,0.0207947224280026,-24.392591496014887,0.8425537622361733,0.2279431904211229,-0.6421733773892139
DTXSID3042007,Glyceryl monoricinoleate,1323-38-2,,,52,364,14,Inactive,0.0003745440375322,-22.077152280298577,0.7625752973506494,0.5511293832098606,-0.2587464341465044
DTXSID5021916,2-Heptanone,110-43-0,C7H14O,114.104465,27,355,8,Inactive,1.3557677176012306e-08,-18.83702034005054,0.6506566700558177,1.3287762570465778,0.1234518594149074
DTXSID2042060,Isoborneol,124-76-5,C10H18O,154.135765,1,363,0,Inactive,0.0020695043630585,-18.480623134464125,0.6383462188900877,6.502603081517261,0.8130872455090936
DTXSID1040792,Pyridoxine hydrochloride,58-56-0,C8H12ClNO3,205.050571,1,366,0,Inactive,1.1497844359e-06,-14.855360016367708,0.5131246293862747,0.900408513707406,-0.0455604072314171
DTXSID6025272,Ethyl anthranilate,87-25-2,C9H11NO2,165.078979,13,368,4,Inactive,0.0822994371936462,-24.453903873576465,0.844671576343567,16.65,1.2214142378423387
DTXSID9025403,Hexyl benzoate,6789-88-4,C13H18O2,206.13068,13,356,4,Inactive,0.0007430906420598,-11.383438926912929,0.3931996851020581,16.65,1.2214142378423387
DTXSID1022055,tert-Butyl acetate,540-88-5,C6H12O2,116.08373,1,357,0,Inactive,0.0055556023361892,-17.738926285338724,0.612726986478008,16.65,1.2214142378423387
DTXSID8042503,Tripropylene glycol butyl ether,55934-93-5,C13H28O4,248.198759,2,354,1,Inactive,0.0036004614485892,-15.75564838895636,0.5442218318112805,16.65,1.2214142378423387
DTXSID9034317,Benzalkonium chloride,8001-54-5,,,181,392,46,Active,0.9999999999977948,-124.44969289179862,4.298664082996345,3.3127884039960063,0.5201936973031358
DTXSID6025436,8-Hydroxyquinoline sulfate,134-31-6,C18H16N2O6S,388.072907,94,366,26,Active,0.9998133976706076,-81.6918049658676,2.8217476453496317,9.50394596662282,0.9779039585226134
DTXSID1042154,Methyl red,493-52-7,C15H15N3O2,269.116427,108,366,30,Active,0.9586562387256377,-42.951618531437695,1.4836081600312176,3.3037991667474773,0.5190136393068455
DTXSID8027454,"N,N-Dimethylacetoacetamide",2044-64-6,C6H11NO2,129.078979,4,366,1,Inactive,0.0,-8.29978669988305,0.2866860829808384,0.0463397846080766,-1.334045989185257
DTXSID5041487,"3,7-Dimethyloctan-3-yl acetate",20780-48-7,C12H24O2,200.17763,3,356,1,Inactive,-9.53728063885923e-10,1.8868196171833092,0.0651733526295693,16.65,1.2214142378423387
DTXSID8044202,Octyl acetate,112-14-1,C10H20O2,172.14633,3,355,1,Inactive,0.0,3.2617690702819546,0.1126660036167388,0.1662971326739491,-0.7791152389020513
DTXSID8029105,4-Toluenesulfonamide,70-55-3,C7H9NO2S,171.0354,3,359,1,Inactive,0.0001001083822827,-5.14027987828071,0.1775523585142594,16.55,1.2187979981117376
DTXSID2029325,Methyl (2-pentyl-3-oxocyclopentyl)acetate,24851-98-7,C13H22O3,226.156895,7,371,2,Inactive,0.0156727254865085,-18.308906182665243,0.6324148784746376,16.65,1.2214142378423387
DTXSID1041639,Sodium m-xylene-4-sulfonate,827-21-4,C8H9NaO3S,208.01701,8,359,2,Inactive,0.039419510642082,-18.922232437654188,0.6536000134654639,16.65,1.2214142378423387
DTXSID3035214,1-Octen-3-ol,3391-86-4,C8H16O,128.120115,14,355,4,Inactive,5.155544595482657e-08,-9.886053077188643,0.3414779120624645,31.299605606940457,1.4955388652202957
DTXSID4041492,3-Phenylhexane,4468-42-2,C12H18,162.140851,12,362,3,Inactive,2.817133421375993e-18,-9.553221423846043,0.3299814475822181,4.469387689062364,0.650248028394469
DTXSID1041267,1-Ethoxy-2-propanol,1569-02-4,C5H12O2,104.08373,4,357,1,Inactive,0.0,11.672349132689126,0.4031790421894316,0.2404530026264682,-0.6189697953588809
DTXSID0027721,4-(2-Phenylpropan-2-yl)-N-[4-(2-phenylpropan-2-yl)phenyl]aniline,10081-67-1,C30H31N,405.24565,48,375,13,Active,0.9926863890258184,-54.40988880179505,1.8793926229729976,11.389937982530828,1.05652135938042
DTXSID3027877,Diisodecylphenyl phosphite,25550-98-5,,,27,360,8,Inactive,0.0114189550240285,-18.75850924007183,0.6479447883488179,16.65,1.2214142378423387
DTXSID8024072,Diphenamid,957-51-7,C16H17NO,239.131014,10,366,3,Inactive,2.91004579246713e-12,-16.618956533569644,0.5740416861441786,0.0827154414406078,-1.082413408144499
DTXSID0023113,2-Methoxyphenol,90-05-1,C7H8O2,124.052429,2,363,1,Inactive,4.2133457167e-06,-12.495670793134826,0.4316177081939186,16.75,1.224014811372864
DTXSID6041424,"2,6-Dimethyl-2-heptanol",13254-34-7,C9H20O,144.151415,0,474,0,Inactive,4.989428922735381e-10,-7.321739722152084,0.252902991058622,16.65,1.2214142378423387
DTXSID0026880,"1,2-Ethanediol diacetate",111-55-7,C6H10O4,146.057909,5,365,1,Inactive,1.4417009820013795e-10,-6.971576445564236,0.2408078684008167,16.65,1.2214142378423387
DTXSID3041790,Citronellal,106-23-0,C10H18O,154.135765,1,362,0,Inactive,0.7219537260356281,-34.12797943513402,1.178827492572435,4.4380630350454835,0.6471934663452924
DTXSID7029611,Ethylenebis(oxyethylene) dibenzoate,120-56-9,C20H22O6,358.141638,18,392,5,Active,1.0,-101.58241927949776,3.5087969047887415,0.1948719688866697,-0.7102506269334734
DTXSID0029210,Butyltin trichloride,1118-46-3,C4H9Cl3Sn,281.879185,7,358,2,Inactive,0.3016970544602289,-29.933888058367877,1.0339577902599957,16.65,1.2214142378423387
DTXSID5026706,"1,2-Diphenoxyethane",104-66-5,C14H14O2,214.09938,24,493,5,Inactive,0.5686117015984719,-32.37043527767766,1.1181194926699645,7.29125753503448,0.8628024382530494
DTXSID1026879,Hexamethyleneimine,111-49-9,C6H13N,99.104799,3,361,1,Inactive,4.8283387675e-06,-17.224310197028895,0.5949514368246002,3.2839435723584054,0.5163956860771493
DTXSID1024255,Phenmedipham,13684-63-4,C16H16N2O4,300.111007,32,377,8,Inactive,0.0007706788795875,-19.308922382564273,0.6669568176392279,30.97120532735847,1.490958107417958
DTXSID2044391,2-Isopropylphenol,88-69-7,C9H12O,136.088815,5,364,1,Inactive,4.08313229066e-05,-17.572470265964483,0.6069773659264756,4.600049479867429,0.6627625031419693
DTXSID0047957,Octylparaben,1219-38-1,C15H22O3,250.156895,154,406,38,Inactive,0.6656323450461463,-34.094710039723516,1.1776783217565734,16.65,1.2214142378423387
DTXSID5041726,C.I. Direct Red 81 disodium salt,2610-11-9,C29H19N5Na2O8S2,675.047043,82,500,16,Inactive,1.28086324e-05,-6.142211471317552,0.2121604580003017,16.65,1.2214142378423387
DTXSID8024311,Sodium fluoroacetate,62-74-8,C2H2FNaO2,99.993652,2,363,1,Inactive,2.1986026906861308e-10,-3.912497657324161,0.1351430667568571,16.65,1.2214142378423387
DTXSID8026228,Triethyl phosphate,78-40-0,C6H15O4P,182.070796,8,355,2,Inactive,2.76547305569142e-08,-5.297753534040766,0.1829917158345095,16.65,1.2214142378423387
DTXSID0027014,2-Octanol,123-96-6,C8H18O,130.135765,8,372,2,Inactive,0.0,-4.065941222153605,0.1404432191764596,0.2037472680046307,-0.6909082058933507
DTXSID7022679,Biotin,58-85-5,C10H16N2O3S,244.088164,0,364,0,Inactive,0.1623316943902547,-23.57623807540976,0.8143557888491476,5.52875754781183,0.7426275452731231
DTXSID1041891,Diphenylmethane,101-81-5,C13H12,168.0939,8,363,2,Active,0.9840915287078628,-49.46286910699724,1.7085157378175475,9.266706111928375,0.966925389848382
DTXSID4034497,Metconazole,125116-23-6,C17H22ClN3O,319.14514,121,468,26,Inactive,0.0060130246355964,-22.045554324768176,0.7614838603741618,3.3039001085758932,0.5190269082155083
DTXSID9032531,Bromuconazole,116255-48-2,C13H12BrCl2N3O,374.95408,110,437,25,Inactive,4.224398060055067e-16,-6.789360716682081,0.2345138857408215,0.7919224888996867,-0.1013173238278044
DTXSID2024666,"1,4-Butanediol",110-63-4,C4H10O2,90.06808,2,476,0,Inactive,-0.5897294388228469,34.40260023647454,1.18831327391697,16.55,1.2187979981117376
DTXSID2020929,Niacinamide,98-92-0,C6H6N2O,122.048013,3,359,1,Inactive,-0.9865814775897748,48.55121096138435,1.6770258077465716,11.605656452150022,1.064669710538024
DTXSID4025612,2-Methylpentanedinitrile,4553-62-2,C6H8N2,108.068748,1,355,0,Inactive,-0.7439772115908032,37.47207781198042,1.2943372640192337,16.65,1.2214142378423387
DTXSID6027713,Poly(oxyethylene) monoleate,9004-96-0,(C2H4O)nC18H34O2,,42,362,12,Inactive,-0.939154348725744,43.10201460254443,1.4888030478133225,5.8358662531997485,0.7661053301434633
DTXSID9022100,4-Propylphenol,645-56-7,C9H12O,136.088815,17,378,4,Inactive,0.0,-5.77399925376114,0.1994419000211643,0.1627030844393251,-0.7886042138591994
DTXSID8042052,1H-Indene,95-13-6,C9H8,116.0626,14,361,4,Inactive,1.4633423875691195e-11,-12.456419927602443,0.4302619291480253,0.5316367214446538,-0.2743850289144314
DTXSID5021914,5-Methyl-2-hexanone,110-12-3,C7H14O,114.104465,19,366,5,Inactive,4.703916688891915e-10,-0.3578489259377016,0.0123605955894535,16.55,1.2187979981117376
DTXSID3021356,dl-alpha-Tocopheryl acetate,52225-20-4,C31H52O3,472.391646,3,361,1,Inactive,-8.721044241804034e-09,1.8861281466370945,0.0651494682829519,16.65,1.2214142378423387
DTXSID0022014,Hydroquinone dimethyl ether,150-78-7,C8H10O2,138.06808,1,355,0,Inactive,0.0837643879505143,-23.756238434328885,0.8205732495743004,16.65,1.2214142378423387
DTXSID6024200,m-Cresol,108-39-4,C7H8O,108.057515,3,371,1,Inactive,0.3878731333445561,-30.35627079885691,1.0485474728347564,8.282323301958783,0.9181521792593588
DTXSID4038924,Hexyl salicylate,6259-76-3,C13H18O3,222.125594,68,475,14,Inactive,0.0,8.894142289048014,0.307215945002217,3.905462210244217,0.5916724398726252
DTXSID2041709,"C.I. Acid Orange 8, monosodium salt",5850-86-2,C17H13N2NaO4S,364.049372,46,370,12,Inactive,-5.5070311079e-06,18.55790237984852,0.6410155506399361,0.4182477360711701,-0.3785664011472994
DTXSID5026548,"2,4,6-Tris(dimethylaminomethyl)phenol",90-72-2,C15H27N3O,265.215413,4,357,1,Inactive,-0.0113322402493269,22.117730828733755,0.7639769363956739,0.6657555841779641,-0.1766851821289687
DTXSID4025296,2-Ethyl-2-hexenal,645-62-5,C8H14O,126.104465,5,367,1,Inactive,-1.1707213938469396e-09,16.133139164996663,0.5572608840011297,0.3901561720005727,-0.4087615184560216
DTXSID7028774,Alkyl (C12-C14) glycidyl ether,68609-97-2,,,24,358,7,Inactive,0.0,7.194765128688024,0.2485171134265126,0.1785417675594211,-0.748260170035423
DTXSID1027429,Cyclododecanol,1724-39-6,C12H24O,184.182715,34,361,9,Inactive,5.7826531477711844e-08,-15.92400820206452,0.550037212024852,1.238357342654829,0.092845983577275
DTXSID9044823,Sodium methacrylate,5536-61-8,C4H5NaO2,108.018724,0,354,0,Inactive,0.5745401391346014,-30.984130893677996,1.070234626704237,5.20141138668209,0.7161212040729336
DTXSID9024691,Butyl glycidyl ether,2426-08-6,C7H14O2,130.09938,18,369,5,Inactive,3.8645937584e-06,-17.131763089605588,0.5917547320564199,1.17832063855935,0.0712634845165184
DTXSID9021348,Thiourea,62-56-6,CH4N2S,76.009519,5,367,1,Inactive,6.6912139956e-05,-20.82503469134579,0.7193254284096389,3.3037785752794107,0.5190109324870986
DTXSID4042096,L-Glucitol,6706-59-8,C6H14O6,182.079038,7,356,2,Inactive,-9.822958120936235e-09,10.048515763135386,0.3470895973682174,0.3209754457097755,-0.4935281894039307
DTXSID4044901,Triallyl trimellitate,2694-54-4,C18H18O6,330.110338,20,366,5,Inactive,-9.637303510140033e-14,9.102449608271884,0.3144111671885138,0.3412207148535671,-0.4669646115211715
DTXSID5021968,3-Ethoxy-4-hydroxybenzaldehyde,121-32-4,C9H10O3,166.062994,2,358,1,Inactive,-0.0468040781925777,24.40717187248029,0.8430573885543425,0.454631109646342,-0.3423408495492995
DTXSID7025502,Linalool,78-70-6,C10H18O,154.135765,7,486,1,Inactive,-0.0018728426218279,19.689629824192984,0.6801069778962053,3.303801431223265,0.5190139369789958
DTXSID7042356,2-(3-Phenylpropyl)pyridine,2110-18-1,C14H15N,197.120449,20,370,5,Inactive,1.1472685145926082e-09,-1.790547040810209,0.0618479650242148,16.65,1.2214142378423387
DTXSID1040372,Epoxiconazole,133855-98-8,C17H13ClFN3O,329.073118,78,391,20,Inactive,0.0031132227141319,-16.578056966181972,0.5726289586616581,16.65,1.2214142378423387
DTXSID0042169,Monotridecyl phosphate,5116-94-9,C13H29O4P,280.180346,44,385,11,Inactive,2.33088078015e-05,-19.268231131340173,0.6655512856843897,9.192565569020562,0.963436736301276
DTXSID5026461,2-Methylpropanenitrile,78-82-0,C4H7N,69.057849,6,354,2,Inactive,3.7694396022406726e-11,-16.74952232790485,0.5785516088087899,1.703148555130638,0.231252530440415
DTXSID6042074,Isopropyl-o-cresol,499-75-2,C10H14O,150.104465,20,374,5,Inactive,6.944890856727598e-13,-19.402709131065976,0.6701963413204619,1.152189949936752,0.0615240827408403
DTXSID9029223,"1,1-Bis(3,4-dimethylphenyl)ethane",1742-14-9,C18H22,238.172151,45,387,12,Inactive,0.0003149711215081,-22.445371797354653,0.7752941074645757,1.260849215947323,0.1006631527130391
DTXSID6021793,1-Naphthol,90-15-3,C10H8O,144.057515,57,503,11,Inactive,1.720320862984333e-07,-20.076249345284957,0.6934613495341351,0.6799248875155961,-0.1675390619103492
DTXSID1041265,2-Hexyl-1-decanol,2425-77-6,C16H34O,242.260966,33,468,7,Inactive,0.0003723778135544,-24.363503745347884,0.8415490311987402,1.2136458318782153,0.0840919686982225
DTXSID4044828,Ethyl undec-10-enoate,692-86-4,C13H24O2,212.17763,7,355,2,Inactive,2.2449177715e-06,-19.288779033161383,0.6662610385611331,0.981655414009421,-0.008040933859657
DTXSID1041188,1-Phenyl-2-nitropropene,705-60-2,C9H9NO2,163.063329,126,371,34,Active,0.9865582729447316,-46.185644557342975,1.595315880620945,6.314374334467259,0.8003303245588227
DTXSID4048195,4-(Hexyloxy)phenol,18979-55-0,C12H18O2,194.13068,122,368,33,Active,0.9852097737855116,-49.24677058342641,1.701051396684379,10.408036082658048,1.0173687891715275
DTXSID4027525,Potassium 2-ethylhexanoate,3164-85-0,C8H15KO2,182.070911,3,365,1,Inactive,0.0,-8.47835705191163,0.2928541492951576,0.013800017969892,-1.860120348075584
DTXSID0034229,gamma-Nonanolactone,104-61-0,C9H16O2,156.11503,2,360,1,Inactive,4.25804867387271e-07,-11.28595303545268,0.3898323879197067,0.0590967664213222,-1.2284362816195205
DTXSID8037754,"2,4,6-Tris(allyloxy)-1,3,5-triazine",101-37-1,C12H15N3O3,249.111341,25,375,7,Inactive,-5.5745917089836154e-11,1.2223594965849442,0.0422219833764288,16.65,1.2214142378423387
DTXSID5027356,Tris(2-methoxyethoxy)vinylsilane,1067-53-4,C11H24O6Si,280.134215,10,358,3,Inactive,-1.91906978526953e-09,0.4481577041588254,0.0154799853789964,16.65,1.2214142378423387
DTXSID8041955,Ethyl diethanolamine,139-87-7,C6H15NO2,133.110279,3,359,1,Inactive,3.889915074207532e-16,-11.735325996679872,0.4053543499544105,0.2305995921307228,-0.6371414651919401
DTXSID2025688,Morpholine,110-91-8,C4H9NO,87.068414,1,357,0,Inactive,0.0009479808409298,-22.86969250539955,0.7899507301123314,0.2878221172026788,-0.5408758364938732
DTXSID0042325,4-Propylanisole,104-45-0,C10H14O,150.104465,1,358,0,Inactive,0.0026694913560267,-22.457444056958213,0.7757110999661446,0.2574013717443226,-0.5893891429817391
DTXSID7025003,"2,5-Dichlorophenol",583-78-8,C6H4Cl2O,161.96392,11,484,2,Inactive,9.67632654164565e-15,-3.9852829921299575,0.1376571726355319,0.4253798792847084,-0.3712230563286436
DTXSID5025023,Dicyclopentadiene,77-73-6,C10H12,132.0939,5,475,1,Inactive,-1.2012811494978353e-08,3.0783402248984277,0.1063301182391733,16.4,1.2148438480476975
DTXSID2025050,Diethylenetriamine,111-40-0,C4H13N3,103.110947,4,477,1,Inactive,7.042438801719634e-08,-10.161093052276922,0.3509781722465384,16.75,1.224014811372864
DTXSID1021871,4-Chlorophenol,106-48-9,C6H5ClO,128.002893,13,362,4,Inactive,1.95763848265e-05,-21.033836910570912,0.7265377451247419,1.271768955875408,0.1044082195652254
DTXSID9041289,Myristyltrimethylammonium chloride,4574-04-3,C17H38ClN,291.269278,177,375,47,Active,0.9999999992729718,-115.20297593096129,3.9792697224193088,6.51591819433299,0.813975623215847
DTXSID6029755,"1,2-Propanediol monobutyl ether",29387-86-8,,,1,362,0,Inactive,-0.0363792240924131,23.295589986333503,0.8046618166709875,0.3287256683732479,-0.4831663829350439
DTXSID1027134,Bis(2-ethylhexyl) phosphate,298-07-7,C16H35O4P,322.227297,165,483,34,Inactive,0.0,23.189488530754865,0.8009969260179741,4.117510905633991,0.6146347581151111
DTXSID2023723,Tromethamine,77-86-1,C4H11NO3,121.073893,2,364,1,Inactive,-0.0445527543336615,20.59047125286957,0.7112232836414832,2.5981523069582946,0.4146646063723909
DTXSID9047205,2-Ethylhexyl trans-4-methoxycinnamate,83834-59-7,C18H26O3,290.188195,9,355,3,Inactive,-1.57929378918e-05,6.02538074597339,0.2081249635675111,16.65,1.2214142378423387
DTXSID2022628,Atenolol,29122-68-7,C14H22N2O3,266.163043,1,365,0,Inactive,-0.0403530637603973,22.440316382942132,0.775119486476329,31.11383139624861,1.492953493969322
DTXSID3022247,Nerolidol,7212-44-4,C15H26O,222.198365,69,355,19,Inactive,-0.6344268960659774,37.76612273247054,1.304493981236667,16.55,1.2187979981117376
DTXSID4026842,Methyl decanoate,110-42-9,C11H22O2,186.16198,7,362,2,Inactive,-0.977145926749574,46.57837516733514,1.6088813377003317,5.471738841993966,0.7381253609731062
DTXSID2027094,Bis(2-ethylhexyl) maleate,142-16-5,C20H36O4,340.26136,47,471,10,Inactive,-0.2540927840736627,28.6500192419225,0.9896111901174696,1.3946163996605463,0.1444547678818092
DTXSID4021553,Decanal,112-31-2,C10H20O,156.151415,24,475,5,Inactive,-0.9994847893338896,70.6957056179617,2.4419272036792794,7.6313752348921025,0.8826028083489157
DTXSID1024049,Diflubenzuron,35367-38-5,C14H9ClF2N2O2,310.032062,12,360,3,Inactive,7.4034826640660584e-09,-17.5614034720426,0.6065951035966899,1.6145523002768731,0.2080521177048439
DTXSID8021224,C.I. Acid Red 114,6459-94-5,C37H28N4Na2O10S3,830.076295,99,378,26,Active,0.9969517714445872,-47.32185082641361,1.6345620126622329,2.547536396598011,0.4061203974787622
DTXSID7042061,Isobornyl acetate,125-12-2,C12H20O2,196.14633,2,358,1,Inactive,1.036111451146698e-11,-13.448927361080091,0.4645445051613439,3.2457875366798494,0.5113200882975301
DTXSID2027963,Isooctadecanoic acid,30399-84-9,,,22,372,6,Inactive,0.0,-11.200891588700753,0.3868942481983164,4.13923214566962,0.6169197841577221
DTXSID7044394,4-tert-Butylcyclohexanone,98-53-3,C10H18O,154.135765,28,358,8,Inactive,0.0,-6.394215044221637,0.2208650090719656,0.0138000198730177,-1.8601202881831296
DTXSID7041544,Tonalide,21145-77-7,C18H26O,258.198365,98,449,22,Inactive,1.3591308633585682e-13,-12.771701833881083,0.4411522011530912,4.532980122107797,0.6563838146073699
DTXSID2042191,"N,N'-Dimethylthiourea",534-13-4,C3H8N2S,104.040819,22,365,6,Inactive,0.0,-6.782228533607334,0.2342675302978761,0.9972745147357718,-0.001185279175943
DTXSID1022479,2-Ethylphenol,90-00-6,C8H10O,122.073165,16,361,4,Inactive,5.648950579476032e-16,-12.751619902335642,0.4404585435325245,4.39987641604389,0.643440478171653
DTXSID0042167,Monopotassium phthalate,877-24-7,C8H5KO4,203.98249,3,366,1,Inactive,1.4486108272977983e-14,-12.928227668359227,0.4465588194186519,4.585589584859329,0.6613951823156327
DTXSID4041521,4-Morpholinepropanamine,123-00-2,C7H16N2O,144.126263,2,359,1,Inactive,1.8380020385070847e-12,-12.60126015887849,0.4352649105575539,1.6654759434854762,0.2215383640239143
DTXSID7020843,"Methyl (9Z,12Z)-octadecadienoate",112-63-0,C19H34O2,294.25588,188,493,38,Inactive,6.2683814820672e-10,-16.008927561719023,0.5529704438618742,0.4524905832708562,-0.344390454416919
DTXSID1032511,"1,3,5-Triethylhexahydro-s-triazine",7779-27-3,C9H21N3,171.173548,26,476,5,Inactive,0.0,-6.405290715082268,0.2212475780234621,0.8847337357506532,-0.053187412345342
DTXSID1041421,"5,7-Dimethoxy-2H-chromen-2-one",487-06-9,C11H10O4,206.057909,17,370,5,Active,0.9932382635303892,-45.518792538415816,1.5722818918996704,0.2495989836206085,-0.6027571874545974
DTXSID6044303,Atorvastatin calcium,134523-03-8,C66H68CaF2N4O10,1154.452942,100,434,23,Active,0.9999993997481756,-112.28525110903372,3.8784874817833934,4.963868934069647,0.6958203058722634
DTXSID5029217,1-Propoxy-2-propanol,1569-01-3,C6H14O2,118.09938,7,360,2,Inactive,-0.0133640430407754,20.12511684983451,0.6951493005587749,0.2618650329285126,-0.5819224894329221
DTXSID3020043,Allantoin,97-59-6,C4H6N4O3,158.04399,1,366,0,Inactive,0.0,-11.39742864476404,0.3936829092568185,4.110109651066591,0.6138534083037884
DTXSID5037494,Desethylatrazine,6190-65-4,C6H10ClN5,187.062473,3,372,1,Inactive,4.577320482517403e-07,-6.276094880613582,0.216784975662634,16.65,1.2214142378423387
DTXSID0035748,Chloroallyl methenamine chloride,51229-78-8,C9H16Cl2N4,250.075202,36,360,10,Inactive,6.2735754705e-06,-10.797353612000464,0.3729554897630125,16.65,1.2214142378423387
DTXSID9032533,Chlorfenapyr,122453-73-0,C15H11BrClF3N2O,405.969538,238,435,55,Active,0.9999999331239032,-117.03777567539235,4.042646236877518,7.974964818462878,0.9017287758444364
DTXSID0020575,Estragole,140-67-0,C10H12O,148.088815,6,355,2,Inactive,0.0,-8.401575052725617,0.290201993115001,0.4382153116401425,-0.3583124518674014
DTXSID5027198,N-Methylphthalimide,550-44-7,C9H7NO2,161.047678,1,366,0,Inactive,3.0640057383e-06,-13.535851705892451,0.4675469919517914,2.0308054451509427,0.3076683191977226
DTXSID8022113,"3,4-Dichloro-1-butene",760-23-6,C4H6Cl2,123.984656,24,469,5,Active,0.907418752536712,-36.18036859302658,1.2497198455574636,4.526022749071727,0.6557167325112175
DTXSID2025347,Furfuryl alcohol,98-00-0,C5H6O2,98.036779,21,467,4,Inactive,3.1686666289829403e-15,-11.678564877931322,0.4033937426053251,1.2223370760142125,0.0871909850117323
DTXSID3044833,Terpinyl propionate,80-27-3,C13H22O2,210.16198,10,363,3,Inactive,0.0,-7.7923446905513885,0.2691583359126794,4.314758209700947,0.6349564637511531
DTXSID2041703,Butylnaphthalenesulfonic acid sodium salt,25638-17-9,,,18,365,5,Inactive,0.5293656316208396,-29.70264483438886,1.0259703302811338,3.3037788403815864,0.5190109673358043
DTXSID0026171,Tolyltriazole,29385-43-1,C7H7N3,,12,365,3,Inactive,0.5929510820893047,-29.140717249623155,1.006560576269307,2.5579917993379127,0.4078991478408363
DTXSID3041299,Dihydrojasmone lactone,7011-83-8,C11H20O2,184.14633,7,355,2,Inactive,0.7957360252204217,-33.4586778964901,1.1557088940607914,6.146512116924012,0.7886287421046317
DTXSID2047696,Cremophor EL,61791-12-6,,,17,363,5,Inactive,0.0005896121761583,-20.000745505619648,0.6908533427471697,0.2363641258990868,-0.6264184377160334
DTXSID1024598,Benzyl salicylate,118-58-1,C14H12O3,228.078644,42,377,11,Inactive,2.423729421657948e-09,-13.102826847320328,0.4525897159365991,0.0138000007284563,-1.8601208906737936
DTXSID9027863,Polypropylene glycol,25322-69-4,(C3H6O)nH2O,,2,358,1,Inactive,8.3218387134e-06,-4.764973466471564,0.1645887572784983,16.5,1.2174839442139065
DTXSID2034700,"Acetic acid, 2-(4-chloro-2-methylphenoxy)-, sodium salt (1:1)",3653-48-3,C9H8ClNaO3,222.005966,3,360,1,Inactive,1.101756003e-06,-11.060546736830773,0.3820465433952885,16.65,1.2214142378423387
DTXSID9020372,Mitotane,53-19-0,C14H10Cl4,317.953661,160,417,38,Inactive,0.7812191775436065,-33.56269973233984,1.1593019517793297,5.89540782845263,0.7705138537941508
DTXSID3041247,"1,3-Diphenyl-1,3-propanedione",120-46-7,C15H12O2,224.08373,73,363,20,Inactive,0.0022439636660555,-20.46513703147182,0.7068940667235978,5.272793588401796,0.7220407705401324
DTXSID6021959,"2,4,6-Tribromophenol",118-79-6,C6H3Br3O,327.773404,84,489,17,Inactive,1.974794444413415e-09,-13.402834826018756,0.4629524054111687,8.053253466326469,0.9059713681964398
DTXSID9047178,2-Ethylhexyl octadecanoate,22047-49-0,C26H52O2,396.396731,4,465,1,Inactive,1.2827013987218022e-09,-5.979955538271956,0.2065559142249902,16.65,1.2214142378423387
DTXSID0025234,Eosin,17372-87-1,C20H6Br4Na2O5,687.674414,96,370,26,Inactive,-2.33067380751678e-09,15.10730890099444,0.5218272914493909,0.4368823645894145,-0.3596354858834368
DTXSID6032518,"4,5-Dichloro-3H-1,2-dithiol-3-one",1192-52-5,C3Cl2OS2,185.876762,238,493,48,Inactive,0.0,-25.413445558689943,0.8778154699289157,4.010153338797507,0.6031609793334991
DTXSID6034764,Nicosulfuron,111991-09-4,C15H18N6O6S,410.100853,5,465,1,Inactive,5.3516624905e-06,-11.040910487619884,0.3813682802574196,16.65,1.2214142378423387
DTXSID9025297,2-Ethylhexyl acrylate,103-11-7,C11H20O2,184.14633,41,474,9,Inactive,3.5342124180355363e-08,-5.820663747487374,0.201053756012698,16.65,1.2214142378423387
DTXSID0041484,(3Z)-3-Hexenyl acetate,3681-71-8,C8H14O2,142.09938,2,363,1,Inactive,1.1619091357340194e-08,-12.09881307958197,0.4179096952638028,0.0138000048142877,-1.860120762090197
DTXSID7041675,(+/-)-Bornyl acetate,76-49-3,C12H20O2,196.14633,0,358,0,Inactive,0.0012563113661327,-18.738136577256945,0.6472410884691124,0.0138000094263264,-1.8601206169465772
DTXSID0020151,Benzyl acetate,140-11-4,C9H10O2,150.06808,13,365,4,Inactive,0.010749246845791,-25.77952300862319,0.8904602900892286,4.47203453678519,0.6505051488759771
DTXSID3041877,Dimethylbenzylcarbinyl acetate,151-05-3,C12H16O2,192.11503,3,359,1,Inactive,0.0,-20.11158425370259,0.6946818660188395,4.149897765506894,0.6180373978149561
DTXSID5044570,"1,2-Ethanediamine dihydroiodide",5700-49-2,C2H10I2N2,315.89334,6,357,2,Inactive,5.031969670419386e-09,-7.695261928989924,0.2658049633931891,0.4970264345460596,-0.3036205125298757
DTXSID2032639,Pyridate,55512-33-9,C19H23ClN2O2S,378.116877,31,365,8,Inactive,0.0,-21.548350781550106,0.7443097640505308,4.274589024535186,0.630894366325857
DTXSID7047433,Equilin,474-86-2,C18H20O2,268.14633,137,571,24,Inactive,0.0042832717808252,-21.26892415714557,0.7346579829472619,0.8514066637528073,-0.0698629550283356
DTXSID8027377,Dimethylaniline,1300-73-8,C8H11N,,15,467,3,Inactive,4.6410756149563426e-11,-9.045994117257225,0.3124611166430003,1.079596606224642,0.0332615106564062
DTXSID3041954,3-Octanone,106-68-3,C8H16O,128.120115,1,355,0,Inactive,-4.4944570389207723e-07,3.877695021233619,0.1339409356926521,16.8,1.2253092817258628
DTXSID3021726,Salicylamide,65-45-2,C7H7NO2,137.047678,1,359,0,Inactive,-4.5293687950993525e-12,9.96990477192715,0.34437426528034,0.2221456585089012,-0.6533621699497892
DTXSID8021804,Benzocaine,94-09-7,C9H11NO2,165.078979,17,365,5,Inactive,0.0008531528635354,-16.853006489149273,0.582126094504686,16.65,1.2214142378423387
DTXSID3020889,4-Methylstyrene,622-97-9,C9H10,118.07825,6,355,2,Inactive,-1.0556816610885924e-09,14.431908378306014,0.4984980256147057,0.1212360097501767,-0.9163683660358374
DTXSID2041208,Decyl beta-D-glucopyranoside,58846-77-8,C16H32O6,320.219889,18,356,5,Inactive,0.0028077823717586,-23.827676996140404,0.8230408360557478,3.6367612009173143,0.5607147850996053
DTXSID5021590,Dodecanoic acid,143-07-7,C12H24O2,200.17763,33,363,9,Inactive,7.6717252625e-06,-16.872812819234838,0.5828102324706094,2.727310514911602,0.4357345868728685
DTXSID0041981,2-Fluoroacetic acid,144-49-0,C2H3FO2,78.011707,3,363,1,Inactive,0.0079424450260079,-20.155529095120812,0.6961997814676284,3.283957905241545,0.5163975815660138
DTXSID7022043,"2,6-Pyridinedicarboxylic acid",499-83-2,C7H5NO4,167.021858,2,358,1,Inactive,7.024895098529011e-07,-15.53813944339228,0.5367087727566499,1.535589112059394,0.1862750241348124
DTXSID5040708,4-Hexylaniline,33228-45-4,C12H19N,177.15175,51,368,14,Inactive,0.0,5.930164637943994,0.2048360678362494,0.2128811532465477,-0.6718627857356261
DTXSID1025306,5-Ethylidene-2-norbornene,16219-75-3,C9H12,120.0939,16,361,4,Inactive,0.0014351586962651,-24.28663840446383,0.8388939962813553,4.531665625262696,0.6562578574003883
DTXSID6020278,"1-Chloro-2,4-dinitrobenzene",97-00-7,C6H3ClN2O4,201.978134,173,372,47,Active,0.9999364628518532,-143.86972950776754,4.9694589395503135,25.567914391085857,1.4076953034903876
DTXSID0047741,Dibenzothiophene,132-65-0,C12H8S,184.034671,18,471,4,Inactive,0.012461488923562,-22.297000871078847,0.7701691709788165,16.65,1.2214142378423387
DTXSID1026035,Sodium 2-mercaptobenzothiolate,2492-26-4,C7H4NNaS2,188.968286,58,487,12,Inactive,5.486368679163528e-19,-1.121682672460221,0.038744466977643,16.65,1.2214142378423387
DTXSID4027868,tert-Nonanethiol,25360-10-5,,,6,360,2,Inactive,-0.0687973810821229,24.222265163397264,0.8366704557257391,0.1791169054295027,-0.7468634225917126
DTXSID4048191,"4,4'-Methylenebis(2,6-diethylaniline)",13680-35-8,C21H30N2,310.240899,127,364,35,Inactive,0.0020137522240982,-13.286934394846725,0.4589490446225151,16.65,1.2214142378423387
DTXSID6041557,Dihydromyrcenol,53219-21-9,,,6,359,2,Inactive,-0.0020493289543701,23.354263317017047,0.8066884744583908,0.2924573528024997,-0.5339374553695256
DTXSID2029290,(-)-alpha-Pinene,7785-26-4,C10H16,136.125201,8,354,2,Inactive,0.2323403981361554,-27.512205019319047,0.9503095171428294,0.3764898435174549,-0.4242467351706387
DTXSID9021477,Sodium tetrafluoroborate,13755-29-8,BF4Na,109.992687,3,357,1,Inactive,0.7787787877300097,-32.319568228171796,1.1163624746039662,0.1115453302616464,-0.9525486063218672
DTXSID8026513,"1,2,3,6-Tetrahydrophthalimide",85-40-5,C8H9NO2,151.063329,1,359,0,Inactive,0.191517569260558,-25.69756744625344,0.8876294318992696,0.5993474707794513,-0.2223213230358727
DTXSID5032579,Triclopyr 2-butoxyethyl ester,64700-56-7,C13H16Cl3NO4,355.014491,8,357,2,Inactive,3.99210397006e-05,-2.976287617557095,0.1028050803900584,16.65,1.2214142378423387
DTXSID3021518,Fumaric acid,110-17-8,C4H4O4,116.010959,7,363,2,Inactive,0.0,-11.278988349599611,0.389591818061877,4.1116528638704075,0.6140164411843303
DTXSID9042415,Sodium 4-methylbenzenesulfonate,657-84-1,C7H7NaO3S,194.00136,2,360,1,Inactive,5.517358374604793e-16,-14.537134694275077,0.5021326877382637,0.080235743520773,-1.0956321185528506
DTXSID4041232,"1,3,5-Triisopropylbenzene",717-74-8,C15H24,204.187801,33,361,9,Inactive,0.0,-14.130693117951871,0.4880936349661847,4.321641233445076,0.6356487105337305
DTXSID6025220,1-Dodecanethiol,112-55-0,C12H26S,202.175522,83,467,18,Inactive,-7.801269246664598e-08,13.530100599285037,0.4673483407953577,28.166951043863207,1.449739838945667
DTXSID4022288,4-Hexyloxyaniline,39905-57-2,C12H19NO,193.146664,52,365,14,Inactive,0.0,-8.228681277475825,0.2842300035940136,2.6660361608055183,0.4258660356749123
DTXSID1041970,Fenchol,1632-73-1,C10H18O,154.135765,12,362,3,Inactive,0.0,8.19261327731489,0.2829841651091238,0.1073430335470838,-0.9692261355801636
DTXSID6042232,Hydroxycitronellal,107-75-5,C10H20O2,172.14633,7,358,2,Inactive,-9.764716373150817e-07,5.42933841713383,0.1875368392307498,16.65,1.2214142378423387
DTXSID4021006,N-Nitroso-N-methylurea,684-93-5,C2H5N3O2,103.038176,9,360,2,Inactive,-0.0007989143141292,12.581391877022558,0.4345786326920135,16.65,1.2214142378423387
DTXSID5035616,Sodium 2-nitrophenolate,824-39-5,C6H4NNaO3,161.008887,3,363,1,Inactive,0.0683812170014713,-21.044199551707997,0.726895685045893,16.65,1.2214142378423387
DTXSID2041252,"1,4-Diamino-9,10-anthracenedione",128-95-0,C14H10N2O2,238.074228,81,378,21,Active,0.9996808421088474,-102.51405230326634,3.540976794708512,12.652668827717385,1.1021821409191284
DTXSID2023430,Pentaerythritol tetranitrate,78-11-5,C5H8N4O12,316.013872,7,367,2,Inactive,-0.8874022652140611,37.84681544403415,1.3072812188175555,0.1905439320026881,-0.7200048770660974
DTXSID8042187,"N,N'-Dibutylthiourea",109-46-6,C9H20N2S,188.13472,43,361,12,Inactive,0.4887542440808691,-30.919413906596976,1.0679992126870503,16.65,1.2214142378423387
DTXSID8021517,Maleic acid,110-16-7,C4H4O4,116.010959,3,360,1,Inactive,-0.5991641818672719,34.5241178491284,1.1925106599034567,0.1813856442683203,-0.7413970880684502
DTXSID9041861,Diethyl phosphite,762-04-9,C4H11O3P,138.044581,2,359,1,Inactive,-0.8055170647241308,33.17676687376463,1.145971298412047,0.0259576564718604,-1.5857345193940815
DTXSID0048189,Lauryl gallate,1166-52-5,C19H30O5,338.209324,191,376,51,Active,0.9999994224954204,-88.44525879966929,3.0550212578187104,3.4428338962381533,0.5369160701379128
DTXSID4027650,Diallyldimethylammonium chloride,7398-69-8,C8H16ClN,161.097127,0,355,0,Inactive,0.0,15.57881553003354,0.5381137809058758,3.9741932851243895,0.5992489852251414
DTXSID8021199,Pebulate,1114-71-2,C10H21NOS,203.134385,20,369,5,Inactive,3.8109514856426495e-08,-16.017659260775723,0.5532720487935249,0.013800002610702,-1.8601208314383728
DTXSID8020044,Allyl alcohol,107-18-6,C3H6O,58.041865,15,354,4,Inactive,-9.0415660999102e-07,5.729299775017022,0.1978979183580432,16.65,1.2214142378423387
DTXSID8042426,Sulfosuccinic acid,5138-18-1,C4H6O7S,197.983424,4,361,1,Inactive,1.1323325913511319e-13,-14.86353264152514,0.5134069231341475,0.3029137062690198,-0.518681075223335
DTXSID3034614,Flucarbazone-sodium,181274-17-9,C12H10F3N4NaO6S,418.017084,22,369,6,Inactive,1.3197990824594413e-17,-15.383640173705846,0.531372154834839,0.0129000002286967,-1.889410282001392
DTXSID8022408,Phenol red,143-74-8,C19H14O5S,354.056195,43,373,12,Inactive,-6.095648426351688e-12,5.631436411745119,0.194517582778558,0.1997881344853941,-0.6994303083049245
DTXSID7020768,Kaempferol,520-18-3,C15H10O6,286.047738,97,410,24,Active,0.9115606502348442,-47.57688580475164,1.643371272659705,4.76673070088779,0.6782206169108738
DTXSID1027184,Decamethylcyclopentasiloxane,541-02-6,C10H30O5Si5,370.093957,4,356,1,Inactive,-0.0124152261186743,8.92748661091444,0.308367703881234,16.65,1.2214142378423387
DTXSID1020190,C.I. Acid Blue 74,860-22-0,C16H8N2Na2O8S2,465.951746,18,363,5,Inactive,-0.2321254334147662,23.70996102933549,0.8189747641616256,0.0917167502962635,-1.037551341571878
DTXSID2021103,Pentachloroanisole,1825-21-4,C7H3Cl5O,277.862653,14,354,4,Inactive,-1.3467631362795444e-11,5.13720901415418,0.1774462866307719,0.0138000098273513,-1.8601206043260856
DTXSID7044390,N-Methylhydrazinecarbothioamide,6610-29-3,C2H7N3S,105.036068,63,359,18,Inactive,0.0,-3.9762806471405185,0.137346219219982,0.0138000042219388,-1.8601207807317737
DTXSID7025427,2-Hydroxy-2-methylpropanenitrile,75-86-5,C4H7NO,85.052764,8,365,2,Inactive,0.0,-8.038325194650003,0.2776548418783902,0.0138000004542012,-1.8601208993047704
DTXSID7022411,"4,4'-Methylenebis(2,6-di-t-butylphenol)",118-82-1,C29H44O2,424.334131,10,367,3,Inactive,2.4340843407161464e-15,-10.707966970024575,0.3698679518315571,0.0138000000458338,-1.860120912156345
DTXSID6048208,Methyl 2-methylbenzoate,89-71-4,C9H10O2,150.06808,2,363,1,Inactive,0.0,-9.827857787842872,0.3394677664823725,0.0138000009174597,-1.860120884725743
DTXSID2022123,2-Hydroxyethyl acrylate,818-61-1,C5H8O3,116.047344,43,370,12,Inactive,0.3424071390404298,-27.47287920019654,0.9489511490965272,0.93097758973676,-0.031060773122635
DTXSID8026141,Thioglycolic acid,68-11-1,C2H4O2S,91.993201,2,359,1,Inactive,6.985466415496734e-07,-19.189129611922688,0.6628190100754333,0.6982428127094763,-0.1559935259694981
DTXSID7034383,Bispyribac-sodium,125401-92-5,C19H17N4NaO8,452.094408,3,363,1,Inactive,0.0,-9.726657901322392,0.3359721827868215,0.5713248894761069,-0.243116855710718
DTXSID9020409,"Dibenz[a,h]anthracene",53-70-3,C22H14,278.10955,49,510,10,Active,0.9999877964533356,-57.744944296895994,1.9945900408087696,0.2867238842013492,-0.5425361286621285
DTXSID1027920,"N,N,N',N'-Tetrabutyl-1,6-hexanediamine",27090-63-7,C22H48N2,340.38175,2,355,1,Inactive,0.0075878899764806,-11.925234112470774,0.4119140382706334,16.65,1.2214142378423387
DTXSID9025451,"4-(2,6,6-Trimethyl-cyclohex-1-enyl)-but-3-en-2-one",14901-07-6,C13H20O,192.151415,13,354,4,Inactive,0.002812126707366,-2.040538419225165,0.0704830121222051,16.650000000000002,1.2214142378423387
DTXSID6021666,Tetradecanoic acid,544-63-8,C14H28O2,228.20893,21,372,6,Inactive,0.0017198262128273,-13.83914007429718,0.4780229906124349,16.65,1.2214142378423387
DTXSID2026997,4-Methoxybenzaldehyde,123-11-5,C8H8O2,136.052429,1,364,0,Inactive,0.0,-16.874664569692243,0.5828741944860789,3.966512535064136,0.5984088310917748
DTXSID2027333,3-Aminopropyltriethoxysilane,919-30-2,C9H23NO3Si,221.14472,4,367,1,Inactive,0.0003007227351152,-5.879579219468882,0.2030887776945906,16.65,1.2214142378423387
DTXSID2021997,1-(2-Aminoethyl)piperazine,140-31-8,C6H15N3,129.126597,6,356,2,Inactive,0.0062557678282881,-13.155809605228084,0.4544198134896254,16.65,1.2214142378423387
DTXSID9029304,Glyceryl stearate,11099-07-3,,,2,362,1,Inactive,-0.0091464433371701,11.462692286629627,0.395937205484428,16.65,1.2214142378423387
DTXSID6020511,"3,3'-Dimethylbenzidine dihydrochloride",612-82-8,C14H18Cl2N2,284.084704,79,401,20,Active,0.9904527078280866,-52.3995882662298,1.8099540690685216,7.1991932240186856,0.8572838300439601
DTXSID5048188,4-Thiocresol,106-45-6,C7H8S,124.034671,30,357,8,Inactive,-0.0054286345550515,24.095910397971014,0.8323059878091691,0.3147617439803544,-0.5020180570875705
DTXSID3029653,Ammonium isothiocyanate,1762-95-4,CH4N2S,76.009519,5,375,1,Inactive,-0.0004009177046096,21.58178867542208,0.7454647550357114,0.3045392483376884,-0.5163567285219028
DTXSID8026698,"4,4'-Dithiodimorpholine",103-34-4,C8H16N2O2S2,236.06532,70,366,19,Inactive,-0.6345878348153807,29.626376459040692,1.0233359153769308,0.3031713653318336,-0.5183118204068851
DTXSID1025300,2-Ethylhexyl diphenyl phosphate,1241-94-7,C20H27O4P,362.164696,151,559,27,Active,0.9912061733552526,-64.04297862616794,2.212132835295677,16.65,1.2214142378423387
DTXSID1027899,Ammonium xylene sulfonate,26447-10-9,C8H13NO3S,,1,360,0,Inactive,0.0,-5.264294509068664,0.1818359949519783,0.7371047297856184,-0.132470802050556
DTXSID1022421,Melatonin,73-31-4,C13H16N2O2,232.121178,11,374,3,Inactive,-2.9712661378114453e-08,10.95035858747873,0.3782404927013484,0.0126143997323162,-1.8991334109526128
DTXSID3041663,Benzyl cinnamate,103-41-3,C16H14O2,238.09938,28,376,7,Inactive,2.009287113727844e-09,-14.660559276945856,0.5063959430999863,7.557086266559496,0.8783543798566431
DTXSID9041491,3-Phenyl-2-propen-1-ol,104-54-1,C9H10O,134.073165,10,369,3,Inactive,2.2667770630732193e-08,-15.621158299158548,0.5395763585674417,1.1644927410747834,0.0661367856822136
DTXSID0041270,"3,5,5-Trimethylhexyl acetate",58430-94-7,C11H22O2,186.16198,8,487,2,Inactive,0.0,-12.433536896116422,0.4294715176711198,0.0138000025395317,-1.860120833678146
DTXSID1032303,(Z)-11-Hexadecenal,53939-28-9,C16H30O,238.229666,6,356,2,Inactive,2.5944410754115338e-08,-20.89066123681669,0.7215922598284368,4.5417631301924954,0.6572244804048875
DTXSID6031380,Glycoluril,496-46-8,C4H6N4O2,142.049075,8,360,2,Inactive,0.0,-6.679700627695791,0.2307260749804253,0.9879922682424356,-0.0052464540690363
DTXSID1026118,Tetralin,119-64-2,C10H12,132.0939,4,354,1,Inactive,1.9323541651148564e-12,-11.21739030792323,0.3874641367218564,16.65,1.2214142378423387
DTXSID4047882,Phenylparaben,17696-62-7,C13H10O3,214.062994,65,409,16,Inactive,0.5883287225850022,-32.44648228018373,1.120746261050796,16.65,1.2214142378423387
DTXSID8027032,2-Amino-2-methylpropan-1-ol,124-68-5,C4H11NO,89.084064,3,355,1,Inactive,-0.0735261522737385,23.994258747175085,0.8287947995522911,0.2156269701870629,-0.6662969194089198
DTXSID4041604,n-Amyl butyrate,540-18-1,C9H18O2,158.13068,6,360,2,Inactive,-0.998806257968866,44.054426993604736,1.5217006857465163,0.1606644056406567,-0.7940803282527775
DTXSID8022406,"2,4-Dihydroxybenzophenone",131-56-6,C13H10O3,214.062994,95,584,16,Inactive,0.0447894082413649,-23.224616717986976,0.8022103020677386,16.65,1.2214142378423387
DTXSID4044537,Sodium triisopropyl naphthalene sulfonate,1323-19-9,,,26,364,7,Inactive,-0.0001564719597366,9.467031185648764,0.3270043178470272,16.65,1.2214142378423387
DTXSID5047611,gamma-Heptalactone,105-21-5,C7H12O2,128.08373,1,359,0,Inactive,0.0,7.827422939432239,0.2703699870228964,0.07294966380537,-1.1369767052483783
DTXSID9042382,Tetrapropyl orthosilicate,682-01-9,C12H28O4Si,264.175686,10,476,2,Inactive,0.0,3.804952657427443,0.1314283140915869,0.0138000803434241,-1.860118385149185
DTXSID6042490,Triethoxymethylsilane,2031-67-6,C7H18O3Si,178.102521,2,472,0,Inactive,0.0,-4.73216706079852,0.1634555787669086,0.3925722027103748,-0.4060804552120469
DTXSID7034674,Ipconazole,125225-28-7,C18H24ClN3O,333.16079,176,414,43,Active,0.9407220101260976,-34.85595761322053,1.2039728631605835,4.941581339492521,0.6938659483404175
DTXSID5026178,Potassium dichloroisocyanurate,2244-21-5,C3Cl2KN3O3,234.895378,0,355,0,Inactive,1.6761016829863318e-13,-19.12793186299774,0.6607051553992903,4.451743387207898,0.6485301222548601
DTXSID5048211,Ethyl 4-methylbenzoate,94-08-6,C10H12O2,164.08373,2,356,1,Inactive,1.5393176644114571e-13,-14.785805621696538,0.5107221246372475,1.0805011430321232,0.0336252306475629
DTXSID7025217,(2-Dodecenyl)succinic anhydride,19780-11-1,C16H26O3,266.188195,27,372,7,Inactive,0.027587223379127,-25.57558979001151,0.8834161553725758,9.4276402143356,0.9744030002512885
DTXSID7030307,"3,5-Dichloroaniline",626-43-7,C6H5Cl2N,160.979905,7,361,2,Inactive,-0.7032497365541484,32.032052121318955,1.106431271616701,0.2304789110188853,-0.6373688067044149
DTXSID9027738,Methylcyclopentadienylmanganese tricarbonyl,12108-13-3,C9H6MnO3,216.969738,10,381,3,Inactive,0.0384251223180721,-18.6404705215791,0.6438675681661311,16.65,1.2214142378423387
DTXSID5044443,"N,N-Dibutyl-N-methylbutan-1-aminium chloride",56375-79-2,C13H30ClN,235.206678,4,359,1,Inactive,-0.0779793323364018,22.200939157463548,0.7668510668640222,0.209095542518512,-0.6796552253375052
DTXSID2022171,1-Decanamine,2016-57-1,C10H23N,157.18305,15,357,4,Inactive,2.8038926134136543e-11,-3.2380019046544795,0.1118450529268381,16.65,1.2214142378423387
DTXSID1020352,Cupferron,135-20-6,C6H9N3O2,155.069477,27,367,7,Inactive,0.001198123232867,-20.182054019042756,0.697115988933617,16.65,1.2214142378423387
DTXSID2021602,Hexadecanoic acid,57-10-3,C16H32O2,256.24023,6,360,2,Inactive,-4.333329751823305e-15,10.09706311903092,0.348766490016671,0.3004150218976419,-0.5222783547433012
DTXSID8020179,Diisopropanolamine,110-97-4,C6H15NO2,133.110279,10,355,3,Inactive,1.6884349562200225e-08,-8.088748501641945,0.2793965324657717,16.65,1.2214142378423387
DTXSID9021922,2-(Ethylamino)ethanol,110-73-6,C4H11NO,89.084064,3,359,1,Inactive,-2.910159580660992e-10,11.977270687826628,0.4137114533729658,4.426052838574362,0.6460165942646016
DTXSID0021175,Polysorbate 80,9005-65-6,,,14,356,4,Inactive,8.090879977854741e-07,-9.705309172017293,0.335234768223965,14.9,1.173186268412274
DTXSID5027433,"N-[3-(Trimethoxysilyl)propyl]ethane-1,2-diamine",1760-24-3,C8H22N2O3Si,222.139969,9,354,3,Inactive,0.0,4.739760152636469,0.1637178546344036,0.0138000038287774,-1.8601207931048005
DTXSID3029154,Cyclopentanone,120-92-3,C5H8O,84.057515,2,363,1,Inactive,0.0007275595122334,-13.35546332116143,0.4613161282797762,16.65,1.2214142378423387
DTXSID3021984,1-Dodecanamine,124-22-1,C12H27N,185.21435,52,386,13,Inactive,-0.0026383213093945,18.746045413243497,0.6475142705751,16.65,1.2214142378423387
DTXSID0020076,Amitrole,61-82-5,C2H4N4,84.043596,3,395,1,Inactive,-0.0113966841426404,17.318458192565483,0.5982034384767947,0.1592871065449393,-0.7978193766345667
DTXSID9023833,Poly[oxy(dimethylsilylene)],9016-00-6,(C2H6OSi)n,,4,361,1,Inactive,2.32655274307e-05,-6.42177864712347,0.2218170939428788,16.65,1.2214142378423387
DTXSID5027304,Dimethyltin dichloride,753-73-1,C2H6Cl2Sn,219.886858,54,356,15,Inactive,0.0102149844455123,-17.04977779917155,0.5889228470181078,0.0987384889035595,-1.005513523519844
DTXSID0029848,"Acetic acid, C8-10-branched alkyl esters, C9-rich",108419-33-6,,,2,354,1,Inactive,0.0,4.9807973057323185,0.1720436104366431,0.1198000967602656,-0.9215428311751508
DTXSID2032558,Kresoxim-methyl,143390-89-0,C18H19NO4,313.131408,144,472,31,Inactive,6.6743168915e-06,-15.0320273751226,0.5192269636875555,16.65,1.2214142378423387
DTXSID3041661,2-Hydroxybenzonitrile,611-20-1,C7H5NO,119.037114,6,372,2,Inactive,0.0,3.0684306060037123,0.1059878263312621,0.1096822366000079,-0.9598637021541933
DTXSID7029162,"3-Bromo-1-chloro-5,5-dimethylhydantoin",126-06-7,C5H6BrClN2O2,239.930118,15,364,4,Inactive,0.0,-10.965274410397791,0.3787557058028082,1.130550567879732,0.0532899924752504
DTXSID8042006,Glyceryl monooctanoate,26402-26-6,,,2,358,1,Inactive,1.3429250455344284e-14,-12.778705997475576,0.4413941346265732,0.644933113292379,-0.190485324177612
DTXSID5023588,D-Glucitol,50-70-4,C6H14O6,182.079038,6,411,1,Inactive,0.0,-7.823105135098777,0.2702208441043856,0.0346376782098401,-1.4604512267715712
DTXSID5024922,"1,6-Hexanediamine",124-09-4,C6H16N2,116.131349,7,362,2,Inactive,0.0,-9.285591901742048,0.3207371546676654,0.2912354128522784,-0.5357558179879452
DTXSID0020286,3-Chloro-4-methylaniline,95-74-9,C7H8ClN,141.034527,15,367,4,Inactive,7.76662300053887e-16,-15.270052357497184,0.5274486749574986,0.5993482614801637,-0.2223207500848776
DTXSID8021777,Riboflavin,83-88-5,C17H20N4O6,376.138284,46,371,12,Inactive,0.0,-6.570203241973012,0.2269438842152159,3.917990972123332,0.593063430953884
DTXSID5020029,Acrylonitrile,107-13-1,C3H3N,53.026549,5,367,1,Inactive,0.1639216136734001,-26.248342310230893,0.906653955548802,3.3037796918250826,0.5190110792613243
DTXSID2026238,Trimethylamine,75-50-3,C3H9N,59.073499,1,358,0,Inactive,0.267488828641582,-28.703149428448985,0.991446380058379,16.65,1.2214142378423387
DTXSID8029159,"2,6,8-Trimethyl-4-nonanol",123-17-1,C12H26O,186.198365,10,362,3,Inactive,-0.9238640971019048,38.375555680606766,1.3255446360376029,0.1870967987733336,-0.7279336432160256
DTXSID5041512,4-Chlorophenylurea,140-38-5,C7H7ClN2O,170.024691,3,370,1,Inactive,0.0050388929766852,-19.10896640254815,0.6600500622306552,16.55,1.2187979981117376
DTXSID5038888,Basic Blue 7,2390-60-5,C33H40ClN3,513.291076,321,507,63,Active,1.0,-116.27361279788327,4.016250996850984,0.1336862765001198,-0.873913172739305
DTXSID6024046,Paraoxon,311-45-5,C10H14NO6P,275.055874,36,376,10,Inactive,0.5073220608001744,-29.86215604733946,1.031480067637755,16.65,1.2214142378423387
DTXSID4042171,4-Dodecylmorpholine,1541-81-7,C16H33NO,255.256215,31,378,8,Inactive,-0.0202518312965082,20.843745169014593,0.7199717141212517,0.1765655478352893,-0.7530940337408298
DTXSID8020915,1-Naphthaleneacetic acid,86-87-3,C12H10O2,186.06808,6,365,2,Inactive,0.0034073862996185,-17.11464686605284,0.5911635140814049,16.65,1.2214142378423387
DTXSID1035288,"(8E,10E)-8,10-Dodecadien-1-ol",33956-49-9,C12H22O,182.167065,61,369,17,Inactive,0.0541214295226357,-24.36637299817336,0.8416481391497469,16.65,1.2214142378423387
DTXSID0042086,Laurocapram,59227-89-3,C18H35NO,281.271865,61,362,17,Inactive,-1.6631020516982538e-10,10.567567687974943,0.3650183669350322,0.230865238016292,-0.636641455018034
DTXSID6041719,"C.I. Acid Yellow 17, disodium salt",6359-98-4,C16H10Cl2N4Na2O7S2,549.916335,23,365,6,Inactive,2.61993956563e-05,-13.718527841407992,0.4738568776920798,4.927461779898625,0.6926232643378838
DTXSID6026799,"2,4,6-Trichloro-s-triazine",108-77-0,C3Cl3N3,182.91578,14,354,4,Inactive,0.1353067184538467,-24.74757755083756,0.8548154703077033,4.828052147502158,0.6837719522393392
DTXSID5027142,"1,2-Dichloro-4-(trifluoromethyl)benzene",328-84-7,C7H3Cl2F3,213.95639,3,360,1,Inactive,-8.60765532773e-05,9.00104656816657,0.3109085662878725,16.65,1.2214142378423387
DTXSID1041184,(-)-beta-Pinene,18172-67-3,C10H16,136.125201,6,356,2,Inactive,3.5748979837243173e-09,-7.765822410181563,0.2682422197586279,0.0138000005887164,-1.8601208950714945
DTXSID2036588,"Glycols, polyethylene, mono(p-nonylphenyl) ether",26027-38-3,(C2H4O)nC15H24O,,156,384,41,Active,0.997784192792568,-87.857946590599,3.034734683862833,14.168996477364107,1.151339092323921
DTXSID4035708,Methylbenzethonium chloride,25155-18-4,C28H44ClNO2,,207,395,52,Active,0.9999999366477312,-119.82281262724644,4.13884525542521,6.749241897475001,0.8292549938334826
DTXSID1027500,2-Propoxyethanol,2807-30-9,C5H12O2,104.08373,1,357,0,Inactive,0.0009427328992342,-9.239204423149278,0.319134867161011,16.65,1.2214142378423387
DTXSID2027414,"2,3-Dihydro-2,2-dimethyl-7-benzofuranol",1563-38-8,C10H12O2,164.08373,6,472,1,Inactive,0.0049562226755163,-17.382046852775616,0.6003998785272239,2.7178723995711183,0.434229063337245
DTXSID7042273,"2,4-Diisopropylphenol",2934-05-6,C12H18O,178.135765,68,377,18,Inactive,1.10623792396e-05,-1.3734764821567211,0.047441772538728,16.65,1.2214142378423387
DTXSID7021520,2-[2-(2-Butoxyethoxy)ethoxy]ethanol,143-22-6,C10H22O4,206.151809,19,365,5,Inactive,1.3995582339967636e-08,-4.294258415548322,0.1483296100221945,16.65,1.2214142378423387
DTXSID2025478,Isopropyl acetate,108-21-4,C5H10O2,102.06808,5,368,1,Inactive,0.0,-18.15458367406469,0.6270843661245921,4.261853420635807,0.6295985087982364
DTXSID4027282,Phenyl phosphorus dichloride,644-97-3,C6H5Cl2P,177.950593,3,367,1,Inactive,5.6780498578051e-11,-14.296073036130435,0.4938060854978317,1.0715096306536525,0.0299960788038317
DTXSID4020292,2-Chloroacetaldehyde,107-20-0,C2H3ClO,77.987242,35,358,10,Inactive,2.627777057641343e-17,-15.500044531884022,0.5353929219575013,0.7496763943569456,-0.1251261639063509
DTXSID4027072,Sodium phenolate,139-02-6,C6H5NaO,116.023809,4,366,1,Inactive,0.0,-9.375814635448474,0.3238535723609638,0.0137000004603313,-1.8632794182509405
DTXSID1032648,Z-Tetrachlorvinphos,22248-79-9,C10H9Cl4O4P,363.899257,144,515,28,Inactive,-1.16175261012136e-07,8.301605120676985,0.2867488937437501,0.0138000042390447,-1.860120780193441
DTXSID4041442,Sodium 2-naphthalenesulfonate,532-02-5,C10H7NaO3S,230.00136,6,370,2,Inactive,-1.3912934407e-06,9.112525894089972,0.3147592160018916,16.65,1.2214142378423387
DTXSID1037565,Mepronil,55814-41-0,C17H19NO2,269.141579,36,364,10,Inactive,3.159873161180556e-13,-12.989486829447454,0.4486747953556388,0.0138125397343175,-1.859726459640856
DTXSID5041728,C.I. Direct Yellow 12,2870-32-8,C30H26N4Na2O8S2,680.098745,48,376,13,Inactive,1.6698756715e-06,-13.575876432989189,0.4689295012437353,16.65,1.2214142378423387
DTXSID3034583,Ethyl 1-naphthaleneacetate,2122-70-5,C14H14O2,214.09938,22,370,6,Inactive,0.2647522420400381,-29.78705469079325,1.028885963172988,16.65,1.2214142378423387
DTXSID4020828,4-Methoxyphenol,150-76-5,C7H8O2,124.052429,13,365,4,Inactive,0.0,5.102673677597005,0.1762533884612152,0.0138000031730175,-1.860120813741964
DTXSID8035423,"1,4-Dimethylnaphthalene",571-58-4,C12H12,156.0939,6,360,2,Inactive,-1.887747948828913e-09,4.44509691904268,0.1535397800293464,16.65,1.2214142378423387
DTXSID5041516,2-Ethyl-3-hydroxy-4-pyrone,4940-11-8,C7H8O3,140.047344,8,361,2,Inactive,9.980817609577238e-16,-11.013021408967855,0.380404953005069,0.2304377573704374,-0.6374463599963843
DTXSID9024986,"4,4'-Dichlorodiphenyl sulfone",80-07-9,C12H8Cl2O2S,285.962206,46,510,9,Inactive,6.9377971101e-06,-18.709630597557187,0.6462564526034978,8.879872347156361,0.9484067226114758
DTXSID7020766,Propham,122-42-9,C10H13NO2,179.094629,11,377,3,Inactive,2.4175680523791945e-07,-8.537039963149729,0.2948811380081325,16.65,1.2214142378423387
DTXSID30865801,Tetrahydrocurcumin,36062-04-1,C21H24O6,372.157288,33,162,20,Active,0.9999829961578416,-115.45412483400064,3.987944752014744,61.842339798653406,1.791285912708789
DTXSID00872663,Bisdemethoxycurcumin,33171-05-0,C19H16O4,308.104859,101,229,44,Active,0.9999838929174614,-118.27027133394594,4.0852183372721695,28.398630784422995,1.4532974014165978
DTXSID1021798,Quinoline,91-22-5,C9H7N,129.057849,11,591,2,Inactive,1.4530818606040292e-08,-9.951171028921744,0.3437271759519041,6.558249169703384,0.8167879129389464
DTXSID6032358,Cymoxanil,57966-95-7,C7H10N4O3,198.07529,41,742,6,Inactive,0.0001017682808528,-12.90961174912825,0.4459157998859341,9.319615930450537,0.969398015066114
DTXSID2022678,Bicalutamide,90357-06-5,C18H14F4N2O4S,430.061041,60,409,15,Active,0.9999999702754508,-110.67720893822327,3.8229434867522754,21.396091115736784,1.3303344386797678
DTXSID3020625,Finasteride,98319-26-7,C23H36N2O2,372.277678,44,447,10,Active,0.999994332163536,-113.47841301390072,3.919700940060954,50.0,1.6989700043360187
DTXSID8033562,Hydroxyflutamide,52806-53-8,C11H11F3N2O4,292.067091,130,676,19,Active,0.9995832574591136,-66.89195714995923,2.3105404839517276,10.935073445710506,1.0388217043338457
DTXSID4022527,Propylparaben,94-13-3,C10H12O3,180.078644,101,652,15,Inactive,0.8763872268110543,-42.76417778848876,1.477133698176938,50.0,1.6989700043360187
DTXSID5035957,Cyfluthrin,68359-37-5,C22H18Cl2FNO3,433.064777,137,823,17,Active,0.9999999929575994,-141.56182949457116,4.889740889120895,30.058350190773545,1.4779651398335176
DTXSID3026645,p-Cymene,99-87-6,C10H14,134.10955,3,586,1,Inactive,0.0,-3.7015415765806465,0.1278563526934463,0.0030526245186355,-2.5153266118537227
DTXSID8031077,Curcumin,458-37-7,C21H20O6,368.125988,255,473,54,Active,0.9999999996044596,-132.91919189653674,4.591212263121588,23.21118364342193,1.3656972876640003
DTXSID3030636,Doxorubicin hydrochloride,25316-40-9,C27H30ClNO11,579.150738,173,424,41,Active,1.0,-123.61376391885683,4.269789943025224,0.0587611213068043,-1.230909925395204
DTXSID3041035,(6)-Gingerol,23513-14-6,C17H26O4,294.183109,13,143,9,Inactive,-0.0008378019530417,15.019216949466731,0.5187844739121676,0.0834242855342223,-1.078707504060325
DTXSID0034192,17beta-Trenbolone,10161-33-8,C18H22O2,270.16198,189,717,26,Inactive,0.0311594003445971,-21.842191408357465,0.7544594246823183,4.51684082608e-05,-4.3451652137489205
DTXSID3024154,Iprodione,36734-19-7,C13H13Cl2N3O3,329.033397,116,742,16,Active,0.9945681046333448,-49.12367508861163,1.6967995084712113,9.921259550859505,0.9965668113944364
DTXSID9020374,"p,p'-DDE",72-55-9,C14H8Cl4,315.938011,232,712,33,Active,0.9999563901215328,-121.63587712094515,4.201471004337221,21.405925278542988,1.330534005105643
DTXSID3020621,"(R,R)-Fenvalerate",67614-33-9,C25H22ClNO3,419.128821,51,374,14,Active,0.9847991831188532,-60.741577563030994,2.0980978879695193,50.0,1.6989700043360187
DTXSID2032390,Fenarimol,60168-88-9,C17H12Cl2N2O,330.032668,291,791,37,Active,0.9994976237215796,-104.36418116127524,3.604882797897709,67.75139739883716,1.8309182571308769
DTXSID9022364,5alpha-Dihydrotestosterone,521-18-6,C19H30O2,290.22458,145,709,20,Inactive,-0.9999974628555536,46.95534780734391,1.6219024927568326,0.0025919524766867,-2.586372965495092
DTXSID5020366,Cyproterone acetate,427-51-0,C24H29ClO4,416.175437,176,698,25,Active,0.9618645407710426,-30.6457187285638,1.0585454036485384,0.0607180589086811,-1.2166821208201437
DTXSID1023998,Cypermethrin,52315-07-8,C22H19Cl2NO3,415.074199,136,857,16,Inactive,0.8766498756120936,-35.07471584930977,1.2115290744334717,34.204806318925144,1.534087135621255
DTXSID5023900,Benomyl,17804-35-2,C14H18N4O3,290.13789,99,735,13,Active,0.99367505223483,-47.73767559206378,1.6489251737386916,61.56896793678803,1.7893618736968155
DTXSID9022310,Daidzein,486-66-8,C15H10O4,254.057909,101,668,15,Inactive,0.0022275927948537,-22.938956499916024,0.79234320403938,7.778243108106904,0.8908815128483867
DTXSID1033664,17-Methyltestosterone,58-18-4,C20H30O2,302.22458,160,708,23,Inactive,-0.9931619315536152,36.188089117342194,1.249986523118543,0.0030465965053077,-2.516185060421897
DTXSID1040112,Ethyl heptanoate,106-30-9,C9H18O2,158.13068,13,594,2,Inactive,8.216920175291724e-14,-5.1192722078266915,0.1768267245946432,4.519895769333642,0.6551284199164317
DTXSID1022267,Methomyl,16752-77-5,C5H10N2O2S,162.046299,15,670,2,Inactive,0.0142925303981156,-25.505852348800897,0.8810073279435457,36.29203452083204,1.55981131530454
DTXSID4022369,Fulvestrant,129453-61-8,C32H47F5O3S,606.316607,136,654,21,Active,0.9999999605531696,-81.03512496510395,2.7990650121690175,8.366968437686408,0.9225681307205656
DTXSID4032613,Fenitrothion,122-14-5,C9H12NO5PS,277.017381,145,787,18,Active,0.9999640956619176,-98.2910787468848,3.395109462066368,71.93118999424473,1.85691724511462
DTXSID8020381,Deltamethrin,52918-63-5,C22H19Br2NO3,502.973169,107,552,19,Active,0.9829786160265176,-50.643133015382624,1.7492836815025858,50.0,1.6989700043360187
DTXSID4020375,DDT,50-29-3,C14H9Cl5,351.914689,268,713,38,Inactive,0.0067622209334151,-18.96406837777598,0.6550450845540386,9.154819388113657,0.9616497806945864
DTXSID9022360,"4-(1,1,3,3-Tetramethylbutyl)phenol",140-66-9,C14H22O,206.167065,315,709,44,Active,0.9981337285596532,-62.13301795224774,2.146160158641066,8.777714965445867,0.9433814741002212
DTXSID8024523,"4-Androstene-3,17-dione",63-05-8,C19H26O2,286.19328,144,699,21,Inactive,-0.187181119559566,22.60698262626558,0.7808763684530916,0.0004400287658256,-3.35651893162521
DTXSID8022377,17alpha-Estradiol,57-91-0,C18H24O2,272.17763,195,664,29,Active,0.9998375644131244,-83.63051811340759,2.888713472109917,84.11652262734235,1.924881310674148
DTXSID6022345,"o,p'-DDT",789-02-6,C14H9Cl5,351.914689,287,710,40,Active,0.9996408170032112,-112.08677814593928,3.8716319518252633,12.827340385435743,1.108136619300467
DTXSID3026302,Sodium xylenesulfonate,1300-72-7,C8H10O3S,,4,584,1,Inactive,0.0,-2.580904696901664,0.0891480088412406,0.5683148728206416,-0.2454109783043533
DTXSID4021268,Simazine,122-34-9,C7H12ClN5,201.078123,21,695,3,Inactive,3.45069847816e-05,-14.887401773778963,0.5142313958919952,84.71431930021606,1.9279568255308983
DTXSID4024270,Prochloraz,67747-09-5,C15H16Cl3N3O2,375.03081,325,853,38,Active,0.999957276388074,-117.55381321534112,4.060470885431565,57.10228467352263,1.7566534848002102
DTXSID3020205,Benzyl butyl phthalate,85-68-7,C19H20O4,312.136159,107,769,14,Active,0.9883170801804788,-48.133563604021326,1.6625996918379071,24.70919648026366,1.3928586227852633
DTXSID9023380,Norethindrone,68-22-4,C20H26O2,298.19328,156,677,23,Inactive,-0.0002149349936543,26.732355017523247,0.9233724222015116,0.0062284484411538,-2.205620126272939
DTXSID6032649,Tetramethrin,7696-12-0,C19H25NO4,331.178358,142,717,20,Active,0.999576498710828,-99.51257395126214,3.43730159159757,48.09088797030136,1.6820627961430863
DTXSID9020112,Atrazine,1912-24-9,C8H14ClN5,215.093773,57,761,7,Inactive,0.877250628114206,-36.915069609201026,1.2750974322479822,50.0,1.6989700043360187
DTXSID7020182,Bisphenol A,80-05-7,C15H16O2,228.11503,236,981,24,Active,0.9999996582320692,-139.52771960021244,4.819479927116355,40.86068526788231,1.611305645839364
DTXSID3036496,Levonorgestrel,797-63-7,C21H28O2,312.20893,85,671,13,Active,0.9998474986831696,-86.73126992643216,2.995817717521944,0.3570214112974773,-0.4473057375866722
DTXSID5023322,Mifepristone,84371-65-3,C29H35NO2,429.266779,363,736,49,Active,0.9992160487554126,-65.4707344775021,2.2614494921294885,25.163010299928345,1.400762595375927
DTXSID4024729,Carbendazim,10605-21-7,C9H9N3O2,191.069477,99,686,14,Active,0.999937573865012,-65.39977668289401,2.2589985120105127,17.002903406196126,1.2305230875915354
DTXSID0021460,Zearalenone,17924-92-4,C18H22O5,318.146724,163,429,38,Active,0.9999997895811216,-93.57101816431712,3.232072057759622,31.298059987805058,1.4955174186102538
DTXSID7032004,Flutamide,13311-84-7,C11H11F3N2O3,276.072177,208,723,29,Inactive,-0.239728676685542,28.698125167746227,0.9912728351622472,1.7415945067027252,0.2409470461935475
DTXSID2024163,Linuron,330-55-2,C9H10Cl2N2O2,248.011933,128,799,16,Active,0.9999999885198088,-109.73788748946382,3.7904980280263865,15.75104507746618,1.1973093743998586
DTXSID6034186,Spironolactone,52-01-7,C24H32O4S,416.202131,219,692,32,Active,0.9869665674314464,-60.883909158355536,2.1030142176323747,35.44439246881716,1.5495475367692606
DTXSID4022361,Vinclozolin,50471-44-8,C12H9Cl2NO3,284.995949,112,836,13,Active,0.9835540230531448,-52.44242803778651,1.811433813879742,83.7035655129503,1.922743957988705
DTXSID8022292,Permethrin,52645-53-1,C21H20Cl2O3,390.07895,103,803,13,Active,0.999984367539593,-118.09345102197808,4.0791107197558985,34.17976486686821,1.533769070749467
DTXSID9033923,Procymidone,32809-16-8,C13H11Cl2NO2,283.016684,63,696,9,Active,0.9433600157695736,-42.199132718218955,1.4576162619149235,80.99469452993841,1.9084565718189583
DTXSID3034165,Nilutamide,63612-50-0,C12H10F3N3O4,317.06234,116,648,18,Active,0.9781262772297528,-46.335470800622794,1.6004910857637749,68.9076161534865,1.8382672258355393
DTXSID1034187,Tamoxifen,10540-29-1,C26H29NO,371.224915,371,750,49,Inactive,4.861166331439452e-08,-2.0232969063755477,0.0698874664820274,8.3,0.919078092376074
DTXSID9020827,Methoxychlor,72-43-5,C16H15Cl3O2,344.013763,233,840,28,Active,0.9999593462588136,-112.16221194431137,3.874237539289332,76.66696163049842,1.8846082521794705
DTXSID8024280,Propiconazole,60207-90-1,C15H17Cl2N3O2,341.069782,252,800,32,Active,0.9998796996884692,-120.46679061523636,4.161089143560951,74.80838928569759,1.8739503039631873
DTXSID8044175,Clove leaf oil,8000-34-8,,,71,634,11,Inactive,0.0838560260959362,-25.93066449635451,0.8956809255899213,7.22474449828123,0.8588224929581844
DTXSID8021800,"N,N-Diethylaniline",91-66-7,C10H15N,149.120449,6,588,1,Inactive,2.2373921993e-06,-16.079770446426455,0.5554174548343518,50.0,1.6989700043360187
DTXSID2021600,Heptanoic acid,111-14-8,C7H14O2,130.09938,5,588,1,Inactive,2.14357896233e-05,-10.969398959932269,0.3788981734339482,50.0,1.6989700043360187
DTXSID1022053,"4,6-Dinitro-o-cresol",534-52-1,C7H6N2O5,198.027671,224,641,35,Active,0.9999998635283696,-116.35452938974694,4.019045967566301,36.34254256247909,1.560415307733365
DTXSID9047592,9-Phenanthrol,484-17-3,C14H10O,194.073165,327,678,48,Active,0.9999999755090544,-145.13944486727777,5.013316659764222,10.666318057029995,1.0280145296894037
DTXSID5048182,Cyclohexylphenylketone,712-50-5,C13H16O,188.120115,27,609,4,Inactive,0.0002074141524553,-17.240871760301975,0.5955234960683473,50.0,1.6989700043360187
DTXSID9024699,tert-Butyl perbenzoate,614-45-9,C11H14O3,194.094294,49,584,8,Inactive,1.2762574849e-06,-11.137997535079275,0.3847218008177372,50.0,1.6989700043360187
DTXSID8021808,o-Cresol,95-48-7,C7H8O,108.057515,4,584,1,Inactive,2.267609885179475e-09,-15.371390379741293,0.5309490300515154,12.101127377979385,1.0828258324013913
DTXSID1034634,Forchlorfenuron,68157-60-8,C12H10ClN3O,247.05124,246,692,36,Active,0.9999999035158924,-145.29183470200968,5.018580414892533,30.82867851619291,1.4889549089163987
DTXSID1027263,Pentyl acetate,628-63-7,C7H14O2,130.09938,27,587,5,Inactive,-4.886774117771227e-11,0.3558055101859083,0.0122900131902948,50.0,1.6989700043360187
DTXSID5032442,Imidacloprid,138261-41-3,C9H10ClN5O2,255.052302,57,753,8,Inactive,0.0003082949806536,-19.061897670933487,0.6584242433047696,50.0,1.6989700043360187
DTXSID7047356,Ilepatril,473289-62-2,C22H28N2O5S,432.171893,4,583,1,Inactive,0.0646237303017829,-22.987060141906337,0.7940047701974006,50.0,1.6989700043360187
DTXSID4042121,Mepanipyrim,110235-47-7,C14H13N3,223.110947,122,625,20,Inactive,-6.052443601902297e-17,7.171497706744008,0.2477134245728839,0.0006100063610838,-3.214665636187224
DTXSID9024489,5-Amino-2-methylphenol,2835-95-2,C7H9NO,123.068414,58,660,9,Active,0.9962120877506676,-80.79884559755564,2.79090359684342,87.42931400417362,1.9416570708009415
DTXSID9022522,Diisobutyl phthalate,84-69-5,C16H22O4,278.151809,120,693,17,Active,0.9998750493995152,-105.2486366751748,3.6354331115406175,74.76701131456568,1.8737100208027049
DTXSID8047553,Perfluoroundecanoic acid,2058-94-8,C11HF21O2,563.964121,206,765,27,Inactive,0.2737973228821123,-28.72602037460288,0.99223637409124,25.0,1.3979400086720375
DTXSID6025068,Dihexyl phthalate,84-75-3,C20H30O4,334.214409,55,622,9,Active,0.9999013790014462,-105.57522045852754,3.6467137659718674,50.0,1.6989700043360187
DTXSID6025145,"2,5-Dimethylphenol",95-87-4,C8H10O,122.073165,10,588,2,Inactive,1.4113372232e-06,-6.583708678992582,0.2274103806419421,51.0,1.7075701760979365
DTXSID5024211,Napropamide,15299-99-7,C17H21NO2,271.157229,161,768,21,Inactive,0.002024565799542,-9.014516224603437,0.3113738268039093,49.99999999999999,1.6989700043360187
DTXSID5020570,Sodium erythorbate,6381-77-7,C6H7NaO6,198.014032,6,596,1,Inactive,6.7678893773e-06,-13.014203467291576,0.4495285421257922,17.76230304477094,1.2494992753384315
DTXSID8023632,L-Tartaric acid,87-69-4,C4H6O6,150.016438,0,586,0,Inactive,0.0004102418796814,-8.060590452184108,0.2784239145907169,50.00000000000001,1.6989700043360187
DTXSID6025692,Myrcene,123-35-3,C10H16,136.125201,13,593,2,Inactive,2.01481890569e-05,-7.443029122151016,0.2570924942651658,50.0,1.6989700043360187
DTXSID8029600,Methacrylamide,79-39-0,C4H7NO,85.052764,2,569,0,Inactive,7.1272600202e-06,-12.290449894564873,0.4245290952350269,50.0,1.6989700043360187
DTXSID7021605,Hexanedioic acid,124-04-9,C6H10O4,146.057909,7,605,1,Active,0.9827001453833524,-34.059946165779955,1.1764775295904013,3.8247719071419897,0.5826055408168845
DTXSID9020295,4-Chloroaniline,106-47-8,C6H6ClN,127.018877,22,607,4,Active,0.9999999998815942,-89.18205751930344,3.0804713020807135,8.96990992075061,0.9527880817155104
DTXSID8020961,4-Nitrobenzenamine,100-01-6,C6H6N2O2,138.042927,39,599,7,Active,0.9999939886337786,-73.36772511901651,2.5342224435577467,16.847389624050347,1.2265326197656337
DTXSID9047540,3-Hydroxyfluorene,6344-67-8,C13H10O,182.073165,190,662,29,Active,0.9999973232693286,-123.29667762272528,4.258837344905306,41.75214204680319,1.620678761382321
DTXSID2020428,Dichloroacetic acid,79-43-6,C2H2Cl2O2,127.943185,3,605,0,Inactive,0.0164922725743386,-19.676091050586496,0.6796393299777759,50.0,1.6989700043360187
DTXSID4034609,Fipronil,120068-37-3,C12H4Cl2F6N4OS,435.938706,294,760,39,Active,0.9999983903371872,-102.73357797331788,3.548559514209208,31.245225106917,1.4947836578989215
DTXSID3027320,Sodium 4-nitrophenolate,824-78-2,C6H4NNaO3,161.008887,31,595,5,Inactive,0.5335276597753782,-32.58594521035921,1.125563503061799,84.39522364293074,1.9263178683766435
DTXSID5048506,PharmaGSID_48506,588941-45-1,C19H22ClN3O3S,407.10704,159,604,26,Active,0.999202448780398,-71.22700679782251,2.4602790794135725,71.92180417728515,1.8568605732525851
DTXSID5021885,"2-Methyl-2,4-pentanediol",107-41-5,C6H14O2,118.09938,11,609,2,Inactive,5.239367537e-06,-15.839914609306192,0.5471325033156498,95.5109908893192,1.9800533507243767
DTXSID4024985,"1,3-Dichloro-5,5-dimethylhydantoin",118-52-5,C5H6Cl2N2O2,195.980633,4,577,1,Inactive,-1.7862323089256894e-16,26.21999300633191,0.905674731481496,10.199717455907011,1.008588141463875
DTXSID0026252,Triphenyl phosphite,101-02-0,C18H15O3P,310.075881,15,631,2,Inactive,-0.1163344568121692,22.1066293151666,0.7635934748014415,0.1908675652648378,-0.7192678663852429
DTXSID8025599,Methylene bis(thiocyanate),6317-18-6,C3H2N2S2,129.96594,304,703,43,Active,0.9999999911832892,-128.12330013536905,4.425555545289476,7.392753261888002,0.8688062115689884
DTXSID6027923,Dodecylbenzenesulfonic acid,27176-87-0,C18H30O3S,,276,668,41,Active,0.9999977305138557,-175.16194774926117,6.050335328284708,59.946457661146944,1.7777635249883303
DTXSID5025659,Methyl salicylate,119-36-8,C8H8O3,152.047344,18,584,3,Inactive,-4.675254716547826e-08,10.684315672014584,0.369051003369015,0.021698087084061,-1.663578552117189
DTXSID0047371,AVE5638,725228-45-5,C25H23FN2O2,402.174356,412,702,59,Active,0.9999997613823972,-127.54145670085676,4.405457870351541,22.137694224486033,1.3451323844862175
DTXSID0021969,4-Hydroxy-3-methoxybenzaldehyde,121-33-5,C8H8O3,152.047344,20,600,3,Inactive,-0.1731248748531971,21.01881171654137,0.726018754194238,0.0128386068840676,-1.891482098960806
DTXSID8026307,"2,6-Dimethylaniline",87-62-7,C8H11N,121.089149,7,602,1,Inactive,-7.05662377042e-05,14.523831548872494,0.5016731787430693,0.016642498515372,-1.7787814731184135
DTXSID6025438,Hydroxyurea,127-07-1,CH4N2O2,76.027277,17,651,3,Inactive,0.0007003692598645,-3.7624959960733153,0.1299618024353018,50.0,1.6989700043360187
DTXSID2020347,Coumaphos,56-72-4,C14H16ClO5PS,362.014459,197,818,24,Active,0.9977050182386056,-53.19949537797675,1.8375839642582956,30.969030160709895,1.490927605019456
DTXSID5024051,Bis(1-methylethyl) methylphosphonate,1445-75-6,C7H17O3P,180.091531,15,608,2,Inactive,0.0944765531563181,-27.977001198231743,0.9663642183942266,50.0,1.6989700043360187
DTXSID8032548,"4-(4-Chlorophenyl)-2-phenyl-2-(1H-1,2,4-triazol-1-ylmethyl)butyronitrile",114369-43-6,C19H17ClN4,336.114174,201,717,28,Active,0.9929367824284786,-59.076581556760544,2.04058662888823,25.663537934050137,1.4093165273047077
DTXSID5021837,"N,N-Diethylethanolamine",100-37-8,C6H15NO,117.115364,1,608,0,Inactive,-0.0561806832804066,18.591609218783635,0.6421798313586333,0.0263522479117298,-1.5791823324810212
DTXSID3034618,Flufenpyr-ethyl,188489-07-8,C16H13ClF4N2O4,408.049997,20,655,3,Inactive,0.0168694824564317,-23.245082138101687,0.8029172059125478,50.0,1.6989700043360187
DTXSID7021992,Sodium saccharin hydrate,82385-42-0,C7H6NNaO4S,222.991523,4,640,1,Inactive,0.1893421653617147,-25.592015282602,0.8839835145472236,50.0,1.6989700043360187
DTXSID5020605,2-Ethyl-1-hexanol,104-76-7,C8H18O,130.135765,7,594,1,Inactive,0.0029912696066303,-18.70619220428549,0.6461376857562938,49.99999999999999,1.6989700043360187
DTXSID4020290,"[4-Chloro-6-(2,3-xylidino)-2-pyrimidinylthio]acetic acid",50892-23-4,C14H14ClN3O2S,323.049526,57,640,9,Inactive,0.0415620972936975,-24.358634386902654,0.8413808368402863,45.0,1.6532125137753435
DTXSID1046970,"2-(2,6-Diisopropylphenyl)-5-hydroxy-1H-isoindole-1,3-dione",105624-86-0,C20H21NO3,323.152144,320,698,46,Active,0.9999999486376598,-128.98673946538844,4.455379930947284,17.56702688316813,1.244698265906638
DTXSID0039223,Aldicarb,116-06-3,C7H14N2O2S,190.077599,27,732,4,Inactive,0.0057562534386156,-13.755822149967267,0.4751450745608606,50.0,1.6989700043360187
DTXSID6034928,Spirodiclofen,148477-71-8,C21H24Cl2O4,410.105165,153,738,21,Inactive,0.8216616628643407,-37.122498695905314,1.282262319071445,69.08737081132963,1.839398665489537
DTXSID3032620,Hexaflumuron,86479-06-3,C16H8Cl2F6N2O3,459.981616,35,615,6,Active,0.9995608003125606,-67.77896535732779,2.341178971148746,42.207270752496086,1.6253872702910517
DTXSID3020679,Heptachlor,76-44-8,C10H5Cl7,369.821094,282,649,43,Active,0.9999999488823752,-130.07759313951723,4.4930595217909435,22.035656509282656,1.3431259939932698
DTXSID0020440,Dichlorprop,120-36-5,C9H8Cl2O3,233.98505,11,664,2,Inactive,0.0009432606289608,-16.18370838781597,0.5590076147224934,50.00000000000001,1.6989700043360187
DTXSID5024891,Cytarabine hydrochloride,69-74-9,C9H14ClN3O5,279.062198,111,686,16,Active,0.9999999999999978,-85.02341753612612,2.9368261398114948,0.8801822253618397,-0.0554274059448692
DTXSID5047291,"N-[(3R)-9-Amino-3,4,6,7-tetrahydro-4-oxo-1-phenylpyrrolo[3,2,1-jk][1,4]benzodiazepin-3-yl]-3-pyridinecarboxamide",197894-84-1,C23H19N5O2,397.153875,49,611,8,Inactive,0.0034424785554041,-20.19240035298867,0.6974733655818878,50.0,1.6989700043360187
DTXSID7024245,Pendimethalin,40487-42-1,C13H19N3O4,281.137556,146,703,21,Active,0.9998449318790064,-114.62714285496942,3.959379653556546,50.0,1.6989700043360187
DTXSID0034227,Icaridin,119515-38-7,C12H23NO3,229.167794,14,674,2,Inactive,0.0811419017489997,-26.939494671753582,0.9305273116280236,50.0,1.6989700043360187
DTXSID4047258,Enadoline,124378-77-4,C24H32N2O3,396.241293,49,633,8,Inactive,0.2204851229488277,-27.38779538691335,0.9460122368042904,50.0,1.6989700043360187
DTXSID1020194,Boric acid (H3BO3),10043-35-3,BH3O3,62.017524,4,696,1,Inactive,2.4229270076521325e-07,-7.689401637356247,0.2656025408353168,50.0,1.6989700043360187
DTXSID6047280,CP-607366,289716-94-5,C14H12Cl2FNO,299.027998,198,622,32,Active,0.999902425392721,-122.25247405667842,4.22276911315318,67.37439367018672,1.828494869818142
DTXSID6020068,2-Aminoanthraquinone,117-79-3,C14H9NO2,223.063329,111,650,17,Active,0.9421859396022518,-38.613213199892,1.333753654625489,14.11795635210208,1.1497718348715706
DTXSID5047324,SB281832,219790-72-4,C22H19FN4O3,406.144119,63,598,11,Active,0.9369280175298692,-40.54794733303872,1.4005820407391918,21.07360164235609,1.323738766254931
DTXSID1038321,3-Phenoxybenzoic acid,3739-38-6,C13H10O3,214.062994,15,645,2,Inactive,0.0001706848724784,-13.061627395492762,0.4511666300318048,50.0,1.6989700043360187
DTXSID2021238,Resorcinol,108-46-3,C6H6O2,110.036779,12,595,2,Inactive,3.9401706032e-06,-8.216229501038534,0.283799902057427,50.00000000000001,1.6989700043360187
DTXSID3037709,Potassium perfluorohexanesulfonate,3871-99-6,C6F13KO3S,437.899763,56,747,7,Inactive,0.0276554091402776,-22.214140946223427,0.7673070748609462,50.0,1.6989700043360187
DTXSID2032554,Flumiclorac-pentyl,87546-18-7,C21H23ClFNO5,423.124879,63,678,9,Active,0.9939284515345732,-59.8477317348688,2.067223219917123,77.78765121746308,1.8909106582521569
DTXSID6027218,"2,6-Diethylaniline",579-66-8,C10H15N,149.120449,14,591,2,Active,0.9999998466196656,-106.99036692742902,3.6955948773405782,9.936541219666786,0.9972352384598596
DTXSID9035204,Tributyltin methacrylate,2155-70-6,C16H32O2Sn,376.142432,520,765,68,Active,0.9999999999999266,-131.88389302523814,4.555451611810963,1.3469433277463847,0.1293493232918084
DTXSID2032500,Triflumizole,68694-11-1,C15H15ClF3N3O,345.085574,391,805,49,Active,0.999999999991857,-121.69835493563318,4.203629074250796,5.998238754390786,0.7780237484609849
DTXSID9025110,"2,5-Dimethyl-2,5-di-(tert-butylperoxy)hexane",78-63-7,C16H34O4,290.24571,22,586,4,Inactive,0.0103557219184101,-21.988245945981305,0.7595043499083541,50.0,1.6989700043360187
DTXSID1021821,2-Butanone oxime,96-29-7,C4H9NO,87.068414,7,568,1,Active,0.9233308346707528,-41.33692210264904,1.427834317749332,50.0,1.6989700043360187
DTXSID0024000,Chlorthal-dimethyl,1861-32-1,C10H6Cl4O4,329.902019,30,603,5,Active,0.9480615605432008,-45.62712054124764,1.5760236905665483,50.0,1.6989700043360187
DTXSID4026214,Triclocarban,101-20-2,C13H9Cl3N2O,313.978046,259,647,40,Active,0.9999999990322946,-115.15294448764158,3.977541567343781,5.848302218487399,0.7670298072517954
DTXSID9047259,"1,3-Dichloro-6,7,8,9,10,12-hexahydroazepino[2,1-b]quinazoline hydrochloride (1:1)",149062-75-9,C13H15Cl3N2,304.030082,86,650,13,Inactive,0.8997552165433051,-41.572667173927336,1.4359772777446491,25.0,1.3979400086720375
DTXSID5023796,Pentamidine isethionate,140-64-7,C23H36N4O10S2,592.187286,251,662,38,Active,0.9999999755292188,-116.05780501006618,4.008796698131848,17.259354863814078,1.237024558220329
DTXSID8027955,Isooctyl acrylate,29590-42-9,,,22,586,4,Inactive,-9.146451780197896e-12,16.117633131989436,0.5567252842289722,0.1045245331211539,-0.9807817636326964
DTXSID3047138,tert-Butylbenzene,98-06-6,C10H14,134.10955,7,602,1,Inactive,-0.0001075314498875,18.742017533644376,0.6473751420568928,0.1286946243035524,-0.890439593608922
DTXSID4032580,Trifloxystrobin,141517-21-7,C20H19F3N2O4,408.129692,233,768,30,Active,0.9999728719226004,-81.88701026911883,2.828490305828722,14.490985106094758,1.1610979100811656
DTXSID8024315,Myclobutanil,88671-89-0,C15H17ClN4,288.114174,125,722,17,Active,0.997129084084575,-71.60375523597085,2.4732924902285056,78.99443380688695,1.8975964906306972
DTXSID3029289,"7a-Ethyldihydro-1H,3H,5H-oxazolo(3,4-c)oxazole",7747-35-5,C7H13NO2,143.094629,12,584,2,Inactive,0.061113454976657,-23.12898221279192,0.7989069543211551,87.64600395582336,1.94273212009328
DTXSID6040747,17alpha-Hydroxyprogesterone,68-96-2,C21H30O3,330.219495,86,652,13,Inactive,0.1351443282720079,-27.073581439895065,0.9351588535854312,2.487940594641968,0.3958400063535091
DTXSID9032537,Didecyldimethylammonium chloride,7173-51-5,C22H48ClN,361.347528,430,693,62,Active,0.9999999999996724,-133.02222976740703,4.59477133333226,6.842028474633787,0.8351848772665525
DTXSID0021832,"N,N,4-Trimethylaniline",99-97-8,C9H13N,135.104799,14,587,2,Inactive,0.0078863393395936,-19.052332427428933,0.658093846597934,13.529078705509376,1.131268223298547
DTXSID7022049,"2,4,6-Trimethylphenol",527-60-6,C9H12O,136.088815,21,596,4,Inactive,0.00752242501345,-18.754370389200876,0.6478018267297858,50.0,1.6989700043360187
DTXSID5047297,CP-085958,134002-60-1,C25H20FNO5S,465.104622,81,600,14,Inactive,0.1002949691871193,-25.500608858783245,0.8808262105644291,25.0,1.3979400086720375
DTXSID7024376,Vernolate,1929-77-7,C10H21NOS,203.134385,6,584,1,Inactive,0.0003871144911125,-19.4346440115157,0.671299416148484,50.0,1.6989700043360187
DTXSID7041623,Benodanil,15310-01-7,C13H10INO,322.98071,86,614,14,Inactive,2.40569263174e-05,-19.317279173928693,0.6672454727419654,50.0,1.6989700043360187
DTXSID7047304,CP-100829,135080-03-4,C14H7Cl2FN2O3S,371.953847,295,630,47,Inactive,0.1774433613039066,-28.79788947606245,0.9947188320061028,36.01763804087135,1.5565152293205569
DTXSID4032459,Phorate,298-02-2,C7H17O2PS3,260.01283,63,661,10,Inactive,0.0128352014409583,-22.536899607260853,0.7784556042902945,50.0,1.6989700043360187
DTXSID1048174,FR167356,174185-16-1,C19H17Cl2NO3,377.058549,208,624,33,Active,0.9999999922156084,-129.6769618764519,4.479221165254687,20.25988868299406,1.3066370548202026
DTXSID0040707,4-Pentylaniline,33228-44-3,C11H17N,163.1361,53,613,9,Inactive,0.0014679015669177,-27.222804980893667,0.9403132405599812,24.139989780571575,1.3827370819070506
DTXSID4032615,Flumetsulam,98967-40-9,C12H9F2N5O2S,325.044502,8,691,1,Inactive,5.7055793818e-06,-11.860546701971138,0.4096796458693714,50.0,1.6989700043360187
DTXSID9020407,Diazinon,333-41-5,C12H21N2O3PS,304.101051,90,742,12,Inactive,3.699407013430726e-07,-11.348439000565904,0.3919907393602131,9.921263186954992,0.9965669705613152
DTXSID6048171,FR145237,146011-65-6,C30H22ClF3N2O2,534.13219,75,614,12,Active,0.9998988641970132,-66.61316300123494,2.3009105494310167,14.092286898880648,1.1489814762160169
DTXSID4047337,PharmaGSID_47337,1061517-62-1,C34H31N4NaO4,582.2243,301,646,47,Active,0.999999997052952,-123.3978424480098,4.262331717537397,11.492300149598348,1.0604069601333492
DTXSID9034492,Cyazofamid,120116-88-3,C13H13ClN4O2S,324.044775,310,767,40,Active,0.9999990584761778,-117.28566493100654,4.0512086737538855,16.093002892215473,1.2066370893344345
DTXSID0020442,"2,4-Dichlorophenoxyacetic acid",94-75-7,C8H6Cl2O3,219.9694,32,733,4,Inactive,0.0040205342996975,-18.681379376091325,0.6452806164387461,50.0,1.6989700043360187
DTXSID1026792,3-Methylaniline,108-44-1,C7H9N,107.073499,12,605,2,Inactive,0.5279370207544897,-31.288041531312693,1.080732119402565,50.0,1.6989700043360187
DTXSID5020730,8-Hydroxyquinoline,148-24-3,C9H7NO,145.052764,164,608,27,Active,0.999999912805706,-96.38577157981663,3.3292975239583935,18.55700827548479,1.2685079614207122
DTXSID1026665,3-Pyridinecarbonitrile,100-54-9,C6H4N2,104.037448,4,662,1,Inactive,8.09526110482e-05,-19.03180552495988,0.6573848190677849,24.288361264030033,1.3853982139406795
DTXSID4042416,Sodium myristyl sulfate,1191-50-0,C14H29NaO4S,316.168425,190,645,29,Active,0.9999969665262702,-149.39927716331246,5.16045714412422,42.317073909717074,1.6265156299912653
DTXSID2034465,Clothianidin,210880-92-5,C6H8ClN5O2S,249.008723,19,684,3,Inactive,0.4316169500499949,-30.16931450872996,1.0420897446492985,50.0,1.6989700043360187
DTXSID7027041,"2,4,7,9-Tetramethyl-5-decyne-4,7-diol",126-86-3,C14H26O2,226.19328,43,607,7,Inactive,0.8581552664670332,-34.29668872950044,1.18465494435081,50.00000000000001,1.6989700043360187
DTXSID5032361,"2,2-Dibromo-3-nitrilopropionamide",10222-01-2,C3H2Br2N2O,239.853389,23,609,4,Inactive,0.0007639367691258,-18.09764055189168,0.6251174721261344,49.99999999999999,1.6989700043360187
DTXSID7022174,O-Ethyl O-(p-nitrophenyl phenyl)phosphonothioate,2104-64-5,C14H14NO4PS,323.038116,101,651,16,Active,0.999997585741088,-65.68136504044476,2.268724962358974,14.915795168262497,1.173646410764349
DTXSID7024160,Lactofen,77501-63-4,C19H15ClF3NO7,461.048914,141,742,19,Active,0.9996589215904298,-70.08686212836834,2.4208969095896293,49.99999999999999,1.6989700043360187
DTXSID1047285,PHA-00568487,527680-56-4,C16H20N2O3,288.147393,11,627,2,Inactive,0.0199965645785199,-22.30575711267399,0.7704716236436038,50.0,1.6989700043360187
DTXSID6021244,Rifampicin,13292-46-1,C43H58N4O12,822.405123,106,653,16,Inactive,0.0008870238896092,-19.43895386400851,0.6714482843994485,31.249999999999996,1.494850021680094
DTXSID4021393,Triethylene glycol,112-27-6,C6H14O4,150.089209,8,609,1,Inactive,0.6479308782698754,-32.62677680973901,1.126973882835559,49.99999999999999,1.6989700043360187
DTXSID7047306,CP-634384,290352-28-2,C19H19NO5,341.126323,70,648,11,Inactive,1.0502990221e-06,-19.167943495971084,0.6620872124021475,2.649965869045956,0.4232402803592755
DTXSID0047379,"3-Chloro-2-((3R)-5-chloro-1-(2,4-dimethoxybenzyl)-3-methyl-2-oxo-2,3-dihydro-1H-indol-3-yl)-N-ethyl-N-(3-pyridinylmethyl)benzamide hydrochloride (1:1)",1437319-51-1,C33H32Cl3N3O4,639.14584,304,653,47,Active,0.99999993037526,-116.89862732709888,4.037839860958716,20.722367226525854,1.316439365681989
DTXSID5021126,Phenothiazine,92-84-2,C12H9NS,199.04557,112,669,17,Active,0.999547257600236,-57.26125426336645,1.9778827197529876,21.689129135735676,1.3362421145251486
DTXSID4020161,Biphenyl,92-52-4,C12H10,154.07825,13,613,2,Inactive,0.0455948116069696,-24.585294136617115,0.8492099772946995,50.0,1.6989700043360187
DTXSID2026864,Methyl octanoate,111-11-5,C9H18O2,158.13068,6,587,1,Inactive,9.98129983483345e-07,-16.184995162623498,0.5590520616995771,50.0,1.6989700043360187
DTXSID6023652,6-Thioguanine,154-42-7,C5H5N5S,167.026566,168,640,26,Active,1.0,-105.9417262586874,3.659373381939958,0.2119217811432235,-0.6738244045719866
DTXSID4032667,Es-fenvalerate,66230-04-4,C25H22ClNO3,419.128821,122,724,17,Active,0.9994568810979508,-48.605631149839766,1.67890555613379,19.154471490947657,1.2822701734565745
DTXSID1020221,"4-(1,1-Dimethylethyl)phenol",98-54-4,C10H14O,150.104465,64,645,10,Active,0.9998720737873076,-107.58120116073142,3.7160031068724098,66.1215022227805,1.8203427118028137
DTXSID8021642,1-Octadecanoic acid,57-11-4,C18H36O2,284.27153,23,613,4,Active,0.9528136211274082,-42.49711808818335,1.467909087693433,25.0,1.3979400086720375
DTXSID4047383,AVE3247,1437319-46-4,C25H23ClN5NaO4S,547.105697,21,607,3,Active,0.9999473365375648,-119.50585568808776,4.127897125473596,15.771376432834366,1.1978695976471452
DTXSID7021780,Diethyl phthalate,84-66-2,C12H14O4,222.089209,8,606,1,Inactive,0.0199825816138457,-22.7267726261962,0.785014080312707,50.0,1.6989700043360187
DTXSID1023819,Stavudine,3056-17-5,C10H12N2O4,224.079707,6,595,1,Active,0.9177371541614688,-35.827588251000144,1.2375343258489122,19.671772237424783,1.2938434874365254
DTXSID9020247,Carbaryl,63-25-2,C12H11NO2,201.078979,104,752,14,Active,0.9568123431292732,-44.30600644109744,1.5303905869413488,24.78148873862606,1.3941273929015965
DTXSID9020299,Chlorobenzilate,510-15-6,C16H14Cl2O3,324.032,222,627,35,Active,0.9999999764996288,-125.8122445210023,4.345728496042173,19.64866791660292,1.2933331126718204
DTXSID1020485,C.I. Disperse Black 6 dihydrochloride,20325-40-0,C14H18Cl2N2O2,316.074533,231,632,37,Active,0.9999986532631524,-87.80793991704516,3.03300738436919,18.42280630206315,1.265355785940654
DTXSID3025881,"1,2-Phenylenediamine",95-54-5,C6H8N2,108.068748,169,640,26,Active,0.9950831330704054,-59.30968012504905,2.0486381750191702,24.20684836311163,1.3839382496809765
DTXSID9024063,"2,6-Dimethylphenol",576-26-1,C8H10O,122.073165,8,601,1,Inactive,9.92070361536e-05,-15.03008312537628,0.519159806619035,50.0,1.6989700043360187
DTXSID0020529,"2,4-Dinitrotoluene",121-14-2,C7H6N2O4,182.032757,27,611,4,Inactive,6.931180289472458e-08,-15.363097165913508,0.5306625710046047,6.483173893782411,0.8117876705458782
DTXSID7042190,"N,N-Dimethyldecylamine oxide",2605-79-0,C12H27NO,201.209264,27,608,4,Inactive,0.3482743064101546,-28.45123482712162,0.98274490218772,9.922302990777878,0.9966124846648698
DTXSID0023581,Simvastatin,79902-63-9,C25H38O5,418.271924,227,677,34,Active,0.9984939682677751,-68.68286760086163,2.3724010016618866,32.123711907264756,1.5068257224005943
DTXSID4020450,Dicofol,115-32-2,C14H9Cl5O,367.909603,277,691,40,Active,0.9999999992899794,-129.3003450634269,4.466212300953104,13.04835720471977,1.1155558372041448
DTXSID3024239,Oxadiazon,19666-30-9,C15H18Cl2N2O3,344.069448,225,745,30,Active,0.9999720556533646,-103.28932749487348,3.5677558693945164,50.0,1.6989700043360187
DTXSID6032354,Clodinafop-propargyl,105512-06-9,C17H13ClFNO4,349.051714,59,753,8,Active,0.9975660547411932,-52.935462625902574,1.8284639087426684,23.107551265979673,1.3637539252272983
DTXSID2032398,Fludioxonil,131341-86-1,C12H6F2N2O2,248.039734,234,746,31,Active,0.9996951063080084,-54.613258983523295,1.886417309618932,9.921355530446212,0.996571012796793
DTXSID3021936,Hexanedinitrile,111-69-3,C6H8N2,108.068748,3,596,1,Inactive,3.691994173787044e-07,-13.612986955593758,0.4702113498920898,50.0,1.6989700043360187
DTXSID7025895,"N-Phenyl-1,4-benzenediamine",101-54-2,C12H12N2,184.100048,213,662,32,Active,0.9957096825432488,-53.57904508454075,1.8506941347489292,87.50334696191537,1.9420246648999304
DTXSID7020970,Nitrofen,1836-75-5,C12H7Cl2NO3,282.980299,126,696,18,Active,0.9999977092054524,-85.11695390882011,2.9400570151669125,31.202821227943105,1.4941938628753504
DTXSID4027494,"2,3-Diaminotoluene",2687-25-4,C7H10N2,122.084398,144,632,23,Inactive,5.047372921e-06,-21.8695088541306,0.7554030069464086,2.758395196607537,0.4406564878769791
DTXSID6022474,Corticosterone,50-22-6,C21H30O4,346.214409,91,663,14,Inactive,0.0,-11.227506670755922,0.3878135698506088,1.6214910202199402,0.2099145479027767
DTXSID8020759,Isophorone,78-59-1,C9H14O,138.104465,11,606,2,Inactive,2.829370862e-06,-16.405152218468245,0.5666565901366288,50.00000000000001,1.6989700043360187
DTXSID5024059,"3,3'-Dimethylbenzidine",119-93-7,C14H16N2,212.131349,90,643,14,Active,0.9858868331519288,-33.19426672162278,1.1465757672998178,2.0283099843377497,0.3071343284717433
DTXSID8022325,"2,2-Bis(4-hydroxyphenyl)-1,1,1-trichloroethane",2971-36-0,C14H11Cl3O2,315.982463,394,861,46,Active,0.9999999999992634,-140.73856114499392,4.861304064547352,17.028479376757623,1.2311758677060691
DTXSID3041376,"2,6-Dimethyl-4-tridecylmorpholine",24602-86-6,C19H39NO,297.303165,44,613,7,Inactive,4.631850012e-06,-10.35021849847833,0.3575108260753711,50.0,1.6989700043360187
DTXSID7024112,Fomesafen,72178-02-0,C15H10ClF3N2O6S,437.990019,33,607,5,Inactive,0.0001214638982816,-14.029652549019472,0.4846035543199202,50.0,1.6989700043360187
DTXSID8047264,CP-283097,171866-31-2,C20H22FNO4,359.153286,39,667,6,Inactive,0.0617231568622117,-24.580603290160813,0.8490479489866177,25.0,1.3979400086720375
DTXSID2026446,Acetyl tributyl citrate,77-90-7,C20H34O8,402.225368,40,598,7,Inactive,0.0004567366876373,-19.151175705863377,0.6615080297990221,50.0,1.6989700043360187
DTXSID2040363,Diniconazole,83657-24-3,C15H17Cl2N3O,325.074868,306,736,42,Active,0.9999999515795208,-123.64267586434416,4.270788601509211,20.254393382685823,1.3065192406325523
DTXSID5020152,Benzyl alcohol,100-51-6,C7H8O,108.057515,7,607,1,Inactive,0.0002374720889701,-15.89993734333486,0.5492057713562275,50.0,1.6989700043360187
DTXSID2025680,Mono(2-ethylhexyl) phthalate,4376-20-9,C16H22O4,278.151809,82,757,11,Inactive,0.4514978234653088,-35.3177805003638,1.2199248628123185,51.0,1.7075701760979365
DTXSID6034265,Clopyralid-olamine,57754-85-5,C8H10Cl2N2O3,252.006848,11,665,2,Inactive,-2.086527862947325e-11,8.14321532342285,0.2812778916323878,0.0428656574500805,-1.36789051091421
DTXSID3031860,Perfluorodecanoic acid,335-76-2,C10HF19O2,513.967314,284,742,38,Active,0.9999331040813332,-107.7549673246822,3.7220052299026745,67.25142519557666,1.8277014923624169
DTXSID9020160,Bifenthrin,82657-04-3,C23H22ClF3O2,422.126042,149,825,18,Active,0.9974255526617928,-57.4437225697585,1.98418542678863,31.420674765460717,1.4972155073675295
DTXSID5020154,Clorophene,120-32-1,C13H11ClO,218.049843,340,868,39,Active,0.9999999966094996,-132.52680485188944,4.577658673263195,13.772202387136184,1.1390033961826955
DTXSID5020108,Aspirin,50-78-2,C9H8O4,180.042259,23,688,3,Inactive,3.6349355907e-06,-7.7702747590305155,0.268396010030321,50.0,1.6989700043360187
DTXSID5021097,Oxytetracycline hydrochloride,2058-46-0,C22H25ClN2O9,496.124858,42,659,6,Active,0.9994873628903777,-67.05707101150982,2.316243744520394,50.0,1.6989700043360187
DTXSID6020224,gamma-Butyrolactone,96-48-0,C4H6O2,86.036779,21,589,4,Inactive,0.0219514886120602,-23.462408406552814,0.8104239550476762,26.776564386418706,1.427754853343003
DTXSID7021239,Retinoic acid,302-79-4,C20H28O2,300.20893,268,717,37,Active,0.993616979617677,-88.58677092718679,3.0599092819329745,78.58497532872092,1.8953395211595152
DTXSID4027608,Terbutylazine,5915-41-3,C9H16ClN5,229.109423,47,603,8,Inactive,0.003863541681139,-21.18335285048248,0.7317022319611385,50.0,1.6989700043360187
DTXSID7020392,Diallyl phthalate,131-17-9,C14H14O4,246.089209,56,664,8,Inactive,5.381230651811998e-09,-15.80334630923646,0.5458693837816976,10.82758143089921,1.0345314586089636
DTXSID9047257,Zamifenacin,127308-82-1,C27H29NO3,415.214744,273,684,40,Active,0.999888276050208,-94.17592716446124,3.2529664491556827,58.34840331983606,1.766028976253331
DTXSID5020576,17alpha-Ethinylestradiol,57-63-6,C20H24O2,296.17763,220,734,30,Active,0.9988644162213288,-66.51213112064332,2.297420768892029,30.492660529316097,1.4841953188485544
DTXSID1026900,Alkyl trimethyl ammonium compound C12 chloride (ATMAC C12 Cl),112-00-5,C15H34ClN,263.237978,321,656,49,Active,0.9999999999999998,-138.6928030241973,4.79064075673178,9.454629143670145,0.9756444983829212
DTXSID4020242,Captafol,2425-06-1,C10H9Cl4NO2S,346.910811,294,684,43,Active,0.9999999999999958,-123.38648362278168,4.261939368043408,3.109158372076386,0.4926428443870632
DTXSID5047328,"Potassium 5-carbamoyl-3-[5'-fluoro-2'-(2,2,3,3,3-pentafluoropropoxy)-3-biphenylyl]-1,2,4-triazol-1-ide hydrate (1:1:1)",NOCAS_47328,C18H13F6KN4O3,486.052891,306,636,48,Active,0.9999999970906572,-134.84500279711386,4.657732428471865,19.339661071915447,1.2864488587911054
DTXSID6021248,Rotenone,83-79-4,C23H22O6,394.141638,336,788,43,Active,1.0,-80.45528231597147,2.77903644711838,0.4126141527360911,-0.3844558797322933
DTXSID2048167,FR 409,138472-01-2,C8H13N3O4,215.090606,20,596,3,Active,0.9859970965793848,-41.396537947810906,1.4298935312871075,74.24977497567644,1.8706951418011004
DTXSID3020207,Dinoseb,88-85-7,C10H12N2O5,240.074621,255,626,41,Active,0.9999999995647254,-99.288842739578,3.4295736068869287,11.97735091772776,1.0783607738936871
DTXSID4022448,Metolachlor,51218-45-2,C15H22ClNO2,283.133907,105,759,14,Inactive,0.8110588685472974,-35.91797837417445,1.2406565254053614,50.0,1.6989700043360187
DTXSID1038298,1-Hydroxypyrene,5315-79-7,C16H10O,218.073165,238,690,34,Active,0.9998578061873932,-111.14957156237986,3.839259543461047,74.56056569766373,1.872509194389404
DTXSID9024065,"1,3-Dinitrobenzene",99-65-0,C6H4N2O4,168.017107,19,621,3,Inactive,-0.9998810027224152,72.73227443361563,2.512273100217678,27.57003161702371,1.4404372641504255
DTXSID6032352,Chlorpyrifos-methyl,5598-13-0,C7H7Cl3NO3PS,320.894984,119,822,14,Active,0.9893301899417456,-40.90816627458591,1.413024499937465,73.8230768619876,1.8681921421375496
DTXSID0047539,"Hexane-1,6-diyl dibenzoate",22915-73-7,C20H22O4,326.151809,33,585,6,Active,0.9999649268553608,-76.91923252692906,2.6568964090785987,71.47582504418804,1.8541591771125057
DTXSID0025523,Maltol,118-71-8,C6H6O3,126.031694,9,618,1,Inactive,4.061673997609765e-11,-3.4992529227800557,0.1208690235142067,52.0,1.7160033436347992
DTXSID4047254,CP-457920,220860-50-4,C18H17N3O3,323.126991,61,626,10,Active,0.9985073971755296,-56.724714923460525,1.9593499107441823,35.8993094259155,1.5550860943889362
DTXSID7021940,1-Octanol,111-87-5,C8H18O,130.135765,5,595,1,Inactive,4.7422605565451763e-08,-12.751446186991636,0.4404525431648852,92.54138895118663,1.9663360135268473
DTXSID2021288,Sucrose,57-50-1,C12H22O11,342.116212,3,585,1,Inactive,1.83981197980832e-10,-2.072903310704567,0.0716009401244345,50.0,1.6989700043360187
DTXSID3024104,Fluoranthene,206-44-0,C16H10,202.07825,85,641,13,Active,0.9958030423683067,-40.64850677749831,1.404055502682407,8.916310392448302,0.9501851786261848
DTXSID4040713,Octyl gallate,1034-01-1,C15H22O5,282.146724,346,713,49,Active,0.9999999999471708,-137.21491340635856,4.739592410438471,13.475113063930776,1.12953241785397
DTXSID4048519,PharmaGSID_48519,686756-87-6,C22H20BrN5O4,497.069867,327,640,51,Active,0.9999999994015332,-131.06313056754647,4.52710134420027,12.720177456026304,1.1044931700887646
DTXSID1020770,Kepone,143-50-0,C10Cl10O,485.683442,450,770,58,Active,0.9999999999999984,-139.95221739197115,4.83414266647989,7.143419267134345,0.8539061408230213
DTXSID8025337,Formamide,75-12-7,CH3NO,45.021464,6,583,1,Inactive,8.67526269314e-05,-7.805168686638186,0.2696012944294733,50.0,1.6989700043360187
DTXSID3024289,Pyrene,129-00-0,C16H10,202.07825,61,669,9,Active,0.998678986731027,-49.85679690824051,1.72212254753439,21.351909704767888,1.329436724192529
DTXSID9043938,Monobenzyl phthalate,2528-16-7,C15H12O4,256.073559,12,593,2,Inactive,7.628977764254842e-08,-14.69765239649952,0.5076771906229532,50.0,1.6989700043360187
DTXSID7024320,"1,2,4,5-Tetrachlorobenzene",95-94-3,C6H2Cl4,213.891061,7,606,1,Inactive,0.0017883504552123,-18.114973986593995,0.6257161928739196,86.90323080305365,1.9390359225229596
DTXSID7047358,Nelivaptan,439687-69-1,C30H32ClN3O8S,629.159864,250,655,38,Active,0.999999994158974,-152.14023188317017,5.25513350156301,20.456652989267695,1.3108345781933608
DTXSID9020617,Eugenol,97-53-0,C10H12O2,164.08373,21,641,3,Inactive,0.2871045719585424,-30.525152350218654,1.0543808746073955,86.33997303948242,1.9362119087074872
DTXSID9048514,PharmaGSID_48514,NOCAS_48514,C17H15ClNNaO4S,387.030801,60,606,10,Active,0.999988171160088,-80.07054137644172,2.7657469642792964,22.74415223378047,1.3568697535619827
DTXSID2026943,Pentaerythritol,115-77-5,C5H12O4,136.073559,8,597,1,Inactive,-7.282889864702738e-17,12.322390206876818,0.4256323576870638,0.0187285477396849,-1.7274958976431218
DTXSID2034962,Thiamethoxam,153719-23-4,C8H10ClN5O3S,291.019288,5,715,1,Inactive,6.090678617327833e-08,-9.93269891078822,0.3430891235074799,50.0,1.6989700043360187
DTXSID6032641,Quinclorac,84087-01-4,C10H5Cl2NO2,240.969734,5,638,1,Inactive,0.0,-2.840886886915576,0.0981281523551599,0.0006100013136701,-3.21466922971208
DTXSID2047278,CP-457677,214535-77-0,C22H21FN2O3,380.153621,52,619,8,Inactive,0.1049981279021344,-22.619178447326167,0.7812976289378513,50.0,1.6989700043360187
DTXSID9024930,"3,4-Diaminotoluene",496-72-0,C7H10N2,122.084398,91,638,14,Active,0.9589787525196118,-45.30888510826336,1.5650313996743908,50.0,1.6989700043360187
DTXSID0048505,PharmaGSID_48505,NOCAS_48505,C17H12ClN5O2,353.067952,303,635,48,Active,0.9999997190918244,-108.74773937440084,3.7562969461260214,2.0367228382443487,0.3089319332658497
DTXSID1029677,Silica,7631-86-9,O2Si,59.966756,6,583,1,Inactive,0.0003795171795928,-8.133042182866593,0.280926497322733,50.0,1.6989700043360187
DTXSID8023719,Troglitazone,97322-87-7,C24H27NO5S,441.160994,273,714,38,Active,0.9999945847278464,-135.22991251197274,4.67102774104366,50.0,1.6989700043360187
DTXSID6024206,Molinate,2212-67-1,C9H17NOS,187.103085,29,724,4,Inactive,2.561613181732029e-07,-10.969272024248832,0.3788937889003221,50.0,1.6989700043360187
DTXSID8034956,Tetraconazole,112281-77-3,C13H11Cl2F4N3O,371.02153,290,726,40,Active,0.9999992280122612,-154.62956745808268,5.341118586602193,60.5051894230156,1.7817926249190412
DTXSID8044593,1-Benzylquinolinium chloride,15619-48-4,C16H14ClN,255.081477,130,624,21,Active,0.9965137947146692,-47.432084382431874,1.638369631765067,82.33879467364999,1.9156045052359865
DTXSID1048176,YM 218,387816-82-2,C74H80F4N8O12,1348.583183,149,625,24,Active,0.9983702662160826,-65.51742569638564,2.2630622712448254,41.11786990203397,1.6140306080846385
DTXSID6024177,Methamidophos,10265-92-6,C2H8NO2PS,141.001337,10,742,1,Inactive,2.04833039202e-05,-16.730634957209165,0.5778992129679872,13.871073718723526,1.1421100798237127
DTXSID7032638,Pyraclostrobin,175013-18-0,C19H18ClN3O4,387.098584,355,851,42,Active,0.9999999998911964,-134.47967186213845,4.645113393968087,26.841180136752133,1.4288016067134948
DTXSID2029874,Fenofibrate,49562-28-9,C20H21ClO4,360.112837,154,648,24,Active,0.9999923656514778,-102.12862954445596,3.5276637608908388,41.24833527507102,1.615406425723772
DTXSID5020281,1-Chloro-4-nitrobenzene,100-00-5,C6H4ClNO2,156.993056,1,592,0,Inactive,0.0157982317770312,-20.730507870573025,0.7160603416111603,9.921279747806174,0.9965676954972578
DTXSID3021358,Tolazamide,1156-19-0,C14H21N3O3S,311.130363,15,588,3,Inactive,0.0076555559978497,-17.30380588365894,0.5976973275128705,49.99999999999999,1.6989700043360187
DTXSID0020022,Acifluorfen,50594-66-6,C14H7ClF3NO5,360.996485,49,692,7,Inactive,0.8235571564284458,-37.3173308017553,1.2889920887974342,49.99999999999999,1.6989700043360187
DTXSID3024940,Dibromoacetonitrile,3252-43-5,C2HBr2N,196.847575,17,602,3,Inactive,0.0439253862973149,-21.709281130165714,0.7498685203108574,50.0,1.6989700043360187
DTXSID7026994,n-Dodecylbenzene,123-01-3,C18H30,246.234751,12,605,2,Inactive,-1.5988095838655577e-07,13.52085747202246,0.467029070427911,0.0104459968170257,-1.9810501108318188
DTXSID6025010,"1,3-Dichloro-2-propanol",96-23-1,C3H6Cl2O,127.97957,4,603,1,Inactive,0.029075581515604,-23.504522857164694,0.8118786462728108,50.0,1.6989700043360187
DTXSID2021028,N-Nitrosodiethylamine,55-18-5,C4H10N2O,102.079313,6,647,1,Inactive,9.722555316775718e-17,-8.912659819415541,0.3078555660478542,9.921353908041556,0.9965709417781256
DTXSID8023890,Asulam,3337-71-1,C8H10N2O4S,230.036128,7,653,1,Inactive,1.4163365497e-06,-12.636130188018416,0.4364693694706599,92.15474585078604,1.9645177057377892
DTXSID7044928,Isopropyl triethanolamine titanate,36673-16-2,C18H42N2O8Ti,462.242058,52,631,8,Inactive,0.122741632033323,-25.49141486218769,0.8805086372380019,87.07201567827687,1.9398785982991824
DTXSID9048510,PharmaGSID_48510,460081-99-6,C21H16F4N2O4,436.10462,129,623,21,Active,0.9995565924694452,-75.94435190548572,2.623222687470854,76.87150382511977,1.885765377186907
DTXSID3023897,Triadimefon,43121-43-3,C14H16ClN3O2,293.093104,134,754,18,Inactive,0.2889440457249169,-29.152645506707852,1.0069725947252088,50.0,1.6989700043360187
DTXSID1025805,2-n-Octyl-4-isothiazolin-3-one,26530-20-1,C11H19NOS,213.118735,381,671,57,Active,0.9999999995426592,-119.50911150993556,4.1280095860519435,18.377970505951897,1.264297550209445
DTXSID1026908,2-Hexyloxyethanol,112-25-4,C8H18O2,146.13068,3,582,1,Inactive,8.48134082087e-05,-17.989586398211767,0.6213851325867653,50.00000000000001,1.6989700043360187
DTXSID8022111,"N-(3,4-Dichlorophenyl)propanamide",709-98-8,C9H9Cl2NO,217.006119,120,743,16,Active,0.999421259654056,-66.07329498565836,2.282262763372314,20.74348160888807,1.316881650636899
DTXSID9026265,Tris(2-ethylhexyl) trimellitate,3319-31-1,C33H54O6,546.392039,27,631,4,Inactive,0.0039230969160224,-18.503055261281233,0.6391210554976617,49.99999999999999,1.6989700043360187
DTXSID9022528,Ethylparaben,120-47-8,C9H10O3,166.062994,21,613,3,Inactive,0.0953527237221959,-28.77763376501017,0.9940191718016238,50.0,1.6989700043360187
DTXSID3048520,Piragliatin,625114-41-2,C19H20ClN3O4S,421.086305,71,587,12,Inactive,-1.5327419925654387e-08,10.461126653767058,0.3613417467676828,0.0002537071912024,-3.5956672227456012
DTXSID4048511,Ro 3280,1062243-51-9,C27H35F2N7O3,543.276944,403,706,57,Active,1.0,-111.03825029636712,3.835414353354401,0.0029729552512299,-2.526811627724146
DTXSID7024241,Oxyfluorfen,42874-03-3,C15H11ClF3NO4,361.03287,181,718,25,Active,0.9999999706436886,-97.34249948923032,3.362344225849193,12.86273986543226,1.1093334866052662
DTXSID5041691,Butam,35256-85-0,C15H23NO,233.177964,37,605,6,Inactive,0.1181473645782679,-26.62747465479659,0.9197497097802224,50.0,1.6989700043360187
DTXSID1032569,Pirimicarb,23103-98-2,C11H18N4O2,238.142976,36,679,5,Inactive,-3.126244125960761e-13,11.538483653587154,0.3985551438607386,0.0006110375285433,-3.21393211555322
DTXSID1048170,FR150011,149413-74-1,C24H23NO4S,421.134779,290,633,46,Active,0.9999994920985128,-128.31559234444774,4.432197583476949,23.655461280341832,1.3739314211883815
DTXSID8020462,Diethylene glycol,111-46-6,C4H10O3,106.062994,3,640,0,Inactive,0.0005124063101163,-9.484170639785477,0.3275963382384613,50.0,1.6989700043360187
DTXSID5020869,"4,4'-Methylenebis(N,N-dimethylaniline)",101-61-1,C17H22N2,254.178299,106,611,17,Active,0.9996952474051576,-109.75345474533717,3.791035742520802,50.0,1.6989700043360187
DTXSID2027200,"4,4'-Bipyridine",553-26-4,C10H8N2,156.068748,14,615,2,Inactive,9.4461226244e-06,-4.905587932052452,0.1694457749110595,50.0,1.6989700043360187
DTXSID2027204,Methyl isothiocyanate,556-61-6,C2H3NS,72.99862,32,670,5,Inactive,0.0,12.02312101231582,0.415295186835826,0.1856542822736702,-0.7312950289512816
DTXSID9048512,Ro 23-7637,107071-66-9,C33H40N2O,480.314064,292,601,49,Active,0.9999960117255504,-129.67440050198576,4.47913269184696,12.052719923585173,1.0810850647124464
DTXSID5020607,Di(2-ethylhexyl) phthalate,117-81-7,C24H38O4,390.27701,88,813,11,Active,0.9994275403674134,-104.70087608253144,3.6165127049814463,61.75924531514245,1.7907019803737978
DTXSID3024235,Flusilazole,85509-19-9,C16H15F2N3Si,315.10033,281,766,37,Active,0.9999793678674004,-127.75220772156796,4.412737501358536,50.0,1.6989700043360187
DTXSID2032550,"Fenpyroximate (Z,E)",111812-58-9,C24H27N3O4,421.200156,295,756,39,Active,0.9999999874728648,-108.97101358121604,3.764009145258006,13.766247050093002,1.1388155591687097
DTXSID1024170,"1,1-Dimethylpiperidinium chloride",24307-26-4,C7H16ClN,149.097127,13,735,2,Inactive,0.0273380844436662,-18.989198061992145,0.6559130985157202,50.0,1.6989700043360187
DTXSID3024368,2-[2-(2-Ethoxyethoxy)ethoxy]ethanol,112-50-5,C8H18O4,178.120509,4,585,1,Inactive,0.1456164183693243,-27.44194277387581,0.9478825622515856,50.0,1.6989700043360187
DTXSID4027367,1-Tetradecene,1120-36-1,C14H28,196.219101,13,590,2,Inactive,0.1364575319989528,-24.01106136175159,0.8293751850406125,50.0,1.6989700043360187
DTXSID0034300,Acetamiprid,135410-20-7,C10H11ClN4,222.067224,17,712,2,Inactive,0.0269185501662524,-17.176680471966087,0.5933062404110702,49.99999999999999,1.6989700043360187
DTXSID0032655,Triticonazole,131983-72-7,C17H20ClN3O,317.12949,100,767,13,Inactive,0.8484167909257828,-36.83456469894851,1.272316681583469,11.842830033354309,1.0734554963907
DTXSID0047290,UK-416244,402910-27-4,C17H22N2O3S2,366.107185,150,664,23,Active,0.9999213227071851,-107.2288422075786,3.7038321425168994,50.0,1.6989700043360187
DTXSID9020168,Bis(chloroethyl) ether,111-44-4,C4H8Cl2O,141.99522,3,626,0,Inactive,-0.264476489822293,18.64754829921413,0.6441120443701308,0.0084174576218011,-2.0748190614161746
DTXSID3020465,Diethylstilbestrol,56-53-1,C18H20O2,268.14633,423,838,50,Active,0.999999439880064,-134.4709526362876,4.644812219878174,18.018233013967254,1.2557121989676752
DTXSID9048518,PharmaGSID_48518,NOCAS_48518,C13H9BrFNO3S2,388.919127,65,593,11,Active,0.999999972645512,-70.35815376512733,2.430267696996611,3.424069765162429,0.5345426048124765
DTXSID1048178,FR130739,136042-19-8,C24H22N7Na,431.183438,99,621,16,Active,0.9910658988445596,-60.88321633780816,2.1029902866548547,50.0,1.6989700043360187
DTXSID8034665,Imazapyr,81334-34-1,C13H15N3O3,261.111341,9,685,1,Inactive,0.0892252956352735,-24.600152981154164,0.8497232222842374,50.0,1.6989700043360187
DTXSID1024259,Phosalone,2310-17-0,C12H15ClNO4PS2,366.986865,180,788,23,Active,0.9971995374601794,-83.67387845685646,2.8902111981924725,76.87920870200601,1.885808904601684
DTXSID5021209,6-Propyl-2-thiouracil,51-52-5,C7H10N2OS,170.051384,26,720,4,Inactive,0.0004635740955516,-8.924504615439108,0.3082647016435618,50.0,1.6989700043360187
DTXSID5044576,"Citric acid, triethyl ester, acetate",77-89-4,C14H22O8,318.131468,13,585,2,Inactive,0.0054930217410459,-17.74075552310204,0.6127901708739654,50.0,1.6989700043360187
DTXSID7020764,Chlorpropham,101-21-3,C10H12ClNO2,213.055656,78,687,11,Active,0.9984266329069692,-91.0073611607774,3.1435198080419813,50.0,1.6989700043360187
DTXSID3023845,Acenaphthylene,208-96-8,C12H8,152.0626,28,618,5,Inactive,0.008003352803982,-20.52789734532168,0.7090618945479584,50.0,1.6989700043360187
DTXSID5025152,Dimethyl succinate,106-65-0,C6H10O4,146.057909,6,590,1,Inactive,2.1456262014e-06,-16.686987043188225,0.5763915538011408,50.0,1.6989700043360187
DTXSID5021332,Bis(dimethylaminothiocarbonyl) disulfide,137-26-8,C6H12N2S4,239.988333,310,773,40,Active,0.9999999621715524,-127.43154427581472,4.4016613435556575,22.571527834793596,1.353560956851927
DTXSID9048516,PharmaGSID_48516,NOCAS_48516,C15H10ClFNNaO3S,360.995164,68,596,11,Active,0.9999091300154196,-67.627694414594,2.335953864093672,13.066423073705078,1.1161567159692778
DTXSID6048175,Difpas-pyrazole,151506-44-4,C18H16F2N2O2S,362.090055,84,632,13,Inactive,0.2461565400188701,-28.377847995713424,0.9802100197865752,50.0,1.6989700043360187
DTXSID0048507,PharmaGSID_48507,NOCAS_48507,C18H19ClF2N4O3,412.111375,103,636,16,Inactive,0.8328544678190277,-36.49572043191806,1.2606125331314562,70.95512467292353,1.850983767472121
DTXSID5024394,Acetic acid,64-19-7,C2H4O2,60.021129,18,584,3,Inactive,2.13206799608e-05,-14.410559628973504,0.4977606103600747,50.0,1.6989700043360187
DTXSID4020537,Diphenhydramine hydrochloride,147-24-0,C17H22ClNO,291.138992,128,682,19,Inactive,0.672091368767406,-33.199478256321804,1.1467557808981437,31.34073932506266,1.4961092372189733
DTXSID7048166,PharmaGSID_48166,NOCAS_48166,C19H21N3O8,419.132865,275,603,46,Active,1.0,-125.24099832372526,4.325996864298268,0.0082376574969759,-2.0841962689789706
DTXSID2020189,FD&C Blue No. 1,3844-45-9,C37H34N2Na2O9S3,792.122183,91,626,15,Inactive,0.0,4.968126862891082,0.1716059558607927,0.001495806521649,-2.825124577604086
DTXSID2034881,Quinoxyfen,124495-18-7,C15H8Cl2FNO,306.996697,191,678,28,Active,0.999880574099062,-121.87089285741972,4.2095887721022285,60.01650472332166,1.7782706991265589
DTXSID5041306,"2,2',4,4'-Tetrahydroxybenzophenone",131-55-5,C13H10O5,246.052823,146,737,20,Inactive,0.7813497058955989,-37.55058318532674,1.29704894792045,50.0,1.6989700043360187
DTXSID9022524,Thalidomide,50-35-1,C13H10N2O4,258.064057,6,645,1,Inactive,2.77632469676e-05,-13.170295555532146,0.4549201781979118,50.0,1.6989700043360187
DTXSID7025055,Bis(2-ethylhexyl) decanedioate,122-62-3,C26H50O4,426.37091,23,606,4,Inactive,-4.561313933077506e-08,11.823815801113216,0.4084109098798713,0.0225756078285625,-1.6463605478566732
DTXSID6022341,Prometon,1610-18-0,C10H19N5O,225.15896,39,674,6,Inactive,-5.903725116143837e-11,7.929222711289237,0.2738862915855711,3.903221731006314,0.591423223025366
DTXSID5022308,Genistein,446-72-0,C15H10O5,270.052823,188,671,28,Active,0.9999054639255214,-104.32386711105396,3.6034902949858942,28.82127997046257,1.4597132641866843
DTXSID2022381,meso-Hexestrol,84-16-2,C18H22O2,270.16198,335,722,46,Active,0.9999999795092556,-80.3676711601315,2.7760102369275157,10.09182874871368,1.0039698722339936
DTXSID8024109,Flutolanil,66332-96-5,C17H16F3NO2,323.113313,95,683,14,Inactive,0.4264146543972225,-32.57127632227388,1.125056819430167,33.51103598772501,1.5251878541795736
DTXSID4021395,Trifluralin,1582-09-8,C13H16F3N3O4,335.10929,99,762,13,Active,0.9988961814556592,-75.49759682055843,2.607791150495166,50.0,1.6989700043360187
DTXSID6034392,Boscalid,188425-85-6,C18H12Cl2N2O,342.032668,63,739,9,Active,0.999141573165444,-60.60421080540627,2.093353050650294,50.0,1.6989700043360187
DTXSID8021272,Sodium chlorite,7758-19-2,ClNaO2,89.948451,12,639,2,Inactive,0.0061105969664036,-13.112200775942291,0.4529135043634524,50.0,1.6989700043360187
DTXSID1048172,PharmaGSID_48172,NOCAS_48172,C27H28N4O7S,552.16787,137,665,21,Active,0.9999999999997892,-141.21508261094385,4.877763773389194,6.413907385613627,0.8071226845903419
DTXSID5047295,UK-373911,291305-06-1,C17H18Cl2N2O2S,384.046604,293,618,47,Active,0.9999999998761746,-143.40924938848764,4.953553320953059,15.746843554445377,1.1971935127752482
DTXSID0024002,Fenpropathrin,39515-41-8,C22H23NO3,349.167794,124,687,18,Active,0.9999755312716452,-96.55771239599338,3.335236596958298,50.0,1.6989700043360187
DTXSID6047363,Volinanserin,139290-65-6,C22H28FNO3,373.205322,105,672,16,Active,0.9992176244775516,-58.105409666326494,2.0070410119661037,35.70172191808026,1.5526891629325388
DTXSID2020634,5-Fluorouracil,51-21-8,C4H3FN2O2,130.017856,107,662,16,Active,0.999999999999988,-93.40056512017486,3.2261843744583163,1.760556270246306,0.2456499103871317
DTXSID8020620,Fenthion,55-38-9,C10H15O3PS2,278.020024,118,752,16,Active,0.9914732860910528,-62.536346104103245,2.1600916694367576,33.50745488876042,1.5251414415701396
DTXSID7025132,"1,2-Dimethyl-3-nitrobenzene",83-41-0,C8H9NO2,151.063329,6,594,1,Inactive,0.0116161679093395,-14.569844942886364,0.5032625448522822,50.0,1.6989700043360187
DTXSID4048513,PharmaGSID_48513,825643-57-0,C30H30F7N3O3,613.217539,324,619,52,Active,0.9999999946061048,-145.23543094366383,5.01663215126477,10.143119779933851,1.0061715540920728
DTXSID2021105,Fartox,82-68-8,C6Cl5NO2,292.837167,96,674,14,Active,0.9999488493331964,-145.03926861964675,5.009856433968124,50.0,1.6989700043360187
DTXSID0032572,Prallethrin,23031-36-9,C19H24O3,300.172545,218,792,28,Active,0.9999120493000536,-109.8895312710865,3.7957360134510503,49.75,1.6967930850817443
DTXSID0024266,Pirimiphos-methyl,29232-93-7,C11H20N3O3PS,305.0963,143,726,20,Active,0.9965627759947508,-85.96305809775423,2.969282621136114,83.28414488618526,1.9205623310126132
DTXSID4021218,Quercetin,117-39-5,C15H10O7,302.042653,179,651,27,Active,0.9999999999990914,-124.25729915846652,4.292018538021097,12.762316142042488,1.1059294985565489
DTXSID0034930,Fosthiazate,98886-44-3,C9H18NO3PS2,283.046573,37,693,5,Inactive,1.3471822879618728e-08,-20.845073844413783,0.7200176084025773,0.3138030170650692,-0.5033428851964622
DTXSID2047272,CJ-013610,249296-43-3,C23H27N3O5S2,489.139213,239,639,37,Active,0.999974370134584,-74.07945698313773,2.5588066440481567,24.033816077978813,1.3808227333519218
DTXSID0032578,Thiodicarb,59669-26-0,C10H18N4O4S3,354.049019,178,682,26,Active,0.9999394294711522,-154.5900672323574,5.339754194311221,77.85117512481624,1.8912651724130856
DTXSID8022959,Docusate sodium,577-11-7,C20H37NaO7S,444.215769,333,686,49,Active,0.999997525581244,-139.43521512113722,4.816284694790128,85.22238360309967,1.9305536769096872
DTXSID5027932,Dodecylbenzene sulfonate triethanolamine(1:1),27323-41-7,C24H45NO6S,,175,686,26,Active,0.9998147088396916,-110.30891141528213,3.810221982207462,75.02054333309167,1.8751802051853923
DTXSID9036515,Testosterone propionate,57-85-2,C22H32O3,344.235145,263,673,39,Inactive,-0.9609205465510564,32.35451162994211,1.1175694679089505,0.00044449561729,-3.3521325167998417
DTXSID4023412,Oxytetracycline dihydrate,6153-64-6,C22H28N2O11,496.16931,124,783,16,Inactive,-2.52266996062e-05,20.03689415039095,0.6921019668081586,16.223215312575746,1.210136932126872
DTXSID5034773,Novaluron,116714-46-6,C17H9ClF8N2O4,492.01231,27,662,4,Inactive,0.466477222018435,-34.002947444188464,1.1745087151113245,50.0,1.6989700043360187
DTXSID8021771,4-(2-Methylbutan-2-yl)phenol,80-46-6,C11H16O,164.120115,127,678,19,Active,0.9996623212419532,-149.09321017255044,5.149885168013975,71.66801127642964,1.8553253533511385
DTXSID8026193,"1,2,3-Trichlorobenzene",87-61-6,C6H3Cl3,179.930033,4,632,1,Inactive,0.0003726620011774,-13.456662092382404,0.4648116734513435,50.0,1.6989700043360187
DTXSID5021419,L-Tryptophan,73-22-3,C11H12N2O2,204.089878,14,583,2,Active,0.997188657448526,-47.948676324154995,1.656213430121253,9.921670816948652,0.9965848138355904
DTXSID3027403,Tributyltin chloride,1461-22-9,C12H27ClSn,326.082331,557,828,67,Active,1.0,-142.5833196832922,4.925024569484863,0.6311403696965109,-0.1998740401140731
DTXSID7020267,Chlordane,57-74-9,C10H6Cl8,405.797772,307,649,47,Active,0.9999999999421432,-143.3701535593804,4.952202897079179,13.63356141465251,1.134609318835096
DTXSID6027397,"Sorbitan, mono-(9Z)-9-octadecenoate",1338-43-8,C24H44O6,428.313789,14,664,2,Inactive,-7.308353754162788e-13,12.768762244236598,0.4410506636713194,0.0006391751957952,-3.194380086851572
DTXSID8025595,"N,N'-Methylenebisacrylamide",110-26-9,C7H10N2O2,154.074228,23,590,4,Inactive,0.6321285617592677,-36.63536914253683,1.2654361922552724,87.31035436742147,1.9410657508989009
DTXSID7020685,beta-Hexachlorocyclohexane,319-85-7,C6H6Cl6,287.860066,41,595,7,Active,0.9885159519633636,-42.264672912300504,1.4598801106376031,37.82742295432656,1.5778067553863695
DTXSID6020939,Nitrilotriacetic acid,139-13-9,C6H9NO6,191.042987,15,627,2,Inactive,0.0,-16.151541005511476,0.5578965089596487,0.0018428857249676,-2.7345015940021216
DTXSID9023889,Quizalofop-ethyl,76578-14-8,C19H17ClN2O4,372.087685,50,661,8,Inactive,1.9835292191607408e-08,-14.570646728291011,0.5032902396263002,0.001488424416524,-2.827273214305772
DTXSID9047251,CP-122721,145742-28-5,C20H23F3N2O2,380.171162,268,687,39,Active,0.9999787615988234,-147.61003855892292,5.098654374299091,67.03336561800594,1.826291025042447
DTXSID2039336,S-Bioallethrin,28434-00-6,C19H26O3,302.188195,210,738,28,Active,0.9998495595173362,-121.19913592546555,4.1863853609181945,61.334880646709216,1.7877075245048406
DTXSID8047391,SAR102608,1068967-96-3,C20H16FN5O,361.133888,99,646,15,Inactive,-0.2118590951781806,23.48749916574777,0.8112906244854242,0.0037581804053194,-2.425022376136985
DTXSID3022588,Aminopterin,54-62-6,C19H20N8O5,440.155666,86,634,14,Inactive,-5.656880224882285e-11,28.42824577981901,0.9819508287782506,10.04108902790509,1.0017808177055154
DTXSID9032113,Tebuconazole,107534-96-3,C16H22ClN3O,307.14514,180,746,24,Active,0.999931790497045,-133.7232634144825,4.618986002646674,58.8952851597296,1.7700805288945485
DTXSID8048521,PharmaGSID_48521,1191914-21-2,C31H49N5O4,555.378455,12,590,2,Inactive,0.3114937933057869,-29.139876449900385,1.0065315338869172,45.0,1.6532125137753435
DTXSID8041248,"2,5-Di-tert-butylbenzene-1,4-diol",88-58-4,C14H22O2,222.16198,255,686,37,Inactive,0.000675876636811,-5.986582918937958,0.2067848330963132,50.0,1.6989700043360187
DTXSID7024827,Chlorpromazine hydrochloride,69-09-0,C17H20Cl2N2S,354.072425,415,742,56,Inactive,0.8605406306330697,-141.58988910245137,4.890710106688048,71.87404839608035,1.8565721077280577
DTXSID2020921,2-Naphthylamine,91-59-8,C10H9N,143.073499,69,635,11,Inactive,0.0,6.680011163695818,0.230736801322281,0.0140944946886791,-1.8509504897002993
DTXSID7037717,Bisphenol AF,1478-61-1,C15H10F6O2,336.058499,417,807,52,Inactive,0.4899729938597237,-150.009178641671,5.181523982605419,80.37781505420972,1.9051361963969815
DTXSID4026684,2-(Phenylmethylene)octanal,101-86-0,C15H20O,216.151415,85,602,14,Active,0.9997747262069644,-132.06925923156302,4.561854416308222,78.54657701059267,1.8951272636242065
DTXSID0026915,1-Undecanol,112-42-5,C11H24O,172.182715,56,603,9,Active,0.9999712002283052,-134.08966433348087,4.6316419958747534,85.01982720218345,1.9295202179539168
DTXSID6022927,Didanosine,69655-05-6,C10H12N4O3,236.09094,10,657,2,Inactive,3.127515236162715e-07,-17.608800958049496,0.6082322781528322,49.99999999999999,1.6989700043360187
DTXSID1047281,CP-612372,353280-07-6,C22H20N4O4,404.148455,54,613,9,Inactive,0.4475919295110328,-30.6591980499782,1.059010998006233,50.0,1.6989700043360187
DTXSID0023907,Benzo(b)fluoranthene,205-99-2,C20H12,252.0939,162,634,26,Active,0.9999089349559468,-67.65375630285874,2.336854077669258,4.103608013061007,0.6131658691858521
DTXSID7022332,4-(Butan-2-yl)phenol,99-71-8,C10H14O,150.104465,82,664,12,Active,0.9999833756019046,-136.97862191897698,4.731430576477112,61.624386213997745,1.789752606683642
DTXSID5022439,Phenolphthalin,81-90-3,C20H16O4,320.104859,33,642,5,Inactive,3.523999685055192e-09,-15.58477660761557,0.5383196847494481,77.00177049638204,1.8865007109902616
DTXSID4022442,Bisphenol B,77-40-7,C16H18O2,242.13068,234,687,34,Active,0.9999999920744108,-143.05444483427357,4.9412978821629485,42.44257875068155,1.6278017631455994
DTXSID7040362,5-Chloro-N-(2-chloro-4-nitrophenyl)-2-hydroxybenzamide,50-65-7,C13H8Cl2N2O4,325.986112,324,716,45,Active,0.9999999999999964,-120.195394751719,4.151714756017945,0.8205181226415897,-0.0859118223179916
DTXSID1020855,Methyl parathion,298-00-0,C8H10NO5PS,263.001731,138,818,17,Inactive,0.000757215123062,-21.645964833321376,0.7476814880668347,10.06236742238798,1.0027001713282595
DTXSID5027061,2-Naphthalenol,135-19-3,C10H8O,144.057515,99,626,16,Inactive,4.186282260659422e-17,-10.984862023893657,0.3794322889959824,1.2330253449386517,0.0909720036467237
DTXSID0021389,Trichlorfon,52-68-6,C4H8Cl3O4P,255.922579,92,711,13,Active,0.9823161869525924,-47.25759175797367,1.6323424157866522,50.0,1.6989700043360187
DTXSID7020348,Coumarin,91-64-5,C9H6O2,146.036779,11,588,2,Inactive,0.0180157336240261,-25.438079889464603,0.8786663736993392,29.76179834675603,1.4736591697661805
DTXSID1024126,Heptachlor epoxide B,1024-57-3,C10H5Cl7O,385.816009,193,642,30,Active,0.999968324068786,-129.43979436908128,4.4710290723543515,68.87399291654975,1.8380552616023769
DTXSID8020597,Ethylene glycol,107-21-1,C2H6O2,62.036779,16,603,3,Inactive,1.159172679883597e-13,-10.645413893119432,0.3677072822571706,0.0765312270891918,-1.1161613232079517
DTXSID1026081,"3,3',5,5'-Tetrabromobisphenol A",79-94-7,C15H12Br4O2,539.757082,309,747,41,Active,0.9999985413317944,-132.7861065274393,4.586615310868689,24.313209438643916,1.385842291195979
DTXSID1020069,o-Aminoazotoluene,97-56-3,C14H15N3,225.126597,314,659,48,Active,0.9999998306517212,-140.2105501218832,4.843065835366299,42.21128435598041,1.6254285665640062
DTXSID8034586,Etoxazole,153233-91-1,C21H23F2NO2,359.169685,207,684,30,Active,0.9999999998214878,-148.6678708697191,5.135193361697045,19.132373181449186,1.2817688432987926
DTXSID5020867,"4,4'-Methylenebis(o-toluidine)",838-88-0,C15H18N2,226.146999,80,644,12,Inactive,0.8636178907047348,-36.30860210042731,1.2541492078137404,22.472892268995945,1.3516589698660193
DTXSID4047252,Ingliforib,186392-65-4,C23H24ClN3O5,457.140449,81,612,13,Active,0.9999962285131294,-154.30573901962347,5.329933105584834,30.92095747979182,1.4902529335565045
DTXSID7048168,Fabesetron hydrochloride,129299-90-7,C18H20ClN3O,329.12949,293,679,43,Active,0.9999931094546712,-128.53396889004426,4.439740610633639,50.09274684810768,1.69977484698733
DTXSID3020209,Butylparaben,94-26-8,C11H14O3,194.094294,121,677,18,Active,0.9999813552554314,-138.3593481076552,4.77912276388077,56.71710400548454,1.753714047517979
DTXSID9029221,Clopyralid,1702-17-6,C6H3Cl2NO2,190.954084,15,651,2,Inactive,0.000132524239682,-18.31827455953311,0.6327384751362451,50.00000000000001,1.6989700043360187
DTXSID0034803,Penoxsulam,219714-96-2,C16H14F5N5O5S,483.063581,38,679,6,Inactive,0.1887125397215505,-25.160708895812633,0.8690855969182074,50.0,1.6989700043360187
DTXSID1021160,Picloram,1918-02-1,C6H3Cl3N2O2,239.92601,14,669,2,Inactive,0.0008061053353127,-6.873921304810596,0.2374347251143757,50.0,1.6989700043360187
DTXSID0020523,"2,4-Dinitrophenol",51-28-5,C6H4N2O5,184.012021,141,584,24,Active,0.9836873015694244,-69.62672421525151,2.4050031112653545,50.0,1.6989700043360187
DTXSID0027983,Dipropylene glycol monomethyl ether,34590-94-8,C7H16O3,,12,631,2,Inactive,-4.4815853869492216e-08,9.202545302187405,0.3178686105481478,0.0006100098516436,-3.2146631510877315
DTXSID3047394,Grinstad Soft-N-Safe,NOCAS_47394,,,28,607,5,Inactive,4.1630027998e-05,-11.076283881093008,0.3825901260690346,25.000000000000004,1.3979400086720375
DTXSID0048509,PharmaGSID_48509,NOCAS_48509,C25H39N3O2,413.304228,158,637,25,Active,0.9999735678221544,-121.69915706021084,4.203656780740317,50.0,1.6989700043360187
DTXSID0021464,Ziram,137-30-4,C6H12N2S4Zn,303.917475,379,642,59,Active,0.9999999999674096,-152.50057613044908,5.267580288994129,18.107855288620044,1.257867015113865
DTXSID2037714,4-Heptylphenol,1987-50-4,C13H20O,192.151415,162,611,27,Active,0.9999995814784052,-154.63955478635484,5.341463562699209,50.0,1.6989700043360187
DTXSID0034695,Mancozeb,8018-01-7,C8H12MnN4S8Zn,538.749952,247,908,27,Inactive,-1.3257737431e-06,15.457834692578778,0.5339349358752997,0.0472730371056715,-1.3253864950979108
DTXSID3044203,Pioglitazone hydrochloride,112529-15-4,C19H21ClN2O3S,392.096141,119,621,19,Active,0.9997622000061154,-80.73052500642342,2.788543709370781,26.478741576328083,1.422897341060583
DTXSID9032610,Etofenprox,80844-07-1,C25H28O3,376.203845,67,670,10,Active,0.9920325798616206,-47.8027728287224,1.65117372210088,50.0,1.6989700043360187
DTXSID4047335,MK-812,851916-42-2,C28H40F3N3O7,587.281835,17,592,3,Inactive,5.7573398617884626e-11,-6.736193922387981,0.2326774313171146,50.0,1.6989700043360187
DTXSID1020560,Endosulfan,115-29-7,C9H6Cl6O3S,403.816881,345,810,43,Active,0.9999990358452308,-133.23089995278582,4.601979089416157,17.17115695481493,1.2347995579544089
DTXSID5021386,"2,4,6-Trichlorophenol",88-06-2,C6H3Cl3O,195.924948,36,612,6,Inactive,0.4535674672809578,-32.766821220709275,1.1318112099954232,50.0,1.6989700043360187
DTXSID5023902,Benz(a)anthracene,56-55-3,C18H12,228.0939,160,663,24,Inactive,-0.0010802687990394,19.229934812221607,0.6642284779885197,0.0007262876001612,-3.138891370443491
DTXSID2020426,Dichloran,99-30-9,C6H4Cl2N2O2,205.964983,186,730,25,Active,0.9902098795750154,-67.96015609636919,2.347437549245568,50.00000000000001,1.6989700043360187
DTXSID9047542,Picoxystrobin,117428-22-5,C18H16F3NO4,367.103142,307,694,44,Active,0.9923752516289396,-64.81103663198098,2.2386626184275396,49.99999999999999,1.6989700043360187
DTXSID7034961,Thiacloprid,111988-49-9,C10H9ClN4S,252.023645,24,742,3,Inactive,2.0738423094164867e-08,-8.556774666410364,0.2955628018847067,50.00000000000001,1.6989700043360187
DTXSID8037752,Diphenyl isophthalate,744-45-6,C20H14O4,318.089209,30,636,5,Inactive,0.0058064609500874,-13.689480635172751,0.4728535471152549,50.0,1.6989700043360187
DTXSID0022018,Disulfoton,298-04-4,C8H19O2PS3,274.02848,55,742,7,Active,0.98883570353075,-81.82203027837734,2.8262458073022634,80.60986090379157,1.9063881717573723
DTXSID8040222,Trifloxysulfuron-sodium,199119-58-9,C14H13F3N5NaO6S,459.043633,20,651,3,Inactive,-8.91301950864e-05,10.175437310294148,0.3514736427077592,0.0006100001719633,-3.2146700425585695
DTXSID5047322,SB243213A,200940-23-4,C22H20ClF3N4O2,464.122688,181,633,29,Active,0.9999999975307564,-134.38571810674762,4.6418681016385,15.099465887323014,1.1789615852871511
DTXSID0021123,Phenobarbital sodium,57-30-7,C12H11N2NaO3,254.066736,15,673,2,Inactive,0.0042139784888345,-17.42865833237915,0.6020099033378212,50.0,1.6989700043360187
DTXSID6024882,Cycloheximide,66-81-9,C15H23NO4,281.162708,259,632,41,Active,1.0,-119.20358991423362,4.117456448639499,1.3516165262944515,0.130853493279396
DTXSID4021185,Prednisone,53-03-2,C21H26O5,358.178024,46,653,7,Inactive,0.8028443411557789,-35.75770440077943,1.2351204412506878,22.761174750146687,1.3571946731158364
DTXSID2032637,Pymetrozine,123312-89-0,C10H11N5O,217.09636,18,747,2,Inactive,0.0580880590911803,-24.67071085115114,0.85216038845541,50.0,1.6989700043360187
DTXSID0022777,Celecoxib,169590-42-5,C17H14F3N3O2S,381.075882,266,645,41,Active,0.99999999990809,-144.7170197376553,4.9987255130103145,15.946810808992268,1.2026738418418184
DTXSID1020510,"7,12-Dimethylbenz[a]anthracene",57-97-6,C20H16,256.125201,356,712,50,Active,0.9999960953639292,-103.09880821124604,3.561175070498053,41.05306075798691,1.6133455419853082
DTXSID5032525,Bifenazate,149877-41-8,C17H20N2O3,300.147393,107,683,16,Inactive,0.0031034631288427,-22.488798705379764,0.7767941327794268,50.0,1.6989700043360187
DTXSID2047307,PD-0333941,501027-49-2,C23H22N2O4,390.157957,141,629,22,Active,0.9995986091928296,-131.37983148826032,4.538040630921598,65.65947733731791,1.8172974213354145
DTXSID9020370,Daminozide,1596-84-5,C6H12N2O3,160.084792,8,667,1,Inactive,0.045980866957819,-20.12285511481827,0.6950711771110296,50.0,1.6989700043360187
DTXSID9022312,4-Octylphenol,1806-26-4,C14H22O,206.167065,200,621,32,Active,0.9999999677084412,-149.77835579958,5.173551043196927,28.85580057626586,1.4602331278920029
DTXSID9047330,PharmaGSID_47330,425377-76-0,C21H15F2N5O,391.124466,195,653,30,Active,0.9999998639097232,-130.79727851614078,4.517918447575831,51.05536715984985,1.7080414037272074
DTXSID7021150,Phenylmercuric acetate,62-38-4,C8H8HgO2,338.023072,503,740,68,Active,0.9999999999999988,-142.3218307694152,4.91599238165004,1.6287692206758797,0.2118595537454883
DTXSID5020528,"2,6-Dinitrotoluene",606-20-2,C7H6N2O4,182.032757,14,609,2,Inactive,2.2258979750136498e-17,-9.93221316476006,0.3430723451695331,8.882995164926914,0.9485594257196638
DTXSID3032549,Fenhexamid,126833-17-8,C14H17Cl2NO2,301.063634,112,699,16,Active,0.999981082956547,-144.89884569600505,5.005006032458393,50.0,1.6989700043360187
DTXSID5025607,"1,2-Dimethoxy-4-(2-propen-1-yl)benzene",93-15-2,C11H14O2,178.09938,18,604,3,Inactive,-1.9609545019228187e-12,19.556155117412256,0.6754965773825967,0.0043412517140151,-2.36238503221279
DTXSID4020373,"p,p'-DDD",72-54-8,C14H10Cl4,317.953661,315,703,45,Active,0.9999995999558012,-147.5722009848079,5.097347412288527,18.122652091668066,1.2582217531915516
DTXSID8032386,Ethalfluralin,55283-68-6,C13H14F3N3O4,333.09364,116,760,15,Active,0.9981919583097476,-76.20599323923834,2.63226014009846,50.0,1.6989700043360187
DTXSID4047331,MK-547,331623-06-4,C31H31NNa2O7,575.189591,12,608,2,Active,0.9751233427810432,-39.13848654739163,1.351897320714043,19.867697970834463,1.298147549219452
DTXSID7034676,Isazofos,42509-80-8,C9H17ClN3O3PS,313.041677,94,688,14,Inactive,0.6731303587385219,-32.576715128712145,1.1252446833079095,9.921296081175274,0.9965684104741974
DTXSID1034212,Spiroxamine,118134-30-8,C18H35NO2,297.266779,128,724,18,Active,0.9999991300616335,-130.4574526735433,4.5061803941495535,77.69530575271051,1.890394780097174
DTXSID8020127,3'-Azido-3'-deoxythymidine,30516-87-1,C10H13N5O4,267.096754,8,607,1,Inactive,0.51400951368911,-31.5427786805526,1.0895310919721035,50.0,1.6989700043360187
DTXSID5020811,Mercuric chloride,7487-94-7,Cl2Hg,271.908348,406,721,56,Active,0.9999999999998748,-153.36681502092753,5.297501375332461,5.656687097157246,0.7525621561601756
DTXSID2020420,Propyzamide,23950-58-5,C12H11Cl2NO,255.021769,87,742,12,Active,0.901740518596022,-37.03291562741185,1.2791679962970832,26.391725086939083,1.4214677786722074
DTXSID1023990,Cyanazine,21725-46-2,C9H13ClN6,240.089022,41,679,6,Active,0.986117572864377,-42.21142623613483,1.4580408969838472,27.04662060587828,1.4321130090394536
DTXSID7024081,Endothal,145-73-3,C8H10O5,186.052823,140,583,24,Active,0.9999996137513388,-119.653163066353,4.132985325543801,35.404685600127685,1.5490607421280036
DTXSID7034545,Dimethomorph,110488-70-5,C21H22ClNO4,387.123736,129,727,18,Active,0.970235199445513,-33.64761347196558,1.162234989492805,15.212056181520618,1.182187920689015
DTXSID3025178,"1,3-Diphenylguanidine",102-06-7,C13H13N3,211.110947,90,643,14,Inactive,0.636774208525072,-29.06111232840284,1.003810912467589,17.64666110288056,1.2466625453177116
DTXSID5023825,Indium arsenide,1303-11-3,AsIn,189.825474,6,590,1,Inactive,0.0005139683186498,-14.887018064623923,0.5142181420484159,50.0,1.6989700043360187
DTXSID5044493,1-[3-(Triethoxysilyl)propyl]urea,23779-32-0,C10H24N2O4Si,264.150534,2,585,0,Inactive,1.0454970014106985e-07,-13.245011215008248,0.4575009601537705,50.0,1.6989700043360187
DTXSID2040361,Metam-sodium hydrate,6734-80-1,C2H10NNaO3S2,182.99998,65,743,9,Inactive,3.523234589604693e-09,-9.370589529464452,0.3236730899917313,92.56450662835788,1.9664444906734089
DTXSID9026132,Theobromine,83-67-0,C7H8N4O2,180.064726,5,638,1,Inactive,2.1607506240999705e-07,-10.529875116925917,0.3637164135304133,21.0,1.3222192947339193
DTXSID2032556,Fluthiacet-methyl,117337-19-6,C15H15ClFN3O3S2,403.02274,45,670,7,Inactive,0.0001766346660609,-7.898372476928698,0.2728206819298449,50.0,1.6989700043360187
DTXSID3021774,Acenaphthene,83-32-9,C12H10,154.07825,19,599,3,Inactive,1.1263694349e-06,-11.478177111280864,0.3964720726907106,50.0,1.6989700043360187
DTXSID1020431,"1,4-Dichlorobenzene",106-46-7,C6H4Cl2,145.969006,3,592,1,Inactive,3.895979386829305e-07,-10.130898194562844,0.3499352002043371,50.0,1.6989700043360187
DTXSID0021961,Benzophenone,119-61-9,C13H10O,182.073165,25,602,4,Inactive,0.0027900132170336,-19.914793945047897,0.6878844572664436,50.0,1.6989700043360187
DTXSID2021026,N-Nitrosodibutylamine,924-16-3,C8H18N2O,158.141913,7,592,1,Inactive,6.72355059457e-05,-13.816700833497295,0.4772479082780813,50.0,1.6989700043360187
DTXSID1047362,SSR150106,NOCAS_47362,C17H17NO3,283.120843,260,680,38,Active,0.9999824494792476,-100.5700833381193,3.473829424757165,64.97657672305502,1.8127568269004684
DTXSID4021717,4-Chloro-3-methylphenol,59-50-7,C7H7ClO,142.018542,21,626,3,Inactive,0.0016835947841961,-23.098372418750618,0.7978496498057662,50.00000000000001,1.6989700043360187
DTXSID8047341,SSR146977,264618-44-2,C35H42Cl2N4O2,620.268482,193,687,28,Active,0.9999979222273742,-139.83419250090978,4.830065923915758,16.665945099573186,1.2218299468529086
DTXSID6021032,N-Nitrosodi-n-propylamine,621-64-7,C6H14N2O,130.110613,5,631,1,Inactive,0.0,-11.678148860653009,0.4033793727945956,1.2208797074158286,0.0866728752641762
DTXSID5034270,Imazapic,104098-48-8,C14H17N3O3,275.126991,8,646,1,Inactive,1.3314110841222302e-19,-9.963921513635604,0.3441675952844605,5.686176103114206,0.7548203058339196
DTXSID6020147,1H-Benzotriazole,95-14-7,C6H5N3,119.048347,9,607,1,Inactive,2.7217221874808296e-13,-13.08928743915114,0.4521220460994985,17.967393732349787,1.2544850849137543
DTXSID0047296,Zenarestat,112733-06-9,C17H11BrClFN2O4,439.957476,49,609,8,Inactive,1.64555925263e-05,-12.867674422114025,0.4444672267542216,25.0,1.3979400086720375
DTXSID1024097,2-Butoxyethanol,111-76-2,C6H14O2,118.09938,3,585,1,Inactive,4.5735857432804e-07,-6.805429282908588,0.2350689161864425,50.0,1.6989700043360187
DTXSID1047289,UK-343664,215297-27-1,C28H35N7O4S,565.247124,81,608,13,Inactive,0.0374042069919629,-26.68454840452886,0.9217211158347908,25.0,1.3979400086720375
DTXSID3026728,(Z)-Nerol,106-25-2,C10H18O,154.135765,25,627,4,Inactive,1.2401085205e-06,-7.328396182957795,0.2531329143980895,50.0,1.6989700043360187
DTXSID0047294,CP-863187,668981-02-0,C18H14F2N4O,340.113567,118,615,19,Active,0.9972408944585625,-65.27668492648525,2.2547467529270464,37.13224462733131,1.5697512029239593
DTXSID1027635,"2,2,4-Trimethyl-1,3-pentanediol diisobutyrate",6846-50-0,C16H30O4,286.214409,29,634,5,Active,0.9998771968262892,-83.94932208022914,2.899725400945162,90.09215720236622,1.954686985962573
DTXSID9047253,CP-401387,199171-88-5,C23H29N3O2,379.225977,227,608,37,Inactive,0.0396311040460192,-23.044470803810775,0.7959878136631986,42.84872571915011,1.6319379109413543
DTXSID9034365,Butafenacil,134605-64-4,C20H18ClF3N2O6,474.080549,67,655,10,Active,0.9937239278880108,-45.267446303055216,1.56360004617362,50.5,1.7032913781186614
DTXSID9042209,N-Methyldioctylamine,4455-26-9,C17H37N,255.2926,16,618,3,Inactive,2.01726309706e-05,-15.296621773062627,0.5283664192262344,50.0,1.6989700043360187
DTXSID2047274,CP-114271,113734-18-2,C17H19F3N2O4S,404.101763,16,605,3,Inactive,0.0010328055410483,-16.921776418857768,0.5845015027516562,0.3217884144536319,-0.4924295961270862
DTXSID4027991,1-Hexadecanol,36653-82-4,C16H34O,242.260966,22,600,4,Inactive,2.819549854091911e-15,-20.207005853594975,0.697977859722545,0.1268668660102321,-0.8966517883692195
DTXSID5028033,Triisononyl trimellitate,53894-23-8,,,6,586,1,Inactive,0.0537836872241124,-27.526313694446188,0.950796850246017,2.765085770450213,0.4417086072701952
DTXSID9020243,Captan,133-06-2,C9H8Cl3NO2S,298.934133,252,741,34,Active,0.9999934489029636,-133.7636644037807,4.620381508554146,17.198518113263685,1.2354910281309222
DTXSID9027441,Octabenzone,1843-05-6,C21H26O3,326.188195,35,598,6,Active,0.999678072077529,-70.88920630316869,2.448610984299435,13.747537890771827,1.1382249253519483
DTXSID6047319,Carabersat,184653-84-7,C20H20FNO4,357.137636,20,580,3,Inactive,4.535377552565062e-08,-11.455721095038276,0.3956964109094226,13.76779542924488,1.1388644043408465
DTXSID2022179,Pentachloropyridine,2176-62-7,C5Cl5N,248.847338,76,630,12,Active,0.985060960952382,-51.57623475118314,1.7815143027621707,50.0,1.6989700043360187
DTXSID1023996,Cyclohexylamine,108-91-8,C6H13N,99.104799,2,587,0,Inactive,7.401977875746023e-15,-9.416596536130386,0.3252622354731346,0.804149006801997,-0.0946634701123199
DTXSID9033058,"4-Amino-1,2,4-triazole",584-13-4,C2H4N4,84.043596,10,595,2,Inactive,0.0001637682671179,-16.14762133562853,0.557761118154324,92.75569346671026,1.967340576672923
DTXSID1037303,Perfluoroheptanoic acid,375-85-9,C7HF13O2,363.976895,42,717,6,Inactive,2.985629603977117e-08,-14.095651015297332,0.4868832323964917,7.784388547322548,0.8912245050283782
DTXSID4024066,"1,2-Dinitrobenzene",528-29-0,C6H4N2O4,168.017107,113,611,18,Active,0.9999917806227872,-133.3776245775794,4.607047160377487,67.23577941092728,1.8276004436717432
DTXSID0021834,4-Nitrophenol,100-02-7,C6H5NO3,139.026943,42,611,7,Inactive,0.6770714606540055,-31.369299546662265,1.0835388833561126,50.0,1.6989700043360187
DTXSID7029871,Clotrimazole,23593-75-1,C22H17ClN2,344.108026,395,653,60,Active,0.9999999999609016,-133.13469626405706,4.598656081285076,14.738139735648934,1.1684426698508763
DTXSID0020105,Sodium L-ascorbate,134-03-2,C6H7NaO6,198.014032,17,630,3,Inactive,-3.8478625126521745e-12,9.148249652332844,0.3159931638960162,0.0019494750463872,-2.7100823194837727
DTXSID0020941,Sodium nitrite,7632-00-0,NNaO2,68.982673,1,585,0,Inactive,3.918139915600625e-07,-6.028697125695926,0.2082395158983974,50.0,1.6989700043360187
DTXSID9034232,2-(m-Chlorophenoxy)propionic acid,101-10-0,C9H9ClO3,200.024022,15,663,2,Inactive,3.4232056956387895e-08,-4.803121373758476,0.1659064386249545,50.00000000000001,1.6989700043360187
DTXSID7020895,Mirex,2385-85-5,C10Cl12,539.626232,37,648,6,Inactive,0.0672320987203793,-28.463026730894747,0.9831522108121276,14.91730658977181,1.1736904157107475
DTXSID5020863,Methyldopa sesquihydrate,41372-08-1,C20H32N2O11,476.20061,26,607,4,Inactive,-1.3437781705e-06,10.171041159044666,0.3513217935786818,50.0,1.6989700043360187
DTXSID4020791,Malathion,121-75-5,C10H19O6PS2,330.036068,134,775,17,Active,0.9999567657229876,-104.16615837311464,3.5980428176028534,85.1499426775792,1.930184359934328
DTXSID5032523,"1,2-Benzisothiazolin-3-one",2634-33-5,C7H5NOS,151.009185,270,635,43,Active,0.9999999956521672,-128.1468823574877,4.426370107775434,7.867365066106963,0.8958293030250163
DTXSID5032577,Tefluthrin,79538-32-2,C17H14ClF7O2,418.057054,91,702,13,Active,0.9373779790221684,-35.92507848744667,1.2409017731130838,30.57674363173459,1.4853912319568727
DTXSID2021440,Vinylpyrrolidone,88-12-0,C6H9NO,111.068414,6,579,1,Inactive,1.7669635542286998e-08,-9.794924164893496,0.3383301937105497,50.0,1.6989700043360187
DTXSID4024272,Prometryn,7287-19-6,C10H19N5S,241.136117,79,682,12,Inactive,0.0,16.50228119071344,0.5700115588368873,10.236870642793043,1.0101672154020347
DTXSID2047276,CP-409092,194098-25-4,C17H19N3O2,297.147727,38,620,6,Active,0.9733414721160916,-43.49217288452989,1.5022796531345797,66.95141309823492,1.8257597478049252
DTXSID3047344,Cariporide mesylate,159138-81-5,C13H21N3O6S2,379.087178,76,622,12,Inactive,0.0001692688808254,-14.69319898149433,0.5075233635247528,69.00481865806557,1.838879418904478
DTXSID3023556,Retinol,68-26-8,C20H30O,286.229666,162,656,25,Active,0.9999379909878612,-110.74742430689518,3.825368822455166,79.78119527547261,1.901900538587678
DTXSID2034625,Fluoxastrobin,361377-29-9,C21H16ClFN4O5,458.079325,274,760,36,Active,0.9999537958368464,-71.81310031715712,2.480523558144678,55.5214097239249,1.7444604846000586
DTXSID4034948,Tebufenozide,112410-23-8,C22H28N2O2,352.215078,101,670,15,Active,0.9842187944736112,-55.69192181244704,1.9236758118507469,50.0,1.6989700043360187
DTXSID1022265,Alachlor,15972-60-8,C14H20ClNO2,269.118257,127,664,19,Active,0.9873927248317064,-65.2495582488106,2.253809760056261,50.0,1.6989700043360187
DTXSID2021575,Dalapon,75-99-0,C3H4Cl2O2,141.958835,4,606,1,Inactive,0.0140064110174142,-13.366290792796608,0.4616901240876105,50.0,1.6989700043360187
DTXSID6022000,Ethanolamine,141-43-5,C2H7NO,61.052764,3,643,0,Inactive,0.0079149205891981,-15.410949581064015,0.5323154594409865,50.0,1.6989700043360187
DTXSID3034402,Butachlor,23184-66-9,C17H26ClNO2,311.165207,221,697,32,Active,0.9997491958492162,-130.0142654901909,4.490872097416531,70.91379489439649,1.8507307269144695
DTXSID3021196,"2,4-Bis(isopropylamino)-6-chloro-1,3,5-triazine",139-40-2,C9H16ClN5,229.109423,46,664,7,Inactive,7.4545216555e-05,-7.277479698752579,0.2513741887893754,50.0,1.6989700043360187
DTXSID1020350,2-Methoxy-5-methylaniline,120-71-8,C8H11NO,137.084064,20,606,3,Inactive,0.0488746072042827,-25.722514222283884,0.8884911279598766,19.13957849233195,1.2819323691529445
DTXSID0047456,"2-Norbornene-5,6-dicarboxylic anhydride",826-62-0,C9H8O3,164.047344,2,583,0,Inactive,0.0011866680820054,-21.338032429177776,0.7370450780048694,21.56189310427936,1.333686888641263
DTXSID8026773,"1,3-Butanediol",107-88-0,C4H10O2,90.06808,12,582,2,Inactive,0.1893584786239228,-25.98128784660228,0.8974295259473384,9.921334492866642,0.996570091903032
DTXSID1020439,"2,4-Dichlorophenol",120-83-2,C6H4Cl2O,161.96392,21,605,3,Inactive,0.7461013485335324,-39.145384501982,1.3521355855819968,50.0,1.6989700043360187
DTXSID1026031,Sodium dodecyl sulfate,151-21-3,C12H25NaO4S,288.137125,168,681,25,Active,0.999955118735464,-130.79402208294795,4.517805965880783,72.09985854057341,1.8579344126374784
DTXSID0020498,Dimethyl terephthalate,120-61-6,C10H10O4,194.057909,24,580,4,Inactive,4.440404801853989e-11,-14.97889322529527,0.5173916368487671,0.0190300979558866,-1.720558976211584
DTXSID1034210,Prodiamine,29091-21-2,C13H17F3N4O4,350.12019,301,685,44,Active,0.9990025274294996,-61.258062643534046,2.1159379951917385,34.99990042052739,1.544066808725219
DTXSID9020790,Malaoxon,1634-78-2,C10H19O7PS,314.058911,42,776,5,Inactive,7.111869865962538e-18,-9.025157068182644,0.3117413762212187,14.595548071952432,1.164220407659462
DTXSID2021151,2-Phenylphenol,90-43-7,C12H10O,170.073165,63,704,9,Active,0.9999967889413948,-96.09618807720956,3.319294910269603,48.630842584373475,1.686911794276667
DTXSID8034401,Buprofezin,69327-76-0,C16H23N3OS,305.156184,227,676,34,Active,0.9999464121006558,-123.10700336413592,4.252285734339454,50.0,1.6989700043360187
DTXSID7026029,Sodium dehydroacetate,4418-26-2,C8H7NaO4,190.024203,5,602,1,Inactive,1.1012272450483438e-17,-5.799274379741529,0.2003149377420334,4.831047278006258,0.6840412876369574
DTXSID8034742,"Milbemectin (mixture of 70% Milbemycin A4, 30% Milbemycin A3)",NOCAS_34742,,,404,734,55,Active,0.9999999999974016,-159.9366096374992,5.524431145062575,12.882008253297585,1.1099835730655414
DTXSID3047558,2-(Perfluorohexyl)ethyl methacrylate,2144-53-8,C12H9F13O2,432.039496,10,708,1,Inactive,0.0012507095097251,-12.014878882250644,0.4150104922925509,50.0,1.6989700043360187
DTXSID3047265,CP-471358,NOCAS_47265,C21H23FN2O7S,466.121,10,613,2,Inactive,0.0029697516738017,-19.16912340603119,0.6621279681234248,50.0,1.6989700043360187
DTXSID6020561,Endrin,72-20-8,C12H8Cl6O,377.870631,126,648,19,Active,0.9999124183209565,-69.92674627527109,2.415366287128183,22.51624131783242,1.3524958945645276
DTXSID8025096,Dimethyl adipate,627-93-0,C8H14O4,174.089209,2,606,0,Inactive,0.0031673597545297,-16.954993004165793,0.5856488494337211,50.00000000000001,1.6989700043360187
DTXSID7040788,2-tert-Butyl-4-methoxyphenol,121-00-6,C11H16O2,180.11503,71,633,11,Active,0.9991507155545922,-115.92130089742103,4.00408165776032,70.9632971256755,1.8510337856599324
DTXSID5044572,Fluorotelomer alcohol 6:2,647-42-7,C8H5F13O,364.013281,62,711,9,Inactive,-0.0252924601785545,19.293135264289543,0.6664115087941462,0.0003664124003977,-3.4360298370424163
DTXSID3022455,Dimethyl phthalate,131-11-3,C10H10O4,194.057909,4,691,1,Inactive,0.0978394757689577,-26.17558992757299,0.9041409878827762,29.509008854391023,1.4699546227057338
DTXSID5034723,Isoxaflutole,141112-29-0,C15H12F3NO4S,359.043914,24,715,3,Inactive,0.0001479252137609,-21.3508733781968,0.7374886220993305,25.193923731410365,1.401295810300707
DTXSID2032392,Fenoxaprop-ethyl,66441-23-4,C18H16ClNO5,361.0717,64,660,10,Active,0.9988384627985196,-56.08677707234271,1.9373146572689628,36.39044449248003,1.5609873603252398
DTXSID4020820,Methimazole,60-56-0,C4H6N2S,114.025169,10,674,1,Inactive,5.1532874399262574e-08,-14.398243749519931,0.497335202892789,5.761963828500705,0.7605705276112019
DTXSID7024902,Dazomet,533-74-4,C5H10N2S2,162.028541,176,673,26,Active,0.9999999502154384,-132.51061192905792,4.577099347368875,31.485653641461756,1.4981127136753492
DTXSID3047342,SR125047,NOCAS_47342,C22H27Cl2NO,391.14697,331,705,47,Active,0.9999872384359944,-135.65517040143348,4.685716735230452,45.25000000000001,1.6556185835412225
DTXSID2025133,"1,2-Dimethyl-4-nitrobenzene",99-51-4,C8H9NO2,151.063329,18,589,3,Inactive,8.014410679019893e-07,-9.402098997261078,0.3247614704798169,50.0,1.6989700043360187
DTXSID2021286,Styrene oxide,96-09-3,C8H8O,120.057515,8,587,1,Inactive,1.1704118598441223e-11,-8.321673441184993,0.287442081220306,50.0,1.6989700043360187
DTXSID2047353,SSR 241586 HCl,NOCAS_47353,C32H43Cl3N4O3,636.240074,421,687,61,Active,0.9999999999187112,-142.08636835311677,4.907859184947678,11.476671576227096,1.059815953770188
DTXSID6034849,Propamocarb hydrochloride,25606-41-1,C9H21ClN2O2,224.129156,8,648,1,Inactive,3.676013198961161e-08,-17.223367616664788,0.5949188787984421,50.00000000000001,1.6989700043360187
DTXSID2024793,Chloroneb,2675-77-6,C8H8Cl2O2,205.990135,19,652,3,Inactive,0.0005446243757696,-21.02554891932877,0.7262514664731444,50.0,1.6989700043360187
DTXSID0020232,Caffeine,58-08-2,C8H10N4O2,194.080376,54,670,8,Inactive,9.407304936247632e-07,-16.495541602766203,0.5697787641712695,50.0,1.6989700043360187
DTXSID7020716,Hydroquinone,123-31-9,C6H6O2,110.036779,121,627,19,Active,0.9907114492361332,-44.15347599490092,1.525121974899064,50.0,1.6989700043360187
DTXSID1034973,Tralkoxydim,87820-88-0,C20H27NO3,329.199094,37,673,5,Inactive,0.0559967061360474,-26.510575425857287,0.9157118491387484,33.477903463921116,1.5247582527095196
DTXSID2045232,Tiratricol,51-24-1,C14H9I3O4,621.76349,212,688,31,Active,0.9999999990998094,-136.7560940884997,4.723744158213537,20.252987673401982,1.306489098383438
DTXSID3020336,Clofibrate,637-07-0,C12H15ClO3,242.070972,20,658,3,Inactive,0.0005021009569884,-16.54755033525778,0.5715752175426578,50.0,1.6989700043360187
DTXSID7024087,2-Ethoxyethanol,110-80-5,C4H10O2,90.06808,1,581,0,Inactive,1.95179979058e-05,-18.30030216007899,0.6321176836644185,50.0,1.6989700043360187
DTXSID5020784,Lovastatin,75330-75-5,C24H36O5,404.256274,203,677,30,Active,0.9625987925065252,-39.10090813406263,1.3505993104745655,50.0,1.6989700043360187
DTXSID7047279,CP-532623,261947-38-0,C27H27F9N2O3,598.187796,41,608,7,Inactive,0.69046182634123,-34.49559624443273,1.1915254843289271,49.99999999999999,1.6989700043360187
DTXSID2026076,Tannic acid,1401-55-4,,,254,622,41,Inactive,-0.7386142443566197,32.856818655028654,1.1349198455370706,3.079695446929958,0.4885077709623042
DTXSID7024299,Hexythiazox,78587-05-0,C17H21ClN2O2S,352.101227,191,687,28,Active,0.999998152670072,-64.27609321506156,2.22018493480042,12.36431223066348,1.0921699635816662
DTXSID8027581,"1,5,9-Cyclododecatriene",4904-61-4,C12H18,162.140851,10,585,2,Inactive,0.0001107496756235,-18.595223133158257,0.6423046609468809,50.0,1.6989700043360187
DTXSID4029145,Dimethyl malonate,108-59-8,C5H8O4,132.042259,17,587,3,Inactive,2.3915341831579216e-14,-13.085114483852164,0.4519779064664723,0.2121136929225835,-0.6734312948555761
DTXSID2020137,"4,4′-Diamino-1,1′-biphenyl",92-87-5,C12H12N2,184.100048,59,627,9,Inactive,0.6806943637452477,-34.819008715424445,1.2026965972560912,23.463436598764673,1.3703916218705006
DTXSID1044643,Glycidyl trimethylammonium chloride,3033-77-0,C6H14ClNO,151.076392,9,607,1,Inactive,0.0205833280320976,-22.67213830137263,0.7831269353599106,50.0,1.6989700043360187
DTXSID6032356,Cycloate,1134-23-2,C11H21NOS,215.134385,23,684,3,Inactive,1.468430971147834e-17,-6.460398545216539,0.2231510785029371,0.1003462885143826,-0.998498686031822
DTXSID0024052,Dimethipin,55290-64-7,C6H10O4S2,210.002051,92,618,15,Active,0.9993809530413836,-67.98426289994953,2.3482702314989243,88.77168594536914,1.948274468047668
DTXSID3020122,Azinphos-methyl,86-50-0,C10H12N3O3PS2,317.005771,176,835,21,Active,0.999978104914916,-136.4538162406013,4.713303064325293,64.7138909283323,1.810997512600808
DTXSID1020512,Dimethylcarbamoyl chloride,79-44-7,C3H6ClNO,107.013791,4,581,1,Inactive,0.0,-10.833706407054596,0.3742111654564157,0.1317210227214674,-0.8803449059546219
DTXSID0027270,1-Pentadecanol,629-76-5,C15H32O,228.245316,60,595,10,Active,0.9551643362130244,-40.82282070224659,1.4100765461263072,89.3684746313614,1.951184345326044
DTXSID2024955,Di-tert-butyl peroxide,110-05-4,C8H18O2,146.13068,4,632,1,Inactive,-9.143934865098256e-17,7.652168722452184,0.2643164645880857,10.125197359299207,1.005403497192311
DTXSID5047538,"Pentane-1,5-diyl dibenzoate",6624-73-3,C19H20O4,312.136159,83,633,13,Active,0.9743672534686464,-42.540961735815664,1.46942350776925,77.88357308292096,1.8914458675346908
DTXSID8023892,Abamectin,71751-41-2,,,435,803,54,Active,0.9999999999999998,-147.29585750677978,5.0878021273146015,4.926863569734277,0.6925705363500213
DTXSID7030698,alpha-Cyclodextrin,10016-20-3,C36H60O30,972.316941,11,589,2,Inactive,4.247124654883404e-07,-5.020836969464393,0.1734266356605781,26.25,1.4191293077419758
DTXSID9020794,Maneb,12427-38-2,C4H6MnN2S4,264.879427,217,848,26,Inactive,-0.999999923652134,95.75453404854436,3.3074937087743854,6.937965826634921,0.8412321563678985
DTXSID4020822,Methotrexate,59-05-2,C20H22N8O5,454.171316,121,736,16,Active,0.9999999999234676,-68.89664072375729,2.3797850202476174,0.5510893153107798,-0.2587780091279546
DTXSID3032464,Profenofos,41198-08-7,C11H15BrClO3PS,371.935143,114,733,16,Inactive,0.0219695875763605,-20.70098566256228,0.715040603817698,25.0,1.3979400086720375
DTXSID0047375,AVE9423,862243-29-6,C23H12Cl2F2N2O5,504.009133,22,601,4,Inactive,3.2448241121e-06,-20.229027723710143,0.698738525497645,18.263091217676628,1.2615742882671184
DTXSID2032344,Chlorethoxyfos,54593-83-8,C6H11Cl4O3PS,333.892063,128,717,18,Inactive,-6.18829562679e-05,9.592758045851916,0.3313470970509349,50.00000000000001,1.6989700043360187
DTXSID2020505,Dimethylaminoethanol,108-01-0,C4H11NO,89.084064,2,610,0,Inactive,0.0039689638661852,-17.93891073933113,0.6196347254170043,50.0,1.6989700043360187
DTXSID1032355,Clomazone,81777-89-1,C12H14ClNO2,239.071306,52,668,8,Active,0.9896292801700562,-41.742464587815434,1.4418423146724706,18.63406500080762,1.2703076060956433
DTXSID8047266,CP-544439,230954-09-3,C18H19FN2O6S,410.094786,69,632,11,Active,0.9996886263731845,-66.26248640090304,2.288797695862912,50.0,1.6989700043360187
DTXSID5020944,Nitrofurazone,59-87-0,C6H6N4O4,198.038905,79,602,13,Inactive,-0.999999943275647,65.18973391329546,2.2517433449740505,10.88270702624473,1.0367369376718885
DTXSID6040371,Fenaminosulf,140-56-7,C8H10N3NaO3S,251.034057,93,653,14,Inactive,-0.9996470974824658,49.2290760811959,1.700440204166042,6.548998837792728,0.8161749133574548
DTXSID5047372,AVE3295,478263-98-8,C25H21FN3NaO3S,485.118535,96,610,16,Active,0.992550549464976,-50.94052633160183,1.7595560569279407,43.25,1.635986111800833
DTXSID7032424,Mesotrione,104206-82-8,C14H13NO7S,339.041273,25,711,4,Inactive,-0.0165969946437992,17.032487987912166,0.5883256330842244,50.99999999999999,1.7075701760979365
DTXSID0021094,"4,4'-Oxydianiline",101-80-4,C12H12N2O,200.094963,51,626,8,Inactive,0.8225974340460146,-33.71521464878118,1.1645700274024458,9.921330281991846,0.9965699075770146
DTXSID6034924,Sodium trichloroacetate,650-51-1,C2Cl3NaO2,183.886157,15,576,3,Inactive,4.971905666919635e-07,-6.525327009713281,0.2253937972418167,50.0,1.6989700043360187
DTXSID7021869,p-Cresol,106-44-5,C7H8O,108.057515,5,601,1,Inactive,2.77491694509854e-09,-6.837707442821498,0.2361838483607105,50.0,1.6989700043360187
DTXSID7021653,Pentanal,110-62-3,C5H10O,86.073165,13,608,2,Inactive,5.393532937203826e-07,-16.999424907001877,0.5871835886558316,50.0,1.6989700043360187
DTXSID8040721,4-Cyclohexylcyclohexanone,92-68-2,C12H20O,180.151415,58,627,9,Active,0.9965320882717036,-48.39119204806469,1.671498533718781,74.12276683885565,1.8699516222013672
DTXSID6020220,tert-Butylhydroquinone,1948-33-0,C10H14O2,166.09938,202,728,28,Active,0.9991263084209924,-82.27295054166382,2.841821215284749,86.18944794581606,1.9354540990100944
DTXSID7027205,Octamethylcyclotetrasiloxane,556-67-2,C8H24O4Si4,296.075165,6,669,1,Inactive,1.6634014288553572e-08,-15.98357704199908,0.552094801937228,80.99857084764763,1.9084773561816617
DTXSID1026164,2-Methylaniline,95-53-4,C7H9N,107.073499,7,590,1,Inactive,0.0077645140506799,-25.10722371451678,0.867238144968214,50.0,1.6989700043360187
DTXSID8027034,"2-(Hydroxymethyl)-2-nitro-1,3-propanediol",126-11-4,C4H9NO5,151.048072,22,587,4,Inactive,4.1721708238967254e-14,-10.612925023720996,0.3665850718865782,9.921273829291149,0.9965674364198758
DTXSID2021947,1-Tridecanol,112-70-9,C13H28O,200.214016,92,588,16,Inactive,0.0031449670327175,-16.753282758444122,0.5786814992674978,51.5,1.711807229041191
DTXSID4047389,SAR 150640,433212-21-6,C25H35ClN2O7S,542.18535,262,695,38,Active,0.9999976332334658,-135.858778462911,4.6927496385711045,24.367047236613573,1.386802905198686
DTXSID3022370,Progesterone,57-83-0,C21H30O2,314.22458,261,660,40,Inactive,0.4245724106749355,-29.850660840797488,1.031083007345034,0.05,-1.3010299956639813
DTXSID9021217,Pyrimethamine,58-14-0,C12H13ClN4,248.082874,144,633,23,Active,0.9977791858277996,-63.65172026263552,2.1986182316401175,50.0,1.6989700043360187
DTXSID3034872,Chloridazon,1698-60-8,C10H8ClN3O,221.03559,20,666,3,Inactive,0.0022487684313045,-25.118163437252292,0.8676160180839152,23.99905139866534,1.3801940758588145
DTXSID7022413,Isoeugenol,97-54-1,C10H12O2,164.08373,39,615,6,Active,0.9945048364017816,-41.56468381080111,1.4357015213684396,19.292823195088364,1.285395784322679
DTXSID6035152,"1-(Hydroxymethyl)-5,5-dimethylhydantoin",116-25-6,C6H10N2O3,158.069142,11,592,2,Inactive,4.6424150900814776e-08,-10.082125801456591,0.3482505344601643,92.10143976150516,1.9642664192911987
DTXSID5024344,Tri-allate,2303-17-5,C10H16Cl3NOS,303.001818,164,760,22,Active,0.9999938941699454,-132.44868950426851,4.574960461388612,80.99646914287408,1.9084660872096504
DTXSID8021515,Butanoic acid,107-92-6,C4H8O2,88.052429,5,600,1,Inactive,0.105521001250103,-25.17979674451326,0.8697449175458798,50.0,1.6989700043360187
DTXSID7020005,Acetamide,60-35-5,C2H5NO,59.037114,8,608,1,Inactive,0.0,9.417379647728088,0.3252892852280981,0.0006163466584034,-3.2101749542551103
DTXSID1025271,N-Ethylaniline,103-69-5,C8H11N,121.089149,9,583,2,Inactive,1.27172141978e-05,-12.345024274462803,0.4264141696073921,50.0,1.6989700043360187
DTXSID6027921,"Dipropylene glycol, dibenzoate",27138-31-4,C20H22O5,,32,607,5,Inactive,0.0349101497708277,-24.256208995085967,0.8378429225010999,50.0,1.6989700043360187
DTXSID2021941,2-(2-Ethoxyethoxy)ethanol,111-90-0,C6H14O3,134.094294,2,587,0,Inactive,-3.2017092188e-06,1.8397068070826028,0.0635460111719651,50.0,1.6989700043360187
DTXSID2036299,"N,N-Dimethyloctylamine",7378-99-6,C10H23N,157.18305,6,610,1,Inactive,0.0,5.370796405496615,0.1855147173843741,0.0006100000722577,-3.2146701135447286
DTXSID7037185,Amiodarone hydrochloride,19774-82-4,C25H30ClI2NO3,681.00036,393,705,56,Active,0.9999999362032058,-130.22056998372614,4.497998139240448,9.153804081229628,0.9616016129906232
DTXSID2020006,Acetaminophen,103-90-2,C8H9NO2,151.063329,2,675,0,Inactive,0.0002704168033349,-22.53877600420195,0.7785204176293129,20.42182594422975,1.3100945703684563
DTXSID0020943,5-Nitro-o-anisidine,99-59-2,C7H8N2O3,168.053492,26,612,4,Active,0.9542337067424728,-42.58521100780982,1.4709519386701233,27.297270645880815,1.4361192256967918
DTXSID6047288,UK-337312,203942-49-8,C34H42Cl2F6N2O4S,758.214653,390,658,59,Active,0.9999999999999872,-137.52675960842123,4.750364008480028,5.797407962750084,0.7632338626852643
DTXSID3042219,Propylbenzene,103-65-1,C9H12,120.0939,2,603,0,Inactive,0.2973653825436,-28.997636047892623,1.0016183541670336,73.3003473121106,1.8651060324225168
DTXSID7024035,"2,4-Dichlorophenoxybutyric acid",94-82-6,C10H10Cl2O3,248.0007,32,681,5,Inactive,0.5916241309769319,-33.305110814932355,1.1504044752029898,50.99999999999999,1.7075701760979365
DTXSID7021607,Hexanoic acid,142-62-1,C6H12O2,116.08373,4,594,1,Inactive,0.3225407833745838,-29.50578185859118,1.019170411505368,36.853423629531655,1.566477839395825
DTXSID2026781,4-Methyl-2-pentanol,108-11-2,C6H14O,102.104465,9,583,2,Inactive,0.0028791785401619,-24.098801541742898,0.8324058519036652,14.573688893852228,1.1635694943554151
DTXSID1020699,4-Hexylresorcinol,136-77-6,C12H18O2,194.13068,246,655,38,Active,0.999999109641174,-120.67567476185944,4.168304290161406,13.655509669235286,1.1353079140990208
DTXSID3026726,Citronellol,106-22-9,C10H20O,156.151415,28,593,5,Inactive,0.0005728229400659,-20.241196243413768,0.6991588429558702,50.0,1.6989700043360187
DTXSID1020932,Nicotinic acid,59-67-6,C6H5NO2,123.032028,2,612,0,Inactive,0.003106934756005,-16.41975031527263,0.5671608285397535,8.87034796875193,0.9479406568040704
DTXSID2021781,"Dibutyl 1,2-benzenedicarboxylate",84-74-2,C16H22O4,278.151809,102,826,12,Active,0.9999813256545071,-118.61145398859088,4.097003256858421,66.12889995114033,1.8203912983107688
DTXSID6021828,Acetophenone,98-86-2,C8H8O,120.057515,6,593,1,Inactive,0.0023619653619417,-17.9416708754781,0.6197300643273981,50.0,1.6989700043360187
DTXSID3037707,Potassium perfluorobutanesulfonate,29420-49-3,C4F9KO3S,337.90615,5,630,1,Inactive,0.2106959474046221,-27.111308368653837,0.9364619937527444,9.921273702286877,0.9965674308603824
DTXSID0021414,Tris(2-ethylhexyl) phosphate,78-42-2,C24H51O4P,434.352497,65,638,10,Active,0.9999999995910752,-128.6216694055954,4.442769907432208,16.78807301530017,1.225000849392979
DTXSID0027640,Malic acid,6915-15-7,C4H6O5,134.021523,7,625,1,Inactive,2.716342593271709e-08,-16.299122129099835,0.5629941645709735,50.0,1.6989700043360187
DTXSID5021831,3-Nitrotoluene,99-08-1,C7H7NO2,137.047678,4,594,1,Inactive,3.30209240885e-05,-18.07147750881727,0.6242137645238696,89.83680319943002,1.9534542893626072
DTXSID4021135,C.I. Solvent Yellow 14,842-07-9,C16H12N2O,248.094963,174,657,26,Inactive,4.5919051992682726e-08,-5.421252018934871,0.1872575238809811,50.0,1.6989700043360187
DTXSID6024048,Difenzoquat metilsulfate,43222-48-6,C18H20N2O4S,360.114378,172,693,25,Active,0.9999404799615096,-111.74070022927728,3.8596779431354498,41.684458631922936,1.6199741655620856
DTXSID2026529,2-tert-Butyl-5-methylphenol,88-60-8,C11H16O,164.120115,119,623,19,Inactive,0.4360510085167448,-31.650618386940515,1.0932560242061562,84.02251166324739,1.9243956596488316
DTXSID9025453,3-Methylbutyl acetate,123-92-2,C7H14O2,130.09938,5,611,1,Inactive,8.88147050249e-05,-22.49526797477079,0.7770175902691822,37.61638386534243,1.5753770436648866
DTXSID2047351,SSR 240612,464930-42-5,C42H53ClN4O7S,792.332349,347,656,53,Active,0.9999999999850224,-146.88938562362847,5.073762027702868,9.322865562574869,0.9695494216602024
DTXSID0047537,Dioctyl sebacate,2432-87-3,C26H50O4,426.37091,7,588,1,Inactive,4.186826561863219e-07,-13.697725986107995,0.4731383529118256,25.0,1.3979400086720375
DTXSID7021029,N-Nitrosodimethylamine,62-75-9,C2H6N2O,74.048013,6,594,1,Inactive,0.0688890900111555,-24.20779634384236,0.8361706827371621,50.0,1.6989700043360187
DTXSID9040001,Monomethyl phthalate,4376-18-5,C9H8O4,180.042259,15,698,2,Inactive,0.0479851980694213,-23.97921249602435,0.8282750812797708,50.0,1.6989700043360187
DTXSID3025469,Isopentyl alcohol,123-51-3,C5H12O,88.088815,3,599,1,Inactive,0.1134312062849321,-27.32624906110015,0.9438863418015312,50.0,1.6989700043360187
DTXSID4034150,Haloperidol,52-86-8,C21H23ClFNO2,375.140135,270,752,36,Active,0.999992317605552,-118.56346295941174,4.095345580502259,53.66969378910058,1.729729117439387
DTXSID9036690,Diisobutyl adipate,141-04-8,C14H26O4,258.183109,5,607,1,Inactive,0.0016503674468844,-24.655074310183757,0.8516202807582602,19.668025893756084,1.293760771384851
DTXSID7022253,Resmethrin,10453-86-8,C22H26O3,338.188195,150,725,21,Active,0.9999988941061392,-164.4062300101209,5.678817999011042,40.38918133316749,1.60626505034525
DTXSID0023901,Bentazone,25057-89-0,C10H12N2O3S,240.056863,21,668,3,Inactive,0.6066921811656654,-30.140527794671495,1.0410954118316336,25.799477723464484,1.411610914330934
DTXSID2032683,Mevinphos,7786-34-7,C7H13O6P,224.044975,28,652,4,Active,0.9980137921844812,-43.3630635626791,1.4978200390389262,18.98240643207035,1.2783512678342592
DTXSID3047261,"(2S,3S)-3-Methyl-2-(3-oxo-1,2-benzothiazol-2(3H)-yl)pentanoic acid",177785-47-6,C13H15NO3S,265.077265,26,606,4,Inactive,0.0,-10.47483146791367,0.3618151299554373,2.4589105135711944,0.3907427238711285
DTXSID2047305,CP-608039,NOCAS_47305,C23H25ClN8O5,528.163644,7,603,1,Inactive,0.0003308503878478,-23.783619838780837,0.8215190410593942,9.226781478897822,0.9650502351844454
DTXSID3042423,Sucrose octaacetate,126-14-7,C28H38O19,678.200729,4,580,1,Inactive,4.210781598774326e-11,-17.536289127359396,0.6057276194836392,8.906358342105117,0.949700164730538
DTXSID7026156,"Toluene 2,4-diisocyanate",584-84-9,C9H6N2O2,174.042927,76,614,12,Active,0.9999929583291242,-73.13919957609248,2.5263288560318307,23.990670713392355,1.380042389820828
DTXSID3026691,Triacetin,102-76-1,C9H14O6,218.079038,4,594,1,Inactive,9.9368148325486e-07,-9.841659968527786,0.3399445128446866,50.0,1.6989700043360187
DTXSID3020910,Busulfan,55-98-1,C6H14O6S2,246.023181,29,629,5,Inactive,3.54791077861e-05,-14.125938727758184,0.4879294117697488,50.0,1.6989700043360187
DTXSID1024338,Thiophanate-methyl,23564-05-8,C12H14N4O4S2,342.045647,78,664,12,Active,0.9391556943597564,-36.89541455175879,1.2744185194478548,21.56023415444286,1.3336534731858622
DTXSID8024157,Isopropalin,33820-53-0,C15H23N3O4,309.168856,138,601,23,Active,0.9999992186811688,-128.45963643793445,4.437173065188884,58.653337472200135,1.76829272923111
DTXSID3038939,Perfluorooctanesulfonamide,754-91-6,C8H2F17NO2S,498.953478,343,732,47,Active,0.9999974574369002,-142.95989971575628,4.93803216333513,59.44299755804185,1.7741007016625527
DTXSID8020628,Fluometuron,2164-17-2,C10H11F3N2O,232.082347,39,669,6,Inactive,0.2811376079674808,-29.77692155245325,1.0285359505950695,50.0,1.6989700043360187
DTXSID6023999,Cyromazine,66215-27-8,C6H10N6,166.096694,5,659,1,Inactive,0.001730040470066,-16.40738956094695,0.5667338710324759,50.0,1.6989700043360187
DTXSID3025091,C.I. Disperse Black 6,119-90-4,C14H16N2O2,244.121178,87,614,14,Active,0.960286445090698,-47.19045647388825,1.6300234704546563,22.321402619571316,1.348721481072034
DTXSID8031865,Perfluorooctanoic acid,335-67-1,C8HF15O2,413.973702,97,959,10,Inactive,5.323838068e-06,-11.699010635590955,0.4040999672818097,50.0,1.6989700043360187
DTXSID6020430,"1,2-Dichlorobenzene",95-50-1,C6H4Cl2,145.969006,7,586,1,Inactive,0.0301368988292654,-21.30908602935096,0.7360452294204638,50.00000000000001,1.6989700043360187
DTXSID6020359,Cyclohexanone,108-94-1,C6H10O,98.073165,7,594,1,Inactive,0.0840235999198664,-22.672304925646987,0.7831326907922213,50.0,1.6989700043360187
DTXSID9034490,Cyanamide,420-04-2,CH2N2,42.021798,4,657,1,Inactive,0.4817701503487869,-29.49712235945602,1.018871300458614,5.990356166655158,0.7774526448625112
DTXSID4040002,Monobutyl phthalate,131-70-4,C12H14O4,222.089209,11,692,2,Inactive,0.0431885295790448,-26.711622622104457,0.9226562966613808,50.0,1.6989700043360187
DTXSID3024869,Cumene hydroperoxide,80-15-9,C9H12O2,152.08373,63,622,10,Inactive,0.4840006461710971,-32.68578106250424,1.1290119711282032,49.99999999999999,1.6989700043360187
DTXSID9034816,Monocrotophos,6923-22-4,C7H14NO5P,223.06096,9,683,1,Inactive,0.0247470791121802,-19.577695883099793,0.6762406251470356,9.921298015433084,0.9965684951443256
DTXSID3035341,"1,3-Dibromo-5,5-dimethylhydantoin",77-48-5,C5H6Br2N2O2,283.879603,12,591,2,Inactive,0.0002320641358928,-17.139077200419354,0.592007371534458,49.99999999999999,1.6989700043360187
DTXSID0021254,Safrole,94-59-7,C10H10O2,162.06808,9,601,1,Inactive,4.659599448683277e-12,-11.420030024222523,0.3944635920841263,3.6219234854536393,0.5589392714346204
DTXSID5023871,Amitraz,33089-61-1,C19H23N3,293.189198,168,686,24,Active,0.9999999999723606,-151.80112686800135,5.243420346510571,17.610825789720987,1.2457797209593555
DTXSID7029241,"2,4-Bis(1-methyl-1-phenylethyl)phenol",2772-45-4,C24H26O,330.198365,351,643,55,Active,0.9999999999624412,-155.4452592617859,5.369293706828662,12.790317152887928,1.106881313520205
DTXSID0023951,Carboxin,5234-68-4,C12H13NO2S,235.0667,73,677,11,Inactive,0.0013859801200062,-15.082232848368571,0.5209611299968281,50.0,1.6989700043360187
DTXSID8024284,1-Methoxy-2-propanol,107-98-2,C4H10O2,90.06808,5,593,1,Inactive,0.0071568257880367,-22.449393976516735,0.7754330390818233,50.0,1.6989700043360187
DTXSID7021946,1-Decanol,112-30-1,C10H22O,158.167065,23,608,4,Inactive,0.0002081360680434,-21.210763664958908,0.7326490393090517,0.3737259640720761,-0.427446729119783
DTXSID5021124,Phenol,108-95-2,C6H6O,94.041865,2,636,0,Inactive,0.0024409869880488,-23.103850498434184,0.798038870235583,12.45122944456044,1.0952122361407233
DTXSID1032690,Indoxacarb,173584-44-6,C22H17ClF3N3O7,527.070712,181,740,24,Active,0.9999999352495216,-117.85153714251096,4.0707546806152655,18.491236803615617,1.2669659603220504
DTXSID9034286,5-Chloro-2-methyl-3(2H)-isothiazolone,26172-55-4,C4H4ClNOS,148.970213,101,646,16,Active,0.9999973720160245,-153.79768522124257,5.3123842264788905,80.67923119689566,1.9067617511106745
DTXSID2047565,"1H,1H,2H,2H-Perfluorooctyl iodide",2043-57-4,C8H4F13I,473.91501,6,672,1,Inactive,0.0,9.90272495996527,0.3420537818940607,0.0017178172224564,-2.765023047432284
DTXSID6047313,GW473178E methyl benzene sulphonic acid,263553-33-9,C28H37N3O5S,527.245392,103,611,17,Active,0.9780157947069398,-43.688937999204086,1.5090761916521316,11.207771443438885,1.0495192659371235
DTXSID8034871,Pyraflufen-ethyl,129630-19-9,C15H13Cl2F3N2O4,412.020447,37,658,6,Active,0.9137391964170204,-39.5738343930151,1.3669348359067763,16.54997471909766,1.2187973347060113
DTXSID6047284,"(R)-N-(Quinuclidin-3-yl)furo(2,3-C)pyridine-5-carboxamide",478149-53-0,C15H17N3O2,271.132077,20,620,3,Inactive,0.897626949693006,-36.04589286146223,1.2450748682668171,18.447863773987415,1.2659460829675364
DTXSID7023936,Butylate,2008-41-5,C11H23NOS,217.150036,4,651,1,Inactive,0.6813662895398113,-32.89134799372602,1.1361125365322748,20.40718886303273,1.3097831837774565
DTXSID2026525,2-tert-Butylphenol,88-18-6,C10H14O,150.104465,63,621,10,Inactive,0.8879646121509597,-33.55874154721349,1.1591652306043625,21.98317129024047,1.342090343888403
DTXSID7024085,2-Cloroethylphosphonic acid,16672-87-0,C2H6ClO3P,143.974309,16,643,2,Inactive,0.5326121865394463,-31.073992062200897,1.073338555437282,50.0,1.6989700043360187
DTXSID2020713,Hydrochlorothiazide,58-93-5,C7H8ClN3O4S2,296.964476,4,603,1,Inactive,0.0160153661368114,-20.694253499743898,0.7148080656262745,50.0,1.6989700043360187
DTXSID3047267,CP-642931,NOCAS_47267,C17H25N7O,343.212058,17,597,3,Inactive,9.677706034335868e-09,-10.469011293385485,0.3616140930977342,24.999999999999996,1.3979400086720375
DTXSID2034673,Iodosulfuron methyl ester sodium salt,144550-36-7,C14H13IN5NaO6S,528.95289,16,661,2,Inactive,5.7811401085419e-08,-14.62826287145255,0.5052803806981998,21.81303900749378,1.3387161759978354
DTXSID5023950,Carbosulfan,55285-14-8,C20H32N2O3S,380.213364,153,611,25,Active,0.9999995534947176,-115.67876727986648,3.9957042120111583,49.2150721818397,1.6920981264050874
DTXSID6021030,N-Nitrosodiphenylamine,86-30-6,C12H10N2O,198.079313,42,597,7,Inactive,0.7276954157475104,-32.20501207793539,1.1124055471333962,17.037512166625817,1.2314061789760575
DTXSID4024436,Allura Red C.I.16035,25956-17-6,C18H14N2Na2O8S2,495.998696,85,628,14,Inactive,0.0013009168652505,-15.11047270478214,0.5219365735969945,50.0,1.6989700043360187
DTXSID4023541,Pyridoxine,65-23-6,C8H11NO3,169.073893,5,589,1,Inactive,0.3344642098583957,-29.3653294682549,1.014318992175354,50.0,1.6989700043360187
DTXSID2024086,Ethion,563-12-2,C9H22O4P2S4,383.987618,106,619,17,Active,0.9992498538444948,-55.29014162004748,1.909797769710225,66.95266867142186,1.825767892269224
DTXSID3021643,Octanal,124-13-0,C8H16O,128.120115,13,596,2,Inactive,0.0556719631199862,-25.91092536780768,0.8949991088578568,29.493248567019226,1.4697226110403945
DTXSID6027050,Sodium dimethyldithiocarbamate,128-04-1,C3H6NNaS2,142.983936,159,642,25,Inactive,0.0369467344314091,-21.574303051212727,0.7452061912483701,93.14742068927364,1.969170833511116
DTXSID4024145,Hexazinone,51235-04-2,C12H20N4O2,252.158626,15,645,2,Inactive,0.0114699719791784,-20.14820578720033,0.6959468243088359,50.0,1.6989700043360187
DTXSID2027593,4-Chlorobenzotrichloride,5216-25-1,C7H4Cl4,227.906711,11,614,2,Inactive,0.0180804427583859,-19.56399341815496,0.6757673231039516,50.0,1.6989700043360187
DTXSID3040722,4-Cyclohexylcyclohexanol,2433-14-9,C12H22O,182.167065,38,627,6,Active,0.9999631756756696,-123.24843797603936,4.257171080957468,50.0,1.6989700043360187
DTXSID4022367,Estrone,53-16-7,C18H22O2,270.16198,121,686,18,Inactive,0.2867815647704836,-28.65407244209516,0.989751193243219,0.0099216255619111,-2.003417167086599
DTXSID5020819,Methidathion,950-37-8,C6H11N2O4PS3,301.961857,81,688,12,Active,0.999950652622156,-141.88197488421034,4.900799152550884,92.61231329809286,1.966668732274853
DTXSID2022331,2-(Butan-2-yl)phenol,89-72-5,C10H14O,150.104465,33,590,6,Inactive,0.1661509300774703,-23.602579178999296,0.8152656469072568,16.705953278028613,1.2228712624689333
DTXSID5026918,1-Dodecanol,112-53-8,C12H26O,186.198365,86,604,14,Inactive,0.3543134720566595,-31.244772915113018,1.0792375617057437,31.025272288858876,1.491715601710815
DTXSID7029879,Ketoconazole,65277-42-1,C26H28Cl2N4O4,530.148761,359,640,56,Active,0.9999997553828732,-139.863079406396,4.831063717483562,32.42334661390417,1.510857839042448
DTXSID6040111,Ethyl butyrate,105-54-4,C6H12O2,116.08373,10,584,2,Inactive,0.0,5.294928258926159,0.1828941269343079,0.0006100001941722,-3.214670026746731
DTXSID2020501,Methadone hydrochloride,1095-90-5,C21H28ClNO,345.185942,120,657,18,Active,0.9845198681475448,-50.66572246015506,1.7500639520893724,32.88102413889443,1.516945335964843
DTXSID0047246,Darbufelone mesylate,139340-56-0,C19H28N2O5S2,428.143964,321,636,50,Active,0.999999952312004,-127.40852726518554,4.4008663042543095,15.24062718226548,1.183002839457154
DTXSID3021277,"2E,4E-Hexadienoic acid",110-44-1,C6H8O2,112.052429,22,600,4,Inactive,0.6110530636859817,-33.57578091074177,1.1597537937280964,89.05300222872042,1.949648565342083
DTXSID2024242,Paclobutrazol,76738-62-0,C15H20ClN3O,293.12949,95,696,14,Active,0.9975276667335068,-43.680804153041784,1.50879523738425,24.150016809598924,1.3829174373779456
DTXSID4047628,Dicyclohexyl disulfide,2550-40-5,C12H22S2,230.116293,60,595,10,Active,0.9992390115756028,-86.2344988916927,2.9786585606378515,78.31058640269893,1.89382047604897
DTXSID5026889,Methyl dodecanoate,111-82-0,C13H26O2,214.19328,9,588,2,Inactive,1.8714602080019287e-07,-12.976331811161296,0.4482204028754015,50.0,1.6989700043360187
DTXSID8047395,"Diisononyl cyclohexane-1,2-dicarboxylate",166412-78-8,,,18,594,3,Inactive,-7.3448691743e-06,17.31627997161974,0.59812819972026,0.0037495587436419,-2.4260198379994793
DTXSID4047333,PharmaGSID_47333,NOCAS_47333,C22H30N4O2,382.236876,68,669,10,Active,1.0,-149.6189412932275,5.16804464621962,0.0057926452982154,-2.2371230638959023
DTXSID0032605,(+-)-Diclofop-methyl,51338-27-3,C16H14Cl2O4,340.026914,59,671,9,Active,0.9965417079683756,-63.555646576888094,2.195299713991363,50.0,1.6989700043360187
DTXSID3022162,Bromoxynil,1689-84-5,C7H3Br2NO,274.85814,184,673,27,Active,0.9996992822249112,-80.3287267270657,2.774665042481772,52.09500341621897,1.716796070846048
DTXSID5047376,AVE2865,648917-13-9,C20H17ClF3N3O4,455.085968,20,585,3,Inactive,0.8999306716658341,-42.54914794755148,1.4697062708162845,40.39954922371057,1.6063765193000292
DTXSID6027052,"2,6-Di-tert-butylphenol",128-39-2,C14H22O,206.167065,82,590,14,Inactive,0.3798458573243131,-31.041847062859325,1.072228222812856,23.55908651856327,1.3721584470811754
DTXSID2020507,"N,N-Dimethylaniline",121-69-7,C8H11N,121.089149,10,589,2,Inactive,0.8836562940630358,-33.00944573191524,1.1401917953367018,17.74362755420282,1.2490424128869084
DTXSID0021206,"1,2-Propylene glycol",57-55-6,C3H8O2,76.052429,6,623,1,Active,0.9488956173901136,-35.281733022895516,1.2186797332095456,11.91213865285313,1.0759897397994056
DTXSID2034590,Fenamidone,161326-34-7,C17H17N3OS,311.109233,198,752,26,Active,0.9964484243133508,-54.86068779143043,1.8949638419962656,18.09990160976031,1.2576762140706037
DTXSID2020890,6-Methyl-2-thiouracil,56-04-2,C5H6N2OS,142.020084,10,612,2,Active,0.9171764147714296,-36.135843314458505,1.2481818810087493,9.943365625954838,0.9975334090833542
DTXSID3032337,Butralin,33629-47-9,C14H21N3O4,295.153206,133,703,19,Active,0.9984271295182112,-55.01342055355568,1.9002394423098437,36.576224652131344,1.5631988761714806
DTXSID7027625,Bis(2-ethylhexyl) terephthalate,6422-86-2,C24H38O4,390.27701,8,601,1,Inactive,3.80968154033677e-07,-5.430317951054094,0.1875706736837184,50.0,1.6989700043360187
DTXSID9024431,Aldicarb oxime,1646-75-9,C5H11NOS,133.056135,3,642,0,Inactive,4.1281266835e-06,-13.0340745226565,0.4502149157921595,12.528514192443362,1.0978995692954605
DTXSID0028666,"1,2-Benzenedicarboxylic acid, di-C9-11-branched alkyl esters, C10-rich",68515-49-1,,,8,589,1,Inactive,0.124621173741164,-26.8369386033394,0.9269848835388788,50.0,1.6989700043360187
DTXSID5034303,Fluroxypyr-meptyl,81406-37-3,C15H21Cl2FN2O3,366.091326,134,670,20,Active,0.9999999801657176,-155.95950936419857,5.387056614824269,17.795345098121626,1.2503064145234388
DTXSID9034818,Azamethiphos,35575-96-3,C9H10ClN2O5PS,323.973657,154,655,24,Active,0.9999999967666822,-134.93275600574344,4.660763545362059,17.23535594050101,1.236420256783668
DTXSID0032497,Triclopyr,55335-06-3,C7H4Cl3NO3,254.925676,21,656,3,Inactive,-1.41275960644e-05,16.99668072991374,0.5870888009933469,0.0562873874690223,-1.249588908279182
DTXSID6047282,"(2R)-2-[4-[[[[2-(1,3-Benzodioxol-5-yloxy)-3-pyridinyl]carbonyl]amino]methyl]-3-fluorophenoxy]propanoic acid",445295-04-5,C23H19FN2O7,454.117629,16,608,3,Inactive,0.000626862826995,-19.616359771495706,0.6775761291928429,19.062489843672857,1.2801796253026376
DTXSID5032365,"2,6-Dichlorobenzonitrile",1194-65-6,C7H3Cl2N,170.964255,15,682,2,Inactive,0.1811662935895134,-27.374541622395267,0.9455544334929724,50.0,1.6989700043360187
DTXSID8022828,Cladribine,4291-63-8,C10H12ClN5O3,285.062867,169,657,26,Active,0.9999999999999984,-107.13519889990832,3.700597573479874,1.4511728342575425,0.1617191398631581
DTXSID8034580,Ethofumesate,26225-79-6,C13H18O5S,286.087495,138,671,21,Active,0.9912980589807796,-49.220834931437096,1.7001555434839015,25.6305684206144,1.4087582378346082
DTXSID8020123,Azobenzene,103-33-3,C12H10N2,182.084398,28,627,4,Inactive,9.468833365068684e-07,-3.00658581611954,0.1038516219677312,50.0,1.6989700043360187
DTXSID8024151,Imazalil,35554-44-0,C14H14Cl2N2O,296.048318,352,830,42,Active,0.9999988931735334,-146.98827705207722,5.077177874071878,41.59679009613927,1.619059818671937
DTXSID0032520,Azoxystrobin,131860-33-8,C22H17N3O5,403.116821,274,883,31,Active,0.9999993215124828,-120.11951705648283,4.149093835743792,45.26810562220672,1.6557923205381824
DTXSID0040701,Triethyl citrate,77-93-0,C12H20O7,276.120903,7,585,1,Inactive,0.0001031394980847,-22.344802212059065,0.7718202952428947,20.17666184344327,1.30484931537497
DTXSID1032482,Tebupirimfos,96182-53-5,C13H23N2O3PS,318.116701,212,739,29,Active,0.9999913108312694,-126.33374375619644,4.363741799084939,50.0,1.6989700043360187
DTXSID4032611,Ethoprop,13194-48-4,C8H19O2PS2,242.056409,51,735,7,Active,0.9931814815214224,-49.816052216340175,1.720715169664868,28.760252241097835,1.4587926906968154
DTXSID1032359,Cyprodinil,121552-61-2,C14H15N3,225.126597,170,671,25,Active,0.9999774809939594,-141.71699332911118,4.895100462029581,64.21842960686821,1.807659681152464
DTXSID3026564,Triethylene glycol bis(2-ethylhexanoate),94-28-0,C22H42O6,402.298139,35,631,6,Active,0.9997691156323448,-111.93080812490147,3.866244532122731,50.0,1.6989700043360187
DTXSID3021645,Octanoic acid,124-07-2,C8H16O2,144.11503,18,643,3,Inactive,0.1927388343168242,-28.382968868726277,0.9803869018051836,50.0,1.6989700043360187
DTXSID8023927,p-Bromodiphenyl ether,101-55-3,C12H9BrO,247.983678,56,602,9,Inactive,6.452725839609892e-07,-14.5690322743363,0.5032344741594073,9.922053687909484,0.9966015726598272
DTXSID3032547,Etridiazole,2593-15-9,C5H5Cl3N2OS,245.918817,87,663,13,Inactive,0.0035080050916725,-18.783961615374263,0.648823948505803,50.00000000000001,1.6989700043360187
DTXSID7032470,Propetamphos,31218-83-4,C10H20NO4PS,281.085066,102,694,15,Inactive,0.006091041616989,-24.01545120319875,0.8295268162204127,24.37786618420073,1.3869956887727872
DTXSID9020089,Anilazine,101-05-3,C9H5Cl3N4,273.957979,39,691,6,Inactive,0.0197975763001256,-22.921524770980113,0.7917410880731599,22.661397171268103,1.3552866824499836
DTXSID4021894,Cyclohexanol,108-93-0,C6H12O,100.088815,4,589,1,Inactive,5.73212094449e-05,-20.37797787664376,0.7038834692712647,4.382920000389644,0.6417635437302978
DTXSID1047310,Farglitazar,196808-45-4,C34H30N2O5,546.215472,351,720,49,Active,0.9999999979501184,-155.89779402951092,5.384924882021822,14.43377002804933,1.15937978144223
DTXSID2021866,Dibutyl adipate,105-99-7,C14H26O4,258.183109,10,593,2,Inactive,0.0251568357373619,-21.175021401341585,0.7314144522137637,50.0,1.6989700043360187
DTXSID8020541,"5,5-Diphenylhydantoin",57-41-0,C15H12N2O2,252.089878,35,699,5,Active,0.9974536916843338,-54.31241968328586,1.876025905151516,28.67687689908764,1.4575318520394354
DTXSID0021125,Phenolphthalein,77-09-8,C20H14O4,318.089209,230,672,34,Active,0.9999999964202428,-149.67008146036383,5.1698110981453675,19.82919942273817,1.297305180503551
DTXSID2022254,Terbufos,13071-79-9,C9H21O2PS3,288.04413,94,665,14,Active,0.9999850239426812,-122.15386171605532,4.219362906862697,59.64817702967003,1.7755971752812487
DTXSID1024621,Diethylene glycol dimethyl ether,111-96-6,C6H14O3,134.094294,47,590,8,Inactive,5.59241543822e-05,-20.636967198370083,0.7128293177447718,50.0,1.6989700043360187
DTXSID7047308,CP-105696,158081-99-3,C28H28O4,428.198759,215,608,35,Inactive,0.2544621797723343,-25.42774718064369,0.8783094676816832,10.852817251168409,1.0355424900572003
DTXSID0020604,4-Vinyl-1-cyclohexene diepoxide,106-87-6,C8H12O2,140.08373,11,589,2,Inactive,5.7244116453e-06,-20.050968850602843,0.6925881263709018,14.625644532621232,1.165115013953735
DTXSID9026974,"2,4-Di-tert-pentylphenol",120-95-6,C16H26O,234.198365,292,630,46,Active,0.9999999999934804,-187.96036416939975,6.4924102881025165,47.8933902413899,1.680275580642826
DTXSID8023846,Acephate,30560-19-1,C4H10NO3PS,183.011901,16,757,2,Inactive,1.0267025517208464e-08,-11.742311855334044,0.4055956511500003,9.18682305413897,0.96316535158249
DTXSID1047312,GSK232420A,864283-48-7,C12H9F6N3O,325.064981,44,614,7,Inactive,-0.9741384198275072,30.131200803888664,1.040773244702499,0.003197296020558,-2.4952171528608207
DTXSID2047270,Besonprodil,253450-09-8,C21H23FN2O3S,402.141342,132,644,20,Inactive,0.0002514141192829,-20.02387941605829,0.6916524199292106,49.99999999999999,1.6989700043360187
DTXSID6024460,C.I. Solvent Yellow 1,60-09-3,C12H11N3,197.095297,197,638,31,Inactive,0.0029368655729568,-24.730974234388263,0.8542419688516469,24.731041340605326,1.393242403419818
DTXSID2047301,CP-456773,210826-40-7,C20H24N2O5S,404.140593,39,611,6,Inactive,0.0043288550801684,-23.3219765322527,0.8055732443698553,50.0,1.6989700043360187
DTXSID5021336,Theophylline,58-55-9,C7H8N4O2,180.064726,10,623,2,Inactive,-4.6704000113937015e-09,11.078373992360808,0.3826623213957372,0.0220872984386073,-1.6558574006951403
DTXSID1044564,"2,6,10-Trimethyl-2,6,10-triazaundecane",3855-32-1,C11H27N3,201.220498,7,592,1,Inactive,0.0,13.909883119722569,0.4804665529983725,0.0055392073940246,-2.2565523740852527
DTXSID7047271,PD 0343701,676116-04-4,C26H34N4O4S2,530.202148,366,651,56,Active,0.999999992148599,-152.1435249522138,5.255247248710888,21.418265423440467,1.3307842962095888
DTXSID1047366,SAR115740,NOCAS_47366,C24H17F2N3O,401.133969,313,638,49,Active,0.9999999999938972,-113.5731478229284,3.9229732110606976,10.009063026119843,1.0003934239696508
DTXSID8047347,SR271425,155990-20-8,C22H27N3O3S,413.177313,368,696,53,Active,0.9999999999999916,-150.6051004938151,5.2021079455109085,5.3513651803500535,0.7284645884998515
DTXSID1020807,2-Mercaptobenzothiazole,149-30-4,C7H5NS2,166.986342,86,632,14,Inactive,8.915087882541085e-07,-7.954860956221127,0.2747718719359831,50.0,1.6989700043360187
DTXSID1024209,Naled,300-76-5,C4H7Br2Cl2O4P,377.782577,244,729,33,Active,0.999942044867586,-150.0487362307552,5.182890356305946,61.25465307611465,1.7871390845227006
DTXSID3021641,Nonanoic acid,112-05-0,C9H18O2,158.13068,8,602,1,Inactive,0.0418169158551513,-20.7710215489658,0.7174597399554254,50.0,1.6989700043360187
DTXSID9026926,1-Tetradecanol,112-72-1,C14H30O,214.229666,107,592,18,Active,0.9910800300882328,-63.41635156599753,2.190488272144122,50.0,1.6989700043360187
DTXSID9047334,MK-968,NOCAS_47334,C19H21F2N5O,373.171417,213,620,34,Active,0.999997503941664,-142.94783606728697,4.937615468274019,49.99999999999999,1.6989700043360187
DTXSID2029246,Triethoxyoctylsilane,2943-75-1,C14H32O3Si,276.212071,45,607,7,Inactive,0.0017615226833781,-20.91263853535974,0.7223513860399449,50.0,1.6989700043360187
DTXSID1023235,D-Mannitol,69-65-8,C6H14O6,182.079038,5,660,1,Inactive,0.0020285444684287,-11.85126696601366,0.4093591109870974,50.0,1.6989700043360187
DTXSID1047364,SSR 103800,1075752-90-7,,,239,651,37,Active,0.9999244916109064,-144.7007928701555,4.998165014620321,55.84897463716688,1.7470152040674167
DTXSID8023216,"3,5,3'-Triiodothyronine",6893-02-3,C15H12I3NO4,650.79004,153,711,22,Active,0.9999401482627804,-102.9261492191952,3.555211190712664,9.700404211323828,0.9867898314920112
DTXSID3031862,Perfluorohexanoic acid,307-24-4,C6HF11O2,313.980089,21,738,3,Inactive,0.0206942329786441,-22.62280368062301,0.7814228494972879,50.0,1.6989700043360187
DTXSID3032628,Methoxyfenozide,161050-58-4,C22H28N2O3,368.209993,69,669,10,Active,0.9468896220690898,-39.38331414280231,1.3603540036231223,76.3690508580093,1.8829173930683496
DTXSID6024175,Metalaxyl,57837-19-1,C15H21NO4,279.147058,28,689,4,Inactive,0.2664794956291116,-27.113927739671336,0.9365524704413672,9.92126115155263,0.9965668814633758
DTXSID0024216,Nitrapyrin,1929-82-4,C6H3Cl4N,228.90196,20,648,3,Inactive,0.1429719731592592,-25.264496102064584,0.8726705502067438,50.0,1.6989700043360187
DTXSID4022020,Bromacil,314-40-9,C9H13BrN2O2,260.016041,61,680,9,Inactive,0.5987677423799352,-31.91690308770764,1.102453865136421,50.0,1.6989700043360187
DTXSID0021256,Sulfasalazine,599-79-1,C18H14N4O5S,398.068491,50,680,7,Inactive,0.002276744074444,-16.114667460152354,0.5566228458322852,90.77224904114236,1.9579530959836584
DTXSID9047338,HMR1426,262376-75-0,C16H12ClNOS,301.032813,177,642,28,Active,0.9999745887915455,-107.99213975083886,3.730197492704666,76.20480497548576,1.8819823559662223
DTXSID3020627,Fluconazole,86386-73-4,C13H12F2N6O,306.104065,8,623,1,Inactive,0.0211245756087548,-23.176476192076706,0.8005474618882376,50.0,1.6989700043360187
DTXSID2021864,"2,4-Dimethylphenol",105-67-9,C8H10O,122.073165,18,616,3,Inactive,0.0084830780587616,-25.903072125136024,0.8947278470216622,17.930256459273515,1.253586501388774
DTXSID5023742,Warfarin,81-81-2,C19H16O4,308.104859,36,663,5,Inactive,0.5929198855804864,-32.78200018927133,1.132335512510427,49.99999999999999,1.6989700043360187
DTXSID3024316,Tebuthiuron,34014-18-1,C9H16N4OS,228.104482,13,642,2,Inactive,0.0067219848566026,-19.53619327504698,0.6748070678079876,49.99999999999999,1.6989700043360187
DTXSID0037495,Deisopropylatrazine,1007-28-9,C5H8ClN5,173.046823,23,727,3,Inactive,0.0,7.99220248068897,0.2760616997073847,0.0008057224200473,-3.09381455150134
DTXSID4021848,N-Ethyl-3-methylaniline,102-27-2,C9H13N,135.104799,4,591,1,Inactive,0.0001385334678593,-17.059536089450177,0.5892599118268467,49.99999999999999,1.6989700043360187
DTXSID6021402,"1,2,4-Trimethylbenzene",95-63-6,C9H12,120.0939,3,590,1,Inactive,5.6691879377548485e-08,-14.024734655193924,0.4844336834824707,52.0,1.7160033436347992
DTXSID6047527,"Adipic acid, polypropyleneglycol, laurate",66456-53-9,,,20,597,3,Inactive,0.0332589716016294,-25.866348592367885,0.8934593655361482,10.211667242822546,1.0090966544517848
DTXSID7024873,Cyanuric acid,108-80-5,C3H3N3O3,129.017441,7,589,1,Inactive,3.026582113487114e-07,-14.584103217568815,0.5037550453304975,49.75,1.6967930850817443
DTXSID8026640,"1,3-Diisopropylbenzene",99-62-7,C12H18,162.140851,4,587,1,Inactive,0.0007036104147356,-19.38717255533128,0.6696596865603609,50.0,1.6989700043360187
DTXSID7024538,Anthralin,1143-38-0,C14H10O3,226.062994,59,627,9,Inactive,0.0001427270267272,-11.223167784716043,0.387663698740874,50.0,1.6989700043360187
DTXSID6020480,Dimethoxane,828-00-2,C8H14O4,174.089209,17,584,3,Inactive,-5.98305551730871e-08,10.68439816639792,0.3690538528388244,0.017770791982571,-1.7502932167644305
DTXSID9025293,2-Ethylhexanoic acid,149-57-5,C8H16O2,144.11503,5,590,1,Inactive,0.566678700418478,-31.074023626054817,1.0733396456963418,50.0,1.6989700043360187
DTXSID8023848,Acetochlor,34256-82-1,C14H20ClNO2,269.118257,177,734,24,Active,0.9993161619411092,-70.21486324925543,2.425318244895126,40.926927148214105,1.6120091384231343
DTXSID3026697,Bis(2-ethylhexyl) nonanedioate,103-24-2,C25H48O4,412.35526,51,590,9,Inactive,0.0248775129516533,-22.979025252092494,0.7937272340183148,49.99999999999999,1.6989700043360187
DTXSID8047262,CI-1029,207736-05-8,C28H37NO4S,483.24433,56,678,8,Active,0.998230326188856,-74.18738207005863,2.5625345254436094,61.79188815327888,1.7909314660030784
DTXSID2047359,"4-Bromophenyl 1,4-diazabicyclo(3.2.2)nonane-4-carboxylate",298198-52-4,C14H17BrN2O2,324.047341,59,650,9,Inactive,0.7433423231459726,-37.98227350288848,1.3119601270480143,90.48496577298314,1.9565764264512968
DTXSID0047292,"3-((1-(Aminomethyl)cyclohexyl)methyl)-1,2,4-oxadiazol-5(2H)-one dihydrochloride",227626-75-7,C10H18ClN3O2,247.108755,6,609,1,Inactive,0.0069216274142156,-20.626587637045247,0.7124707933769927,50.0,1.6989700043360187
DTXSID3047263,PharmaGSID_47263,349495-42-7,C15H16N4O2,284.127326,53,673,8,Active,0.9999854907100262,-66.1214062610353,2.2839245931980394,15.118197650357455,1.1795000188661775
DTXSID5047299,CP-422935,NOCAS_47299,C26H38N2O4S,474.255229,18,610,3,Inactive,0.6141574608595282,-32.88521054373478,1.1359005405423652,50.0,1.6989700043360187
DTXSID1047318,SB202235,139149-55-6,C16H16N2O4,300.111007,42,600,7,Active,0.992839160429467,-49.39022606807191,1.7060065470348953,24.445690834126182,1.3882023149158502
DTXSID4032372,Difenoconazole,119446-68-3,C19H17Cl2N3O3,405.064697,343,732,47,Active,0.9999997393171668,-133.82060954059048,4.6223484721409385,30.307984950233863,1.4815570629237018
DTXSID0020311,Monuron,150-68-5,C9H11ClN2O,198.055991,18,608,3,Active,0.9945250574952726,-47.19474241535029,1.6301715127856304,50.0,1.6989700043360187
DTXSID9026689,"1,1′,1′′,1′′′-(Ethylenedinitrilo)tetrakis(2-propanol)",102-60-3,C14H32N2O4,292.236208,17,579,3,Inactive,0.0199920651437108,-18.50426923053164,0.6391629876703601,50.00000000000001,1.6989700043360187
DTXSID2020268,Chlorendic acid,115-28-6,C9H4Cl6O4,385.824075,3,630,0,Inactive,0.1838213416529409,-27.180901558953583,0.938865838556305,50.0,1.6989700043360187
DTXSID6032562,Octylbicycloheptenedicarboximide,113-48-4,C17H25NO2,275.188529,183,782,23,Active,0.9999885188052824,-129.50402999346403,4.473247859439852,56.78139155781938,1.754206031699467
DTXSID9032379,Dithiopyr,97886-45-8,C15H16F5NO2S2,401.054262,153,708,22,Active,0.9999999929507186,-148.11964623176164,5.116256926372528,37.38836732977643,1.5727365008549363
DTXSID9024304,Sethoxydim,74051-80-2,C17H29NO3S,327.186815,41,699,6,Inactive,0.4065508948849288,-30.58186380640972,1.056339766543231,50.5,1.7032913781186614
DTXSID6021456,FD&C Yellow 6,2783-94-0,C16H10N2Na2O7S2,451.972482,59,642,9,Inactive,-6.742084098825816e-12,12.642525162901403,0.4366902607256112,0.0006424000852269,-3.192194410111711
DTXSID2026523,Symclosene,87-90-1,C3Cl3N3O3,230.900524,16,658,2,Inactive,0.0058518546307496,-18.658618183552743,0.644494413447174,50.0,1.6989700043360187
DTXSID1047360,SR58611,929601-09-2,C22H27Cl2NO4,439.131714,179,630,28,Active,0.9999999842541843,-144.01888959312816,4.974611134679584,24.090507271163453,1.3818459449857916
DTXSID6024466,4-Aminobenzoic acid,150-13-0,C7H7NO2,137.047678,7,571,1,Inactive,-9.79254027131e-05,15.72080507184185,0.5430182955683841,0.0072458927505227,-2.139908098427461
DTXSID9032327,Bendiocarb,22781-23-3,C11H13NO4,223.084458,63,665,9,Inactive,0.870698152841931,-46.74689142902142,1.6147021218636275,50.0,1.6989700043360187
DTXSID1041847,Dibutyl decanedioate,109-43-3,C18H34O4,314.24571,8,596,1,Inactive,-0.0088229762311162,28.623532778080783,0.9886963111157112,0.0169314062199509,-1.771306970526432
DTXSID8034877,Pyrimethanil,53112-28-0,C12H13N3,199.110947,57,658,9,Inactive,4.1758264301e-06,-15.60144010569541,0.53889526496205,11.460830308515009,1.0592160823210572
DTXSID9021976,2-Phenoxyethanol,122-99-6,C8H10O2,138.06808,8,645,1,Inactive,0.0034686287661928,-22.41582228386176,0.7742734265020895,19.095526878670952,1.2809316458118567
DTXSID3042390,Sodium (2-pyridylthio)-N-oxide,3811-73-2,C5H4NNaOS,148.991129,208,618,34,Active,0.9986200731620746,-62.70185742761263,2.1658086588898176,50.0,1.6989700043360187
DTXSID4020371,Dapsone,80-08-0,C12H12N2O2S,248.061949,19,604,3,Inactive,-0.0996695720234528,17.74243477968348,0.6128481747129868,0.0001843370093225,-3.7343874627681566
DTXSID2047357,Surinabant,288104-79-0,C23H23BrCl2N4O,520.04323,261,667,39,Active,0.999999190783486,-134.9497886505397,4.661351876411519,10.782667420789972,1.0327262100928103
DTXSID0032651,Thidiazuron,51707-55-2,C9H8N4OS,220.041882,155,700,22,Active,0.934775742019526,-53.6186968966666,1.852063763043306,50.0,1.6989700043360187
DTXSID6024337,Thiobencarb,28249-77-6,C12H16ClNOS,257.064113,62,659,9,Active,0.9999835954602592,-126.86902221671218,4.3822310555801005,65.83102580610277,1.8184306224999311
DTXSID8032544,"Dipropyl 2,5-pyridinedicarboxylate",136-45-8,C13H17NO4,251.115758,22,643,3,Inactive,0.2961604476738417,-28.540076010564825,0.9858135992289432,14.17389391892422,1.1514891780658076
DTXSID9020877,1-Methylnaphthalene,90-12-0,C11H10,142.07825,3,580,1,Inactive,0.0,5.3054375034026116,0.1832571307370543,0.0095993902368855,-2.017756352915268
DTXSID3021932,Diethanolamine,111-42-2,C4H11NO2,105.078979,32,605,5,Inactive,0.002023407344856,-22.865961995940257,0.7898218731690051,19.339044324547565,1.286435008794014
DTXSID3034456,Cinmethylin,87818-31-3,C18H26O2,274.19328,79,671,12,Active,0.9999852613029134,-162.44900964794587,5.6112129075247505,63.59582905452369,1.8034286332898524
DTXSID2020894,Bis(4-(dimethylamino)phenyl)methanone,90-94-8,C17H20N2O,268.157563,162,620,26,Active,0.9999999999000976,-129.70741998706455,4.480273230415188,9.619210399651562,0.9831394241014056
DTXSID5032600,Cyclanilide,113136-77-9,C11H9Cl2NO3,272.995949,147,700,21,Active,0.9999366485104886,-101.19779216843818,3.4955113537420552,50.0,1.6989700043360187
DTXSID0023826,Isophorone diisocyanate,4098-71-9,C12H18N2O2,222.136828,24,623,4,Inactive,0.0896545013340897,-26.88812303050421,0.9287528642670708,37.97628954069148,1.5795125298922406
DTXSID3037208,Diclofenac sodium,15307-79-6,C14H10Cl2NNaO2,316.998628,76,607,13,Active,0.9999779954198532,-102.5319369075504,3.541594553614043,50.0,1.6989700043360187
DTXSID3020332,Citric acid,77-92-9,C6H8O7,192.027003,2,609,0,Inactive,0.0089211975256432,-25.50039062547044,0.8808186724847306,23.333697571307276,1.3679835646649172
DTXSID0020654,Geranyl acetate,105-87-3,C12H20O2,196.14633,12,594,2,Inactive,0.6849424419983949,-31.3089598489646,1.0814546669531253,50.0,1.6989700043360187
DTXSID9047255,CP-465394,1437319-48-6,C20H27N2NaO5S,430.153837,28,583,5,Active,0.9850633973965072,-40.200441014090615,1.3885786930637958,19.01778028407726,1.2791598256070158
DTXSID8026224,Triethylene glycol dimethyl ether,112-49-2,C8H18O4,178.120509,2,598,0,Active,0.9960367967204256,-38.42150082954818,1.3271316448678625,24.23368825069738,1.3844195166974498
DTXSID9021427,Urethane,51-79-6,C3H7NO2,89.047678,1,592,0,Inactive,0.0507628804538426,-28.65147061727589,0.9896613226244898,20.47924091449762,1.311313855001321
DTXSID4027236,"2,3-Dinitrotoluene",602-01-7,C7H6N2O4,182.032757,58,617,9,Inactive,-0.0122770415653214,22.98917855694689,0.7940779431754617,7.093709876058398,0.8508734223931164
DTXSID6027131,"1H-1,2,4-Triazole",288-88-0,C2H3N3,69.032697,23,591,4,Inactive,0.1904010858159366,-28.668962675659344,0.9902655224530584,37.31722964640265,1.5719093951511292
DTXSID1024174,Tribufos,78-48-8,C12H27OPS3,314.096166,171,716,24,Active,0.999988313183386,-155.05164497805754,5.355697726439312,67.10663447537117,1.826765458672854
DTXSID0022519,Folic acid,59-30-3,C19H19N7O6,441.139681,17,641,3,Inactive,0.6863900483245178,-32.60405759520486,1.126189129822173,50.0,1.6989700043360187
DTXSID3034612,Fluazifop-butyl,69806-50-4,C19H20F3NO4,383.134443,23,662,3,Active,0.9946762327861596,-49.3490211304164,1.7045832716420355,50.0,1.6989700043360187
DTXSID6025486,Isoproterenol hydrochloride,51-30-9,C11H18ClNO3,247.097521,88,630,14,Inactive,-0.0097839843235758,19.99684566490317,0.6907186368686111,9.921356327172578,0.996571047672456
DTXSID9034864,Propoxycarbazone-sodium,181274-15-7,C15H17N4NaO7S,420.071564,12,645,2,Inactive,1.50708804378e-05,-17.492520404450886,0.6042157874111486,8.86839638234554,0.9478450961269562
DTXSID1027924,Diisodecyl hexanedioate,27178-16-1,C26H50O4,,11,598,2,Inactive,0.0431658961580691,-28.53190976481911,0.985531525834752,22.33881008582991,1.3490600359720182
DTXSID8026727,Geraniol,106-24-1,C10H18O,154.135765,13,588,2,Active,0.9754598837888334,-38.23437588083748,1.3206680909822408,25.56670914740524,1.4076748308382503
DTXSID0047248,CI-1018,NOCAS_47248,C24H20N4O2,396.158626,108,638,17,Active,0.9999894666297564,-138.67018487784827,4.789859494752942,50.00000000000001,1.6989700043360187
DTXSID0021337,Thiabendazole,148-79-8,C10H7N3S,201.036068,65,687,9,Active,0.9999326417283452,-62.98388383566919,2.175550240107083,34.465006242242644,1.537378361488882
DTXSID6024204,Metribuzin,21087-64-9,C8H14N4OS,214.088832,20,679,3,Inactive,0.1943434903137617,-26.85581030915728,0.9276367382931908,28.5907400479975,1.4562253968620829
DTXSID7032553,Flumetralin,62924-70-3,C16H12ClF4N3O4,421.045246,167,694,24,Active,0.9999999615135524,-111.19741963653652,3.840912281953512,25.018725921896177,1.3982651894829488
DTXSID2020262,Chloramben,133-90-4,C7H5Cl2NO2,204.969734,9,625,1,Inactive,2.2219043934959033e-08,-6.871235210214194,0.2373419437012859,50.0,1.6989700043360187
DTXSID4020959,C.I. Azoic Diazo Component 12,99-55-8,C7H8N2O2,152.058578,33,594,6,Inactive,0.0054747407324039,-25.618194672636157,0.8848877867960304,13.379229855827427,1.1264311150020054
DTXSID0047533,Tri-n-octyl trimellitate,89-04-3,C33H54O6,546.392039,10,601,2,Inactive,5.1748214489e-06,-12.552734724230223,0.4335887750992234,50.5,1.7032913781186614
DTXSID6020692,Methenamine,100-97-0,C6H12N4,140.106196,2,582,0,Inactive,0.0,9.62744552675805,0.3325452504962026,0.0062105452363386,-2.2068702705579373
DTXSID5037523,Diazoxon,962-58-3,C12H21N2O4P,288.123894,29,726,4,Inactive,4.7555938098e-06,-5.734830218033496,0.1980889474896188,50.5,1.7032913781186614
DTXSID5033836,4-Nonylphenol,104-40-5,C15H24O,220.182715,211,648,33,Active,0.999999999833584,-149.34065032232633,5.158432092155103,19.099261975027854,1.2810165857626217
DTXSID6024254,Phenanthrene,85-01-8,C14H10,178.07825,49,657,7,Active,0.9991178608359238,-65.89256329295708,2.2760200413693785,49.99999999999999,1.6989700043360187
DTXSID7032555,Flumioxazin,103361-09-7,C19H15FN2O4,354.101585,71,675,11,Active,0.9553692359269282,-49.65088480363883,1.7150100593655762,50.0,1.6989700043360187
DTXSID6020856,N-Methyl-2-pyrrolidone,872-50-4,C5H9NO,99.068414,8,608,1,Inactive,0.0135511345548328,-18.61492201465528,0.6429850874903201,50.0,1.6989700043360187
DTXSID1021409,Triphenyltin hydroxide,76-87-9,C18H16OSn,368.022317,402,707,57,Active,1.0,-139.61341435340734,4.822439942115993,0.2096805384461942,-0.6784418768196079
DTXSID4042206,1-Dodecyl-2-pyrrolidinone,2687-96-9,C16H31NO,253.240565,193,614,31,Active,0.9997837260079364,-132.25132330955233,4.5681431607371605,75.52444691926864,1.8780875535310289
DTXSID9027522,Octrizole,3147-75-9,C20H25N3O,323.199762,94,589,16,Active,0.9999585668390994,-130.8451541494939,4.519572138000964,82.8075411009842,1.918069888830945
DTXSID8032673,Pyrithiobac sodium,123343-16-8,C13H10ClN2NaO4S,347.99475,7,657,1,Inactive,8.491821031320892e-08,-18.858570835416995,0.6514010538967895,10.45250794192104,1.0192205062039088
DTXSID4047387,SAR102779,NOCAS_47387,C35H38Cl2FN3O7,701.207084,317,653,49,Active,0.999992697868768,-141.8976723248849,4.901341363807936,41.5,1.6180480967120927
DTXSID9020164,Pentaerythritol dibromide,3296-90-0,C5H10Br2O2,259.904756,7,614,1,Inactive,0.0003799006111711,-18.83760668496661,0.6506769232181389,50.0,1.6989700043360187
DTXSID1021455,C.I. Acid Yellow 23,1934-21-0,C16H9N4Na3O9S2,533.950403,41,617,7,Inactive,0.0027205231665721,-16.32305225160912,0.5638207440163868,47.25,1.6744018128452818
DTXSID4020240,Caprolactam,105-60-2,C6H11NO,113.084064,24,585,4,Inactive,0.0013794573420619,-17.378716613570877,0.6002848474707017,50.0,1.6989700043360187
DTXSID4047385,SAR377142,NOCAS_47385,C28H37ClN6O6,588.246311,115,613,19,Active,0.9994389947525228,-70.82225645435153,2.4462984441574305,45.0,1.6532125137753435
DTXSID2026602,"2,4-Di-tert-butylphenol",96-76-4,C14H22O,206.167065,276,614,45,Active,0.9999999999760112,-146.39553180602036,5.056703635523079,20.956598430093585,1.3213207915308558
DTXSID0021385,Folpet,133-07-3,C9H4Cl3NO2S,294.902833,179,710,25,Active,0.9998629129612012,-66.44165677893776,2.294986487903277,19.249723699004793,1.284424500241468
DTXSID7021237,Reserpine,50-55-5,C33H40N2O9,608.273381,262,688,38,Active,0.9999998871785208,-120.21534409674082,4.152403833917069,33.01369942317087,1.5186941928867557
DTXSID5027982,Diisononyl adipate,33703-08-1,,,8,613,1,Inactive,0.0008220173097608,-19.608655007793573,0.6773099960250969,50.0,1.6989700043360187
DTXSID6022422,"4,4'-Diaminobiphenyl methane",101-77-9,C13H14N2,198.115698,44,611,7,Active,0.9627846754227976,-36.29837724089344,1.2537960270592476,28.068779582227336,1.448223530118349
DTXSID6024888,Cyclophosphamide monohydrate,6055-19-2,C7H17Cl2N2O3P,278.035385,7,638,1,Inactive,0.0674486359027953,-26.11915618214081,0.9021916884596816,9.921274922135163,0.9965674842580976
DTXSID5032498,Triclosan,3380-34-5,C12H7Cl3O2,287.951163,374,882,42,Active,0.9999999984150142,-153.8148237208983,5.312976213901235,12.873773985465997,1.1097058802996635
DTXSID1044697,4-Ethyloct-1-yn-3-ol,5877-42-9,C10H18O,154.135765,33,584,6,Inactive,3.33045415706e-05,-9.495074696067569,0.327972979385656,50.0,1.6989700043360187
DTXSID0028038,3-Iodo-2-propynyl-N-butylcarbamate,55406-53-6,C8H12INO2,280.99127,324,800,40,Active,0.9999999999717722,-154.33805623291522,5.3310493867166855,13.890496669857724,1.1427177746880963
DTXSID6025014,Benzal chloride,98-87-3,C7H6Cl2,159.984656,8,591,1,Inactive,9.88098775979e-05,-7.776693076882013,0.2686177075836085,50.0,1.6989700043360187
DTXSID3042059,Isopentyl butyrate,106-27-4,C9H18O2,158.13068,6,590,1,Inactive,-1.3925170602744403e-16,7.531021661749394,0.2601318779772015,0.0088041793751983,-2.055311117769617
DTXSID5024055,Dimethyl sulfate,77-78-1,C2H6O4S,125.99868,7,617,1,Inactive,0.0003865624492876,-8.472147156440153,0.292639650938415,50.0,1.6989700043360187
DTXSID3026223,Triethylene glycol diacetate,111-21-7,C10H18O6,234.110338,6,584,1,Inactive,0.0,6.179923972492729,0.2134630998189733,0.0039816900564624,-2.399932549433408
DTXSID3024657,3-Bromo-1-propanol,627-18-9,C3H7BrO,137.968028,3,592,1,Inactive,0.003228500606967,-12.167534973760178,0.4202834442972872,50.0,1.6989700043360187
DTXSID0021965,"1,2,4-Trichlorobenzene",120-82-1,C6H3Cl3,179.930033,28,626,4,Inactive,0.0,5.675342643863969,0.1960341646088811,0.000610000041316,-3.214670135573941
DTXSID7020972,Nitrofurantoin,67-20-9,C8H6N4O5,238.033819,103,601,17,Inactive,-0.9743712725159976,48.337593318512994,1.66964715965538,10.037110727021789,1.0016087152098068
DTXSID8020755,Isoniazid,54-85-3,C6H7N3O,137.058912,16,641,2,Inactive,0.0263022595097033,-10.87158932150827,0.3755196935848283,50.0,1.6989700043360187
DTXSID1047576,Cotinine,486-56-6,C10H12N2O,176.094963,3,641,0,Inactive,1.990900694087576e-19,-6.98391324114307,0.2412339983399248,4.455467959526144,0.6488933248862054
DTXSID9020740,Indomethacin,53-86-1,C19H16ClNO4,357.076786,45,644,7,Active,0.9999999992837584,-120.70319478079072,4.169254869581848,25.38899081175753,1.4046454384241165
DTXSID8024999,"3,4-Dichloronitrobenzene",99-54-7,C6H3Cl2NO2,190.954084,13,590,2,Inactive,9.906168924772858e-19,-7.224223722614286,0.249534653901735,9.921257825712852,0.99656673587764
DTXSID3020257,"1,​2-​Benzenediol",120-80-9,C6H6O2,110.036779,117,603,19,Active,0.9999999973424742,-110.18103914705846,3.8058050976507256,28.870205377921913,1.4604498733916638
DTXSID6021872,4-Methylbenzenamine,106-49-0,C7H9N,107.073499,19,601,3,Inactive,0.0630124762037424,-27.159662875030904,0.9381322251127756,20.7056405858254,1.3160886711381132
DTXSID0034566,Emamectin benzoate,155569-91-8,,,499,841,59,Active,0.9999999999999858,-144.3138316557845,4.9847988404251335,1.3405191341620004,0.1272730173503539
DTXSID3020964,Nitrobenzene,98-95-3,C6H5NO2,123.032028,8,601,1,Inactive,1.0225914461171524e-08,-1.2134207239098032,0.0419132258363189,50.00000000000001,1.6989700043360187
DTXSID6023733,Valproic acid,99-66-1,C8H16O2,144.11503,17,689,2,Active,0.9480176338021968,-38.48597469024391,1.329358660964285,50.0,1.6989700043360187
DTXSID9032329,Bensulide,741-58-2,C14H24NO4PS3,397.060509,314,811,39,Active,0.9999827964082189,-128.85648108817296,4.4508806268941,75.2014546823683,1.8762262415812048
DTXSID6034972,Thymol,89-83-8,C10H14O,150.104465,26,618,4,Inactive,0.183081098272436,-28.413104661250657,0.9814278336542468,73.10190525585166,1.8639286961277657
DTXSID5032573,Pyridaben,96489-71-3,C19H25ClN2OS,364.137612,298,826,36,Active,0.9999965815607644,-73.56961408302774,2.54119596690025,26.94409773886229,1.4304636452119088
DTXSID3034664,Imazamox,114311-32-9,C15H19N3O4,305.137556,6,682,1,Inactive,-2.154035824014987e-09,18.005687672545115,0.6219412928155206,0.0006099125646649,-3.2147324197519
DTXSID4026262,"Tris(2,3-epoxypropyl)isocyanurate",2451-62-9,C12H15N3O6,297.096085,159,593,27,Active,0.9999999999988358,-92.76508033655992,3.2042338533188923,1.015312416136487,0.006599697152907
DTXSID6043709,Cyclopamine,4449-51-8,C27H41NO2,411.31373,85,669,13,Inactive,0.7872261110210496,-46.67662105339749,1.6122748861447267,50.0,1.6989700043360187
DTXSID8035001,10-Undecenoic acid,112-38-9,C11H20O2,184.14633,19,607,3,Inactive,-4.42328293884e-05,16.20049118942191,0.5595873158434777,0.0009878566507351,-3.0053060719219724
DTXSID8024107,1-Methyl-3-phenyl-5-(3-(trifluoromethyl)phenyl)-4-pyridone,59756-60-4,C19H14F3NO,329.102749,78,605,13,Active,0.9872405574334456,-50.63465794563186,1.7489909409012074,50.0,1.6989700043360187
DTXSID9020663,Glycerol,56-81-5,C3H8O3,92.047344,9,647,1,Inactive,4.9235716378e-06,-14.68899813792503,0.5073782605923949,50.0,1.6989700043360187
DTXSID5024182,2-Methoxyethanol,109-86-4,C3H8O2,76.052429,3,706,0,Inactive,4.1339553097213447e-08,-0.6257059955178714,0.0216127483077573,50.0,1.6989700043360187
DTXSID8021519,2-(2-Butoxyethoxy)ethanol,112-34-5,C8H18O3,162.125594,3,588,1,Inactive,0.0003070088626343,-12.599034031954954,0.4351880170624553,50.0,1.6989700043360187
DTXSID4034528,Diclosulam,145701-21-9,C13H10Cl2FN5O3S,404.986544,45,684,7,Inactive,-3.72257418871e-05,14.48718588211415,0.5004073868569575,0.0177908532397834,-1.749803222886077
DTXSID1025017,Dicumyl peroxide,80-43-3,C18H22O2,270.16198,147,609,24,Active,0.9999985767912904,-139.17401175013015,4.807262369999966,24.54933165224032,1.390039673090551
DTXSID4047339,SR144190,181640-09-5,C33H39ClF2N4O3,612.267875,112,651,17,Inactive,0.028163723749107,-20.971492009834208,0.7243842662424127,47.0,1.6720978579357175
DTXSID4022731,Carbamazepine,298-46-4,C15H12N2O,236.094963,30,659,5,Inactive,-0.6386246708863611,29.86767128609669,1.0316705715932404,0.0009494475632886,-3.0225290157645057
DTXSID0047377,AVE6324,NOCAS_47377,C31H36Cl2N4O7S,678.168176,359,669,54,Active,0.9999999999981724,-142.77355521805478,4.931595567304075,4.553362867330227,0.6583322615534388
DTXSID7020508,Dimethylarsinic acid,75-60-5,C2H7AsO2,137.966199,30,649,5,Inactive,0.0333753639156951,-19.935821987812012,0.6886107948737562,50.00000000000001,1.6989700043360187
DTXSID9027360,Ammonium carbamate,1111-78-0,CH6N2O2,78.042927,18,596,3,Inactive,-0.0241850244222462,24.297954146580707,0.8392848576252444,0.0056196966137982,-2.2502871297173876
DTXSID2038732,Diethyl butanedioate,123-25-1,C8H14O4,174.089209,19,652,3,Inactive,-0.1964738614805299,26.70987341511871,0.9225958766388912,0.0006081871089618,-3.2159627893317366
DTXSID4032405,Formetanate hydrochloride,23422-53-9,C11H16ClN3O2,257.093104,65,661,10,Inactive,0.733667017003043,-40.71353002470228,1.4063014953467563,50.5,1.7032913781186614
DTXSID6025567,Methyl 2-aminobenzoate,134-20-3,C8H9NO2,151.063329,5,593,1,Inactive,-0.0279946001157345,22.638385742481017,0.7819610754108406,0.0015545500959726,-2.808395278089153
DTXSID2029329,Tripropylene glycol monomethyl ether,25498-49-1,,,6,591,1,Inactive,0.0007001113542163,-21.768474754765865,0.7519131497679367,50.0,1.6989700043360187
DTXSID1021322,Tetraethylthiuram disulfide,97-77-8,C10H20N2S4,296.050933,325,768,42,Active,0.9999997887547748,-134.2475160173707,4.637094410808133,25.98904839272345,1.4147903777943838
DTXSID1032488,Thiazopyr,117718-60-2,C16H17F5N2O2S,396.09309,105,678,15,Inactive,0.3116776744564082,-31.039678521828503,1.0721533184139374,50.0,1.6989700043360187
DTXSID7034252,Tepraloxydim,149979-41-9,C17H24ClNO4,341.139386,8,662,1,Inactive,-0.0571926616547245,25.666800161211427,0.8865666874274418,0.0006107360598801,-3.214146437062196
DTXSID8035180,Allethrin,584-79-2,C19H26O3,302.188195,242,770,31,Active,0.9999980408878548,-127.83744229303676,4.415681621046489,52.5,1.7201593034059568
DTXSID3037094,4-Hydroxytamoxifen,68392-35-8,C26H29NO2,387.219829,361,715,50,Active,0.9999999999642992,-142.7845341281331,4.931974794004659,5.792448635485503,0.7628621913745524
DTXSID8031863,Perfluorononanoic acid,375-95-1,C9HF17O2,463.970508,239,764,31,Active,0.9998372085876848,-107.05220254475586,3.697730764871325,71.99763903534785,1.8573182551711012
DTXSID1032646,N-Ethylperfluorooctane sulfonamide,4151-50-2,C10H6F17NO2S,526.984778,211,774,27,Inactive,5.4174730296e-06,-10.134753810336164,0.3500683784923463,48.25,1.6834973176798114
DTXSID6022056,"1,3-Dichlorobenzene",541-73-1,C6H4Cl2,145.969006,22,590,4,Inactive,4.610513256461469e-12,-5.6773947430310026,0.1961050469451818,50.0,1.6989700043360187
DTXSID7041097,1-(2-Chlorophenyl)-N-methyl-N-(1-methylpropyl)-3-isoquinolinecarboxamide,85532-75-8,C21H21ClN2O,352.134241,133,642,21,Active,0.9988624499467428,-73.28605113562803,2.5314013114942666,40.93182992323699,1.6120611609120452
DTXSID7021106,Pentachlorophenol,87-86-5,C6HCl5O,263.847003,258,618,42,Active,0.9999517135440156,-118.2347272255422,4.083990594731333,29.468231413754612,1.469354071706874
DTXSID5020283,"4-Chloro-1,2-diaminobenzene",95-83-0,C6H7ClN2,142.029776,213,634,34,Active,0.9959144686323615,-52.693599262928046,1.8201096145113824,50.0,1.6989700043360187
DTXSID8021301,Tamoxifen citrate,54965-24-1,C32H37NO8,563.251917,403,700,58,Active,0.9999999999157714,-131.64921798001512,4.547345611991801,10.973576331826042,1.0403481889289563
DTXSID1047368,SSR69071,344930-95-6,C27H32N4O7S,556.199171,231,641,36,Active,0.9999781952023084,-139.3821019944144,4.8144500941183725,16.754071147477436,1.2241203553758828
DTXSID7021100,Parathion,56-38-2,C10H14NO5PS,291.033031,126,752,17,Inactive,0.7418639745933779,-37.832240881489696,1.3067777933202367,29.305144650293208,1.4669438694019612
DTXSID3024152,Imazaquin,81335-37-7,C17H17N3O3,311.126991,11,639,2,Inactive,0.0081316795901719,-15.984590474883715,0.5521298073071931,50.0,1.6989700043360187
DTXSID6032645,Sulfentrazone,122836-35-5,C11H10Cl2F2N4O3S,385.981873,25,646,4,Inactive,0.0020775664815669,-14.50776787965883,0.5011183174470277,50.0,1.6989700043360187
DTXSID8020337,Clomiphene citrate (1:1),50-41-9,C32H36ClNO8,597.212945,447,806,55,Active,0.9999999999959072,-134.4150724751127,4.64288204201905,12.40246945959898,1.0935081662831905
DTXSID3024102,Fenamiphos,22224-92-6,C13H22NO3PS,303.105802,125,780,16,Active,0.9970048987846502,-53.68739349954493,1.8544366384804007,32.70293416006015,1.5145867200106158
DTXSID4021426,Urea,57-13-6,CH4N2O,60.032363,31,587,5,Inactive,0.0016490134692319,-18.06679736964793,0.6240521060602511,50.00000000000001,1.6989700043360187
DTXSID0032601,Cyproconazole,94361-06-5,C15H18ClN3O,291.11384,104,715,15,Active,0.9556581475299576,-47.64020885103103,1.645558538038526,49.75,1.6967930850817443
DTXSID0047327,MK-578,313994-79-5,C35H47FN4O2,574.368305,93,609,15,Active,0.9998004306529944,-106.77979426996224,3.688321407246116,45.0,1.6532125137753435
DTXSID1024091,S-Ethyl dipropylthiocarbamate,759-94-4,C9H19NOS,189.118735,14,743,2,Inactive,-0.0002156469646477,13.707659558500218,0.4734814722065869,0.0235400385894591,-1.6281928295480042
DTXSID1021166,Piperonyl butoxide,51-03-6,C19H30O5,338.209324,120,715,17,Active,0.9997378612488298,-113.8375209981518,3.9321050252615457,50.0,1.6989700043360187
DTXSID2021993,Dibenzofuran,132-64-9,C12H8O,168.057515,11,589,2,Inactive,2.70562694231e-05,-16.59003434124656,0.5730426737203484,22.190193676040376,1.346161092771375
DTXSID2020686,Lindane,58-89-9,C6H6Cl6,287.860066,87,710,12,Inactive,8.589083951909305e-16,-12.882673813167184,0.4449853264143236,0.0517076351645112,-1.2864453241209604
DTXSID5029055,"4-Nonylphenol, branched",84852-15-3,,,344,796,43,Active,0.999999999827188,-145.38880614358544,5.02192994226614,7.914002789788809,0.8983961990244835
DTXSID8024652,Bronopol,52-51-7,C3H6BrNO4,198.948021,184,633,29,Active,0.9999982505710356,-146.76894333513644,5.069601784896446,39.00636582722369,1.591135489540069
DTXSID3025049,Diethylene glycol monomethyl ether,111-77-3,C5H12O3,120.078644,9,606,1,Inactive,0.0003185610564016,-20.67251700835083,0.714057257225944,50.0,1.6989700043360187
DTXSID3024287,Imazethapyr,81335-77-5,C15H19N3O3,289.142641,4,661,1,Inactive,7.43007932781e-05,-13.97029092466272,0.4825531219194759,50.0,1.6989700043360187
DTXSID2034627,Fluroxypyr,69377-81-7,C7H5Cl2FN2O3,253.966126,7,665,1,Inactive,0.0005955498734991,-24.562018445782307,0.848406002822175,22.66995979858281,1.3554507499779012
DTXSID7023645,Tetracycline,60-54-8,C22H24N2O8,444.153266,32,653,5,Inactive,-0.9976000051685362,45.45946014097093,1.5702324690370837,50.0,1.6989700043360187
DTXSID9021689,Undecane,1120-21-4,C11H24,156.187801,3,612,0,Inactive,-5.8202627724943315e-12,13.967468592651336,0.4824556346781198,0.0091304745109355,-2.0395066515866325
DTXSID6047369,SR146131 trifluoroacetate (1:1),221671-62-1,C34H37ClF3N3O7S,723.199284,368,613,60,Active,0.9999999968188116,-158.31079764610007,5.468273355913119,9.229525908103836,0.9651793932488336
DTXSID0027856,Dipropylene glycol,25265-71-8,C6H14O3,,5,585,1,Inactive,-8.364368892073046e-20,10.474874314699193,0.3618166099425206,0.0916995700037393,-1.0376327008124335
DTXSID1023869,Ametryn,834-12-8,C9H17N5S,227.120467,64,674,9,Inactive,6.4078201309e-06,-14.4693298862116,0.499790616124392,86.68962989192458,1.9379671488017471
DTXSID9032581,Zoxamide,156052-68-5,C14H16Cl3NO2,335.024662,298,658,45,Active,0.9999999985066936,-164.35287349205157,5.6769749912663965,21.98524816430361,1.3421313721972252
DTXSID3020887,6-Methylquinoline,91-62-3,C10H9N,143.073499,6,626,1,Inactive,0.0001230019465196,-16.24925961345025,0.5612718444902235,49.99999999999999,1.6989700043360187
DTXSID3021485,"1,3-Benzenedicarboxylic acid",121-91-5,C8H6O4,166.026609,6,579,1,Inactive,0.0022382943248903,-13.82036495277777,0.4773744720130394,50.0,1.6989700043360187
DTXSID1047526,C10-21 alkanesulfonic acids phenyl esters,91082-17-6,,,27,618,4,Inactive,0.6887783626961131,-31.760839235868023,1.097063204388545,9.203667339746149,0.963960913003614
DTXSID8024317,Terbacil,5902-51-2,C9H13ClN2O2,216.066555,45,656,7,Inactive,0.8484369711242222,-34.435678713393585,1.1894558501447454,37.13867005783949,1.5698263475221468
DTXSID9021390,"1,2,3-Trichloropropane",96-18-4,C3H5Cl3,145.945683,7,610,1,Inactive,1.3016453816e-06,-14.11288066723697,0.4874783683444754,9.921634065810316,0.9965832051502752
DTXSID0026967,Diethylene glycol dibenzoate,120-55-8,C18H18O5,314.115424,24,611,4,Inactive,0.0029344981595633,-22.51465260017506,0.7776871619736309,50.0,1.6989700043360187
DTXSID5020449,Dichlorvos,62-73-7,C4H7Cl2O4P,219.945901,85,730,12,Inactive,0.8703615303774798,-32.55570340850576,1.1245189095042596,25.000000000000004,1.3979400086720375
DTXSID3047348,SSR504734,742693-38-5,C20H20ClF3N2O,396.121625,278,648,43,Active,0.9999996219468256,-188.9652129879688,6.527119152583038,39.48255230209472,1.5964052193493692
DTXSID5047249,Fandosentan potassium salt,221246-12-4,C25H17F3KNO6S,555.036574,147,635,23,Active,0.99144851993696,-58.38530413541396,2.0167089530701587,25.0,1.3979400086720375
DTXSID9023881,Clofentezine,74115-24-5,C14H8Cl2N4,302.012602,58,673,9,Inactive,-0.9991016180479734,43.18793935403869,1.491771007271526,3.210062092969834,0.5065134331442338
DTXSID4024062,"3,4-Dimethylphenol",95-65-8,C8H10O,122.073165,15,611,2,Inactive,0.0372445489609676,-25.829864676075616,0.8921991607342853,10.125587783044995,1.0054202430989243
DTXSID5021754,"5,5-Dimethylhydantoin",77-71-4,C5H8N2O2,128.058578,6,598,1,Inactive,0.0001598696989369,-19.65414180207341,0.6788811726530005,9.363871142253291,0.971455428669034
DTXSID2037712,"4,4',4''-Ethane-1,1,1-triyltriphenol",27955-94-8,C20H18O3,306.125594,295,648,46,Active,0.999999999999524,-162.8582240038375,5.625347735928444,14.594841899450667,1.1641993947972735
DTXSID4024018,Dicamba,1918-00-9,C8H6Cl2O3,219.9694,7,648,1,Inactive,0.1121075250134515,-26.295108376245285,0.9082693199872977,50.0,1.6989700043360187
DTXSID1047283,CP-728663,368832-42-2,C26H33N3O2,419.257277,148,647,23,Active,0.9999999845952884,-112.9549361715776,3.9016193277396503,18.191319630980896,1.2598642047075457
DTXSID4024195,2-(4-Chloro-2-methylphenoxy)acetic acid,94-74-6,C9H9ClO3,200.024022,22,660,3,Inactive,0.653717569535186,-35.840239935811034,1.237971332496516,32.44010163881535,1.5110822062391032
DTXSID9021554,Decanoic acid,334-48-5,C10H20O2,172.14633,22,613,4,Inactive,0.02268937984479,-21.16914266861679,0.7312113926751629,52.0,1.7160033436347992
DTXSID5031131,Dipentyl phthalate,131-18-0,C18H26O4,306.183109,91,716,13,Active,0.9999850960378008,-120.93201320316147,4.17715857356791,67.89641643194057,1.831846852853339
DTXSID0020319,Chlorothalonil,1897-45-6,C8Cl4N2,263.881559,349,748,47,Active,0.9999999999999998,-160.044148063808,5.52814567066705,3.696261360457698,0.5677626723401283
DTXSID4021137,"1,3-Benzenediamine",108-45-2,C6H8N2,108.068748,21,594,4,Inactive,0.0,5.833780594073703,0.2015068299897616,0.0080698535691535,-2.093134345660281
DTXSID7047277,Elzasonan,361343-19-3,C22H23Cl2N3OS,447.093889,292,631,46,Active,0.9999849309245664,-147.5311750489511,5.095930319864745,66.9267261952032,1.825599581463504
DTXSID0034855,Butyl (2R)-2-(4-{[5-(trifluoromethyl)pyridin-2-yl]oxy}phenoxy)propanoate,79241-46-6,C19H20F3NO4,383.134443,34,674,5,Inactive,0.3999809476936795,-30.496294273460595,1.053384076823635,50.5,1.7032913781186614
DTXSID9040716,4-(2-Methylbutan-2-yl)cyclohexanol,5349-51-9,C11H22O,170.167065,30,648,5,Inactive,0.884660665641939,-34.86744280634563,1.2043695775760708,25.63196731520187,1.408781940610584
DTXSID4024276,Propargite,2312-35-8,C19H26O4S,350.15518,334,771,43,Active,0.9999999979975456,-137.19743616711855,4.738988722483561,21.732771525511623,1.3371151143317137
DTXSID3025122,Dimethyl glutarate,1119-40-0,C7H12O4,160.073559,4,586,1,Inactive,1.4099341722007992e-12,-12.295881898724552,0.4247167241526829,3.130927052132068,0.4956729490523752
DTXSID5020653,Gentian Violet,548-62-9,C25H30ClN3,407.212826,489,724,68,Active,1.0,-152.23163437116088,5.2582906695968745,0.1607734610130144,-0.7937856389633845
DTXSID6025355,Glutaraldehyde,111-30-8,C5H8O2,100.052429,83,597,14,Active,0.9999999972107376,-157.40240628564806,5.436896265108449,23.34926894657522,1.3682732875814214
DTXSID1020140,Sodium benzoate,532-32-1,C7H5NaO2,144.018724,0,668,0,Inactive,0.2053430191763028,-28.287264666015943,0.9770811466102682,15.875843489127648,1.2007368087950108
DTXSID3047429,Dexamethasone sodium phosphate,2392-39-4,C22H28FNa2O8P,516.130122,87,736,12,Inactive,0.8683663387105092,-35.972907551680166,1.242553854976577,15.622423088311823,1.193748395243495
DTXSID5023877,2-Anisidine,90-04-0,C7H9NO,123.068414,17,593,3,Inactive,8.610133103772785e-07,-8.126666397374107,0.2807062688958034,51.0,1.7075701760979365
DTXSID0034223,Tebufenpyrad,119168-77-3,C18H24ClN3O,333.16079,313,678,46,Active,0.9999999998434468,-155.2672411558206,5.363144715855246,19.444136317604254,1.2887886571348532
DTXSID7020479,Dimethoate,60-51-5,C5H12NO3PS2,228.999623,39,761,5,Inactive,3.627465432270083e-10,-0.7548576344515212,0.0260738240938333,50.0,1.6989700043360187
DTXSID6024917,Diacetone alcohol,123-42-2,C6H12O2,116.08373,19,584,3,Inactive,0.0004201880915467,-12.218676064209214,0.4220499281155292,50.0,1.6989700043360187
DTXSID2032552,Flufenacet,142459-58-3,C14H13F4N3O2S,363.06646,122,752,16,Active,0.922908697985344,-45.978037496921246,1.5881448463397496,50.00000000000001,1.6989700043360187
DTXSID7025219,Sodium dodecylbenzenesulfonate,25155-30-0,,,278,729,38,Inactive,0.003529124798754,-18.83169604935837,0.6504727617099308,12.5,1.0969100130080565
DTXSID3020916,"1,5-Naphthalenediamine",2243-62-1,C10H10N2,158.084398,91,637,14,Inactive,-0.9999989182578376,60.00182030482335,2.072545651703594,0.246305024551872,-0.6085267285876348
DTXSID7021948,Propoxur,114-26-1,C11H15NO3,209.105193,25,663,4,Inactive,0.0004434856958741,-18.79293912836046,0.6491340441897028,9.921505255712397,0.9965775667768472
DTXSID4021975,Diphenylamine,122-39-4,C12H11N,169.089149,78,681,11,Inactive,0.6151996193467143,-32.61159213392185,1.12644938318409,33.52808775644164,1.525408784549973
DTXSID4034287,5-Heptyldihydro-2(3H)-furanone,104-67-6,C11H20O2,184.14633,11,617,2,Inactive,6.022089171568697e-08,-13.52570160609124,0.4671963935016029,15.819751306113147,1.1991996519030172
DTXSID8047268,CI-959,104795-68-8,C14H14N5NaO3S,355.071505,241,639,38,Active,0.9999999999621516,-158.4025288572918,5.471441878499852,12.933118583392949,1.111703259625441
DTXSID9020249,Carbofuran,1563-66-2,C12H15NO3,221.105193,48,663,7,Inactive,0.0017616808267392,-14.936837104290124,0.5159389604087203,50.0,1.6989700043360187
DTXSID6021086,Oxamyl,23135-22-0,C7H13N3O3S,219.067762,31,687,5,Inactive,0.0244255024240354,-20.585697667872456,0.7110583974300559,9.921459182842751,0.996575550022434
DTXSID5020601,"4,5-Dihydro-2-mercaptoimidazole",96-45-7,C3H6N2S,102.025169,19,810,2,Inactive,0.017945752484506,-12.89253874179573,0.4453260746587867,50.0,1.6989700043360187
DTXSID5024261,Phosmet,732-11-6,C11H12NO4PS2,316.994537,72,693,10,Active,0.9999393074953064,-86.24294767288139,2.978950393196028,64.70344923824169,1.81092743283573
DTXSID1032519,Acibenzolar-S-methyl,135158-54-2,C8H6N2OS2,209.992155,49,791,6,Inactive,0.4637172242706101,-31.57442112179992,1.0906240655466262,50.0,1.6989700043360187
DTXSID1032640,Pyriproxyfen,95737-68-1,C20H19NO3,321.136493,104,705,15,Active,0.9997745884803804,-100.46635617783066,3.470246545539041,64.61857380082691,1.810357368456212
DTXSID4020119,Azathioprine,446-86-6,C9H7N7O2S,277.038194,137,674,20,Active,0.9999999999999806,-125.01363445043836,4.318143402444255,1.5179086894510432,0.1812456471455743
DTXSID3020966,4-Nitrobenzoic acid,62-23-7,C7H5NO4,167.021858,4,577,1,Inactive,0.3177787720588724,-29.74592177864394,1.0274651756404785,9.921291249983488,0.9965681989937188
DTXSID8024105,Fluorene,86-73-7,C13H10,166.07825,19,627,3,Inactive,0.6392948967902647,-33.521572353830365,1.1578813553863745,17.183047700514535,1.2351001957075505
DTXSID1021164,Piperazine,110-85-0,C4H10N2,86.084398,12,579,2,Inactive,0.3015999457019771,-29.334655693839128,1.0132594776895638,25.27041212435191,1.4026123247007776
DTXSID8034588,Famoxadone,131807-57-3,C22H18N2O4,374.126657,312,725,43,Active,0.9999999999369796,-91.6368684300448,3.165263857589276,0.883397990800251,-0.0538435928355587
DTXSID9021392,Triethanolamine,102-71-6,C6H15NO3,149.105193,5,587,1,Inactive,0.2070203430014543,-24.47837309270094,0.8455167769298055,11.891553622022451,1.0752385985541804
DTXSID6032647,2-(Thiocyanomethylthio)benzothiazole,21564-17-0,C9H6N2S3,237.969312,366,758,48,Active,0.9999999587692456,-148.55925136387572,5.13144149411399,15.679136983918752,1.1953221544302624
DTXSID4032532,Carfentrazone-ethyl,128639-02-1,C15H14Cl2F3N3O3,411.036431,67,667,10,Inactive,0.0565521442641281,-27.34770620225032,0.9446275010590812,50.0,1.6989700043360187
DTXSID2047303,CJ-013790,179465-71-5,C18H17FN2O4,344.117235,203,678,30,Active,0.999534101672756,-75.14348322512163,2.5955595783744667,25.000000000000004,1.3979400086720375
DTXSID9044742,"2,2'-[Ethane-1,2-diylbis(oxy)]diethanamine",929-59-9,C6H16N2O2,148.121178,34,586,6,Inactive,2.1146752356693518e-13,-13.139818424412583,0.4538674560428613,17.622701573810602,1.246072486860453
DTXSID1038666,Chlorpyrifos oxon,5598-15-2,C9H11Cl3NO4P,332.949128,228,768,30,Active,0.9998444631352428,-108.24410527456844,3.7389007295053496,72.69371168979582,1.861496844194123
DTXSID5021201,Gallic acid n-propyl ester,121-79-9,C10H12O5,212.068473,110,617,18,Active,0.9999437544994928,-83.38044470730519,2.880075591662437,31.378622832384824,1.4966338790399372
DTXSID0047325,SB413217A,NOCAS_47325,C30H36ClFN4O2,538.251082,104,640,16,Active,0.9859255481047118,-41.59322804837947,1.436687478713962,16.774267646351987,1.2246435682394727
DTXSID0047535,Butyryl-n-trihexylcitrate,82469-79-2,C28H50O8,514.350569,10,589,2,Inactive,0.4842498347587654,-31.343926956651316,1.0826624790931667,84.96499511722996,1.92924003678918
DTXSID9047598,"4,4'-Sulfonylbis[2-(prop-2-en-1-yl)phenol]",41481-66-7,C18H18O4S,330.09258,334,740,45,Active,0.9999999945014512,-152.30314516783886,5.260760751170265,24.46888216019284,1.3886141294356098
DTXSID6020141,"2,3-Benzofuran",271-89-6,C8H6O,118.041865,4,605,1,Inactive,0.0079771438905079,-16.40239735767382,0.5665614334441896,50.0,1.6989700043360187
DTXSID8040694,Butyl benzoate,136-60-7,C11H14O2,178.09938,5,591,1,Inactive,-4.11730571985e-05,18.502563574839044,0.639104071969619,0.0098330896590423,-2.007310000881622
DTXSID9022817,Carminic acid,1260-17-9,C22H20O13,492.090391,66,621,11,Inactive,0.0,7.664205084415507,0.2647322171356365,0.004248119016031,-2.3718033244874412
DTXSID6024836,"3,7-Dimethyl-2,6-octadienal",5392-40-5,C10H16O,152.120115,34,631,5,Inactive,2.5647544323e-06,-14.15458532219737,0.4889189046624549,11.032559453684248,1.042676276507848
DTXSID9023914,Dicrotophos,141-66-2,C8H16NO5P,237.07661,9,683,1,Inactive,0.0004101003597947,-17.479081370968345,0.6037515846542015,50.5,1.7032913781186614
DTXSID0047167,N-Methylacetamide,79-16-3,C3H7NO,73.052764,3,583,1,Inactive,0.0098175361903332,-20.129673443921423,0.6953066916048039,50.0,1.6989700043360187
DTXSID4032376,Dimethenamid,87674-68-8,C12H18ClNO2S,275.074678,108,680,16,Active,0.9997411387632216,-47.70576337382952,1.6478228816948566,32.9645937953625,1.5180477285396183
DTXSID9020293,2-Chloroacetophenone,532-27-4,C8H7ClO,154.018542,172,576,30,Active,0.9998396725570976,-101.84017744231122,3.5177002273348945,69.6966882428175,1.8432121423442025
DTXSID2047355,Trelanserin,189003-92-7,C24H24FN5O2S,465.163474,127,637,20,Active,0.9706675079706412,-36.04164874707671,1.2449282707007707,12.131320637863146,1.083908081535724
DTXSID3047346,SSR162369,NOCAS_47346,C18H22F2N6O,376.182316,31,615,5,Inactive,8.290340471460065e-16,-8.767652442764476,0.3028468112064789,0.0777230529660353,-1.109450148624728
DTXSID1047287,UK-333747,197077-55-7,C17H12Cl2N6O4,434.029708,17,614,3,Inactive,0.0004939305481822,-19.55519762889549,0.6754635044082785,12.151270669131376,1.0846216948674698
DTXSID4022529,Methylparaben,99-76-3,C8H8O3,152.047344,18,626,3,Active,0.9791973724125476,-38.686958249436074,1.336300910375244,12.698226087836348,1.1037430552809098
DTXSID8021195,"1,3-Propane sultone",1120-71-4,C3H6O3S,122.003765,4,585,1,Inactive,0.130155885048676,-27.87726178898227,0.9629190815984872,50.0,1.6989700043360187
DTXSID4034653,Hexaconazole,79983-71-4,C14H17Cl2N3O,313.074868,275,725,38,Active,0.9999998158950936,-156.9582326389685,5.421553894571184,49.99999999999999,1.6989700043360187
DTXSID7032393,Fenoxycarb,72490-01-8,C17H19NO4,301.131408,174,663,26,Active,0.9999999981678482,-125.5400092941315,4.336325115730954,27.17460071272521,1.4341631715427257
DTXSID8024234,Norflurazon,27314-13-2,C12H9ClF3N3O,303.038624,81,678,12,Inactive,0.4957503829628445,-31.372826846445157,1.0836607211568683,9.921264333869516,0.9965670207664764
DTXSID9020087,(E)-Anethole,4180-23-8,C10H12O,148.088815,8,605,1,Inactive,6.69953768867e-05,-18.32748355881511,0.6330565666761601,6.1226733837491825,0.7869410924556872
DTXSID9021928,Ethylene glycol monoethyl ether acetate,111-15-9,C6H12O3,132.078644,2,606,0,Inactive,1.65801755778e-05,-12.047390071375103,0.4161334736172724,13.642345186230203,1.134889034095467
DTXSID3023899,Benfluralin,1861-40-1,C13H16F3N3O4,335.10929,72,679,11,Active,0.9999476116907474,-99.94084420025288,3.452094636838373,43.79879571980378,1.6414621694211289
DTXSID4020666,Glycidol,556-52-5,C3H6O2,74.036779,11,594,2,Inactive,0.4555545351052425,-30.989240645823536,1.0704111245927466,13.458282889556784,1.1289896528180212
DTXSID2021995,DEET,134-62-3,C12H17NO,191.131014,27,709,4,Inactive,0.0758043379629835,-26.453861105791667,0.9137528582807346,15.385517972452297,1.187112121889367
DTXSID1020148,Benzotrichloride,98-07-7,C7H5Cl3,193.945683,7,608,1,Inactive,0.0031653450568796,-20.33567715319339,0.702422343925307,16.109061056951596,1.2070702275906326
DTXSID2047309,UK-156819,162706-14-1,C19H20N2O2,308.152478,37,611,6,Active,0.9998503237668892,-65.15690254526281,2.250609304228122,22.829590921474576,1.3584981295306218
DTXSID8020121,Sodium azide,26628-22-8,N3Na,64.998991,54,612,9,Active,0.9746176812559872,-47.10769517105423,1.627164780877464,50.0,1.6989700043360187
DTXSID4020402,"2,4-Diaminotoluene",95-80-7,C7H10N2,122.084398,39,644,6,Inactive,2.7494917650539277e-13,-16.48281044011368,0.5693390122493683,10.143776661377595,1.0061996786489469
DTXSID5047374,SSR161421,477706-73-3,C25H20N4O2,408.158626,155,596,26,Active,0.9999999983108084,-139.05802682055742,4.803256090519978,23.531502956627357,1.3716496664418336
DTXSID7020845,Methyl methanesulfonate,66-27-3,C2H6O3S,110.003765,8,597,1,Inactive,0.0,8.37318943601018,0.2892215147529175,0.0322310847631963,-1.4917250777100504
DTXSID6032514,"1,2-Benzenedicarboxaldehyde",643-79-8,C8H6O2,134.036779,135,624,22,Active,0.9999980989597662,-148.03896454875948,5.113470069733367,78.69066496965621,1.8959232152989869
DTXSID7029904,Fluorotelomer alcohol 8:2,678-39-7,C10H5F17O,464.006894,186,726,26,Inactive,2.0736551392024783e-08,-6.3669852801933216,0.219924455456307,50.0,1.6989700043360187
DTXSID1021956,Di-n-octyl phthalate,117-84-0,C24H38O4,390.27701,19,609,3,Inactive,0.8879223622310173,-37.4903054992084,1.294966873482964,50.0,1.6989700043360187
DTXSID6022187,"2,3,6-Trimethylphenol",2416-94-6,C9H12O,136.088815,18,612,3,Inactive,0.0021889510007657,-15.65958630889494,0.5409037150389316,50.0,1.6989700043360187
DTXSID1034503,Cyhalofop-butyl,122008-85-9,C20H20FNO4,357.137636,46,660,7,Active,0.9974193755057544,-65.8016306872976,2.272879103719484,62.33132116884299,1.7947063322547017
DTXSID7027047,Isomethyl-alpha-ionone,127-51-5,C14H22O,206.167065,29,640,5,Active,0.9311063225947744,-33.919615555790976,1.1716303167215911,9.92125997190333,0.996566829825262
DTXSID5023792,4-Nitrotoluene,99-99-0,C7H7NO2,137.047678,15,592,3,Inactive,4.226992423565502e-16,-11.447146851655573,0.3954002447139773,0.258593373616225,-0.5873826079891884
DTXSID5020027,Acrylamide,79-06-1,C3H5NO,71.037114,14,686,2,Inactive,0.7967623645584366,-33.774322261591266,1.1666116858936346,17.4935312572678,1.242877485336183
DTXSID6047525,Pravastatin sodium,81131-70-6,C23H35NaO7,446.228048,38,667,6,Inactive,0.1339028977956525,-28.595749997176117,0.9877366555342028,13.75981278457212,1.13861252494743
DTXSID3031864,Perfluorooctanesulfonic acid,1763-23-1,C8HF17O3S,499.937494,303,1055,29,Active,0.9991593143794132,-54.32682338843223,1.8765234289985904,31.42939245294567,1.497335985952884
DTXSID8037706,Potassium perfluorooctanesulfonate,2795-39-3,C8F17KO3S,537.893375,198,779,25,Active,0.9988579129176,-62.929874285771646,2.1736846757421695,67.47612632895866,1.829150142644915
DTXSID8020040,Aldrin,309-00-2,C12H8Cl6,361.875717,243,643,38,Active,0.9999999999988576,-160.27919162804466,5.536264399641351,18.12487064341782,1.258274915709221
DTXSID2020688,Hexachlorocyclopentadiene,77-47-4,C5Cl6,269.813116,183,616,30,Active,0.9999949913160984,-146.47836572848004,5.059564833482328,68.01106261686026,1.8325795603929167
DTXSID5048186,Tetrac,67-30-1,C14H8I4O4,747.66014,280,747,37,Active,0.9999948974291152,-114.10795345675264,3.941446135469623,46.57209411318211,1.6681257664135605
DTXSID9026261,"Tris(1,3-dichloro-2-propyl) phosphate",13674-87-8,C9H15Cl6O4P,427.883912,237,790,30,Active,0.994196133402177,-64.43079627167259,2.22552859180375,29.80898914244861,1.4743472488504723
DTXSID1034181,Raloxifene hydrochloride,82640-04-8,C28H28ClNO4S,509.142757,416,734,57,Active,0.9999999910413768,-156.73276127080658,5.413765802455083,21.65769524566331,1.3356122382843396
DTXSID4022991,Erythromycin,114-07-8,C37H67NO13,733.461241,12,640,2,Inactive,-0.0043982059585703,23.74036496073711,0.8200249578974326,0.0726353003141782,-1.1388522635184706
DTXSID0041141,O-Chloroacetylcarbamoylfumagillol,129298-91-5,C19H28ClNO6,401.160515,104,617,17,Active,0.999899816727076,-74.64148237004596,2.578219776280914,3.2743273169543556,0.515122091337923
DTXSID7032551,Fluazinam,79622-59-6,C13H4Cl2F6N4O4,463.951379,460,792,58,Active,0.9999999999896396,-158.18494777265133,5.4639263276620005,10.59225772556459,1.0249885392622446
DTXSID4020458,Chlorpyrifos,2921-88-2,C9H11Cl3NO3PS,348.926285,164,661,25,Active,0.9999956092281836,-131.19816024647855,4.531765455597223,63.31903383702639,1.801534279493393
DTXSID8037708,Ammonium perfluorooctanoate,3825-26-1,C8H4F15NO2,431.000251,55,706,8,Active,0.9896128829286632,-44.01136044619941,1.5202131077846257,37.67407582830562,1.5760426075668943
DTXSID9020582,Ethoxyquin,91-53-2,C14H19NO,217.146664,136,652,21,Active,0.9250779242353252,-49.32250286961471,1.7036672943294129,89.54731908993321,1.9520525882657085
DTXSID0023878,Anthracene,120-12-7,C14H10,178.07825,39,661,6,Inactive,0.388984163319015,-27.4943806263001,0.9496938380174628,1.7414593455200025,0.2409133402800911
DTXSID0020606,Bis(2-ethylhexyl)hexanedioate,103-23-1,C22H42O4,370.30831,8,592,1,Inactive,0.0022604638348697,-19.928427803451733,0.6883553895449522,50.0,1.6989700043360187
DTXSID0020573,17beta-Estradiol,50-28-2,C18H24O2,272.17763,195,671,29,Inactive,7.02653670644e-05,-17.994151322173092,0.6215428113581482,0.0499999999999999,-1.3010299956639813
DTXSID6020143,Benzoic acid,65-85-0,C7H6O2,122.036779,10,611,2,Inactive,2.3044150799975548e-08,-14.637267990975936,0.50559142994998,0.8629638792643137,-0.0640073819956702
DTXSID8024159,Isoxaben,82558-50-7,C18H24N2O4,332.173607,105,687,15,Inactive,0.3181428137818009,-31.09884633188361,1.074197056201017,50.0,1.6989700043360187
DTXSID3022536,4-Cumylphenol,599-64-4,C15H16O,212.120115,297,724,41,Active,0.999999999984902,-159.05175717902847,5.493867120406555,13.298900280949791,1.1238157295639544
DTXSID3021986,Tributyl phosphate,126-73-8,C12H27O4P,266.164696,93,771,12,Inactive,0.1002167097309437,-27.27479707224925,0.942109119123574,50.0,1.6989700043360187
DTXSID4044581,2-tert-Butyl-4-ethylphenol,96-70-8,C12H18O,178.135765,155,628,25,Active,0.999993992171772,-148.16883928410357,5.117956122267042,70.52724913869619,1.8483569448515027
DTXSID1020930,(-)-Nicotine,54-11-5,C10H14N2,162.115698,16,688,2,Inactive,1.2536196478641348e-17,-8.139817571821744,0.2811605286045552,1.3019866782587275,0.1146065406159501
DTXSID5024845,Colchicine,64-86-8,C22H25NO6,399.168188,216,689,31,Active,1.0,-93.12774776735546,3.216760886713734,0.0023080890137697,-2.6367474461906792
DTXSID1040742,Triamcinolone,124-94-7,C21H27FO6,394.179167,68,650,10,Inactive,-2.1821000762630083e-14,11.561603368181212,0.3993537306987232,0.0007973458435943,-3.098353265321318
DTXSID5047320,SB236057A,180084-01-9,C33H35ClN4O3,570.239769,372,673,55,Active,0.999999999977478,-155.91380985093826,5.385478090589313,10.417628910514264,1.017768883238134
DTXSID9020453,Dieldrin,60-57-1,C12H8Cl6O,377.870631,203,672,30,Active,0.9998083136378084,-84.96728098978177,2.934887106054909,50.0,1.6989700043360187
DTXSID6047286,Candoxatril,123122-55-4,C29H41NO7,515.288303,20,600,3,Active,0.996928982685857,-41.472607013622614,1.4325210617649542,16.509436120745026,1.2177322402021669
DTXSID1047528,Benzyloctyl adipate,58394-64-2,C21H32O4,348.23006,11,589,2,Inactive,0.0,6.065926709833635,0.2095254770963636,10.761211284307173,1.0318611583641184
DTXSID4024359,"2,4,5-Trichlorophenol",95-95-4,C6H3Cl3O,195.924948,159,661,24,Active,0.9999793907521072,-135.51694351456916,4.680942187860659,71.79579507803176,1.8560990093135523
DTXSID8020913,Naphthalene,91-20-3,C10H8,128.0626,16,638,3,Inactive,1.3978991915627758e-10,-11.63887126553631,0.4020226704719838,49.99999999999999,1.6989700043360187
DTXSID0042400,Sodium hexyldecyl sulfate,1120-01-0,C16H33NaO4S,344.199725,125,626,20,Active,0.9999893524021704,-145.80993135790106,5.03647618815199,43.800337731770135,1.6414774592364887
DTXSID0020446,Diuron,330-54-1,C9H10Cl2N2O,232.017018,88,711,12,Active,0.9638290089233568,-41.57735053328193,1.4361390474379088,50.0,1.6989700043360187
DTXSID0032493,Triadimenol,55219-65-3,C14H18ClN3O2,295.108754,116,733,16,Active,0.982220816106934,-54.82083238791738,1.8935871813745009,39.907682819609406,1.6010565118513642
