dtxsid,preferred_name,casrn,molecular_formula,monoisotopic_mass,toxcast_active,toxcast_total,percent_toxcast_active,assay_list_acea_ar_agonist_80hr_2026_10_09__hit_call,assay_list_acea_ar_agonist_80hr_2026_10_09__continuous_hit_call,assay_list_acea_ar_agonist_80hr_2026_10_09__top,assay_list_acea_ar_agonist_80hr_2026_10_09__scaled_top,assay_list_acea_ar_agonist_80hr_2026_10_09__ac50,assay_list_acea_ar_agonist_80hr_2026_10_09__logac50
DTXSID0020022,Acifluorfen,50594-66-6,C14H7ClF3NO5,360.996485,49,692,7,Inactive,0.0547423600182221,15.500412863051096,0.6848562417246066,0.0453987889458387,-1.3429557321903542
DTXSID0020076,Amitrole,61-82-5,C2H4N4,84.043596,3,395,1,Inactive,-7.098699550311697e-09,-14.282346556703422,0.6310383002215673,0.4533647684249615,-0.3435522324960879
DTXSID0020105,Sodium L-ascorbate,134-03-2,C6H7NaO6,198.014032,17,630,3,Inactive,0.0067183986350353,13.410542138855874,0.5925192812508394,50.0,1.6989700043360187
DTXSID0020107,Aspartame,22839-47-0,C14H18N2O5,294.121572,2,419,0,Inactive,-0.0005527132718228,-17.111193952738972,0.7560255385085867,1.0963855675332568,0.0399633099923046
DTXSID0020151,Benzyl acetate,140-11-4,C9H10O2,150.06808,13,365,4,Inactive,-4.8437731249660695e-08,-12.297300889174242,0.5433328353718944,1.0417557293785666,0.0177658976396625
DTXSID0020232,Caffeine,58-08-2,C8H10N4O2,194.080376,54,670,8,Inactive,-0.00024013096543,-13.3421016992963,0.5894953706858195,17.873098110652677,1.252199839340601
DTXSID0020286,3-Chloro-4-methylaniline,95-74-9,C7H8ClN,141.034527,15,367,4,Inactive,-1.2296806954542707e-16,-10.595955007005973,0.468162105596504,0.9203138400170624,-0.0360640468446311
DTXSID0020311,Monuron,150-68-5,C9H11ClN2O,198.055991,18,608,3,Inactive,7.712849688589209e-08,11.79712179660348,0.5212333741153631,0.0017575857400271,-2.755083479672338
DTXSID0020319,Chlorothalonil,1897-45-6,C8Cl4N2,263.881559,349,748,47,Inactive,-7.29908548110727e-10,-0.0247922922480771,0.0010954002479011,50.0,1.6989700043360187
DTXSID0020440,Dichlorprop,120-36-5,C9H8Cl2O3,233.98505,11,664,2,Inactive,0.0,4.994348341506637,0.2206657761472351,0.0034223374378842,-2.4656771718299253
DTXSID0020442,"2,4-Dichlorophenoxyacetic acid",94-75-7,C8H6Cl2O3,219.9694,32,733,4,Inactive,-0.0019955183774515,-10.236401577200546,0.4522759216082883,50.0,1.6989700043360187
DTXSID0020446,Diuron,330-54-1,C9H10Cl2N2O,232.017018,88,711,12,Inactive,0.0,3.2978263087763375,0.1457081789784356,0.0006100005484933,-3.214669774485108
DTXSID0020494,Dimethyl methylphosphonate,756-79-6,C3H9O3P,124.028931,2,366,1,Inactive,-9.8666449691e-06,-6.709074711095846,0.2964276972933657,16.5,1.2174839442139065
DTXSID0020498,Dimethyl terephthalate,120-61-6,C10H10O4,194.057909,24,580,4,Inactive,0.0004021869090546,12.057415400229484,0.5327339515967019,50.0,1.6989700043360187
DTXSID0020523,"2,4-Dinitrophenol",51-28-5,C6H4N2O5,184.012021,141,584,24,Inactive,2.91836767276e-05,7.1380992620221075,0.3153833305497763,0.0006100000636542,-3.21467011967005
DTXSID0020529,"2,4-Dinitrotoluene",121-14-2,C7H6N2O4,182.032757,27,611,4,Inactive,8.60484459154e-05,16.681317066376746,0.737032246433116,15.358170108136685,1.1863394735548085
DTXSID0020573,17beta-Estradiol,50-28-2,C18H24O2,272.17763,195,671,29,Active,0.9999994379057392,63.570526286258335,2.8087427155338656,0.0040816886776959,-2.389160123263969
DTXSID0020575,Estragole,140-67-0,C10H12O,148.088815,6,355,2,Inactive,-2.0768625023e-06,-6.056445486151653,0.2675925170834016,16.65,1.2214142378423387
DTXSID0020604,4-Vinyl-1-cyclohexene diepoxide,106-87-6,C8H12O2,140.08373,11,589,2,Inactive,-3.353653392894173e-15,-8.097214853727857,0.3577600275654309,1.9346794037268984,0.286609008255253
DTXSID0020606,Bis(2-ethylhexyl)hexanedioate,103-23-1,C22H42O4,370.30831,8,592,1,Inactive,-0.053751322244062,-17.437938778540385,0.7704621367707357,50.0,1.6989700043360187
DTXSID0020652,Gemfibrozil,25812-30-0,C15H22O3,250.156895,23,391,6,Inactive,3.4223150023052294e-14,11.36177532093224,0.5019984186460821,30.180186268150617,1.4797219158564143
DTXSID0020654,Geranyl acetate,105-87-3,C12H20O2,196.14633,12,594,2,Inactive,0.0,-9.773019345667365,0.4318022596243385,16.566422870671257,1.2192287428647006
DTXSID0020656,Gibberellic acid,77-06-5,C19H22O6,346.141638,2,355,1,Inactive,-2.29534701813e-05,-4.718908495750386,0.2084959907839374,16.65,1.2214142378423387
DTXSID0020737,Indole,120-72-9,C8H7N,117.057849,7,364,2,Inactive,-1.19622374856829e-08,-12.10894995608784,0.535010907865927,4.484700520842038,0.6517334470482729
DTXSID0020814,Mestranol,72-33-3,C21H26O2,310.19328,137,539,25,Inactive,-2.065441030054502e-07,-2.21962329336635,0.0980698307954651,16.65,1.2214142378423387
DTXSID0020941,Sodium nitrite,7632-00-0,NNaO2,68.982673,1,585,0,Inactive,0.0027514965432402,12.312103156722197,0.5439868453915925,50.0,1.6989700043360187
DTXSID0020943,5-Nitro-o-anisidine,99-59-2,C7H8N2O3,168.053492,26,612,4,Inactive,-1.1849265238e-06,-10.921288477596129,0.4825363458147572,50.0,1.6989700043360187
DTXSID0021094,"4,4'-Oxydianiline",101-80-4,C12H12N2O,200.094963,51,626,8,Inactive,0.0,-8.277075536494664,0.3657068295198048,10.471443497264811,1.0200065536640592
DTXSID0021123,Phenobarbital sodium,57-30-7,C12H11N2NaO3,254.066736,15,673,2,Inactive,-0.0879972697758322,-17.70360638331547,0.7822001542649633,50.0,1.6989700043360187
DTXSID0021125,Phenolphthalein,77-09-8,C20H14O4,318.089209,230,672,34,Inactive,0.0,-2.621526706643773,0.1158271682022371,0.1368021106224497,-0.863907202143591
DTXSID0021175,Polysorbate 80,9005-65-6,,,14,356,4,Inactive,-4.89054058197e-05,-15.750306579429656,0.6958973199811458,0.235855490540535,-0.6273540092478236
DTXSID0021206,"1,2-Propylene glycol",57-55-6,C3H8O2,76.052429,6,623,1,Inactive,-0.0085452903649041,-16.4493649074078,0.7267838817440667,15.688641345743704,1.195585334817316
DTXSID0021254,Safrole,94-59-7,C10H10O2,162.06808,9,601,1,Inactive,-0.0066588941067887,-15.238313486375926,0.6732758795978661,50.0,1.6989700043360187
DTXSID0021256,Sulfasalazine,599-79-1,C18H14N4O5S,398.068491,50,680,7,Inactive,-7.7523895925e-06,-7.564862238794849,0.3342390404564771,50.0,1.6989700043360187
DTXSID0021337,Thiabendazole,148-79-8,C10H7N3S,201.036068,65,687,9,Inactive,0.0,-16.201904977768468,0.715850335722579,10.471108197150372,1.0199926471457303
DTXSID0021385,Folpet,133-07-3,C9H4Cl3NO2S,294.902833,179,710,25,Inactive,2.43564895892384e-07,9.531831277590928,0.4211458238693018,0.0006387361703518,-3.194678489917751
DTXSID0021389,Trichlorfon,52-68-6,C4H8Cl3O4P,255.922579,92,711,13,Active,0.9148507911693964,41.01447466879888,1.8121465038482625,10.367742535782616,1.0156842037389744
DTXSID0021414,Tris(2-ethylhexyl) phosphate,78-42-2,C24H51O4P,434.352497,65,638,10,Inactive,-3.4237299977930284e-12,-0.0608227129980284,0.0026873358150748,50.0,1.6989700043360187
DTXSID0021460,Zearalenone,17924-92-4,C18H22O5,318.146724,163,429,38,Inactive,0.0,-12.425676752021946,0.5490048785448609,12.734154995571002,1.1049701316367868
DTXSID0021464,Ziram,137-30-4,C6H12N2S4Zn,303.917475,379,642,59,Inactive,5.094583879321877e-12,0.162600402381426,0.0071841893155826,50.0,1.6989700043360187
DTXSID0021597,Heptanal,111-71-7,C7H14O,114.104465,14,469,3,Inactive,3.0182063101e-06,11.551399363210548,0.5103765960586925,0.0271740195057455,-1.5658461171929634
DTXSID0021832,"N,N,4-Trimethylaniline",99-97-8,C9H13N,135.104799,14,587,2,Inactive,-1.6181393778119323e-16,-5.8725776324045285,0.2594686659057731,11.321383510236457,1.053899502306924
DTXSID0021834,4-Nitrophenol,100-02-7,C6H5NO3,139.026943,42,611,7,Inactive,-0.1250589083615738,-19.347249705871626,0.8548214062643102,9.921434854462747,0.996574485088945
DTXSID0021888,2-Pentanone,107-87-9,C5H10O,86.073165,3,359,1,Inactive,0.0340362528502066,16.880915467626654,0.7458511219135299,0.0354649921640093,-1.4502001317728137
DTXSID0021961,Benzophenone,119-61-9,C13H10O,182.073165,25,602,4,Inactive,0.0,4.8608359293423264,0.2147667843186756,0.0006100000794316,-3.2146701084372378
DTXSID0021965,"1,2,4-Trichlorobenzene",120-82-1,C6H3Cl3,179.930033,28,626,4,Inactive,8.5956847835e-06,11.465444424138791,0.5065788406665974,9.92128889721262,0.9965680960035432
DTXSID0021969,4-Hydroxy-3-methoxybenzaldehyde,121-33-5,C8H8O3,152.047344,20,600,3,Inactive,4.955074042665943e-13,4.464312840026816,0.1972471662862436,0.0383423547061356,-1.416321219457978
DTXSID0022014,Hydroquinone dimethyl ether,150-78-7,C8H10O2,138.06808,1,355,0,Inactive,1.500174742213536e-13,10.483838599093383,0.4632084554945955,0.033341831304173,-1.4770105501752302
DTXSID0022018,Disulfoton,298-04-4,C8H19O2PS3,274.02848,55,742,7,Inactive,2.813582640669457e-08,9.092891528873205,0.4017521064692356,0.0006100000569122,-3.214670124470082
DTXSID0022353,"3-Chloro[1,1′-biphenyl]-4-ol",92-04-6,C12H9ClO,204.034193,115,414,28,Inactive,0.0,-13.9778085693068,0.6175828688499301,4.322261639984318,0.6357110525431069
DTXSID0022436,"4,4-Bis(4-hydroxyphenyl)valeric acid",126-00-1,C17H18O4,286.120509,33,518,6,Inactive,0.7158766703459215,27.931760577873018,1.2341116809677188,24.345063942351967,1.3864109195586083
DTXSID0022480,3-Ethylphenol,620-17-7,C8H10O,122.073165,6,361,2,Inactive,-2.506268878670989e-15,-6.148340341412778,0.2716527163673821,0.0141000022239766,-1.8507808188438613
DTXSID0022519,Folic acid,59-30-3,C19H19N7O6,441.139681,17,641,3,Inactive,-0.0413804882689751,-20.744458841698155,0.916554432740425,14.054313634695646,1.147809640982744
DTXSID0022777,Celecoxib,169590-42-5,C17H14F3N3O2S,381.075882,266,645,41,Inactive,-0.05911177748843,-18.675643507532936,0.8251477646021843,0.0006117607114639,-3.2134184177441427
DTXSID0023113,2-Methoxyphenol,90-05-1,C7H8O2,124.052429,2,363,1,Inactive,1.6627914448915684e-10,9.347267966449191,0.4129912452302979,0.1450918847012504,-0.8383568779001589
DTXSID0023296,C.I. Basic Blue 9,61-73-4,C16H18ClN3S,319.090997,169,385,44,Inactive,0.0,5.906180211867178,0.2609533319263731,0.2434571845330736,-0.6135774046998114
DTXSID0023581,Simvastatin,79902-63-9,C25H38O5,418.271924,227,677,34,Inactive,-3.348140542412005e-08,-6.283012770222006,0.2776029613236353,0.1239366474027712,-0.9068002560818504
DTXSID0023745,D-Xylose,58-86-6,C5H10O5,150.052823,3,478,1,Inactive,-0.0068025688747263,-14.11164956624739,0.6234963785714618,31.169139227723885,1.493724808891806
DTXSID0023826,Isophorone diisocyanate,4098-71-9,C12H18N2O2,222.136828,24,623,4,Inactive,-2.062891211592908e-07,-10.611785723656649,0.4688615556824455,0.6222098538882894,-0.2060631152854603
DTXSID0023878,Anthracene,120-12-7,C14H10,178.07825,39,661,6,Inactive,-1.1153743284080804e-07,-11.107433696818015,0.4907608180515704,0.0256106132802965,-1.5915800216463831
DTXSID0023901,Bentazone,25057-89-0,C10H12N2O3S,240.056863,21,668,3,Inactive,-0.0202292044729566,-17.12405060549943,0.756593585241824,50.0,1.6989700043360187
DTXSID0023907,Benzo(b)fluoranthene,205-99-2,C20H12,252.0939,162,634,26,Inactive,-6.023231231086501e-12,-0.0011321406277518,5.00214789293e-05,50.0,1.6989700043360187
DTXSID0023951,Carboxin,5234-68-4,C12H13NO2S,235.0667,73,677,11,Inactive,4.9904124879e-06,8.096736130349047,0.3577388760840521,0.0086675600182307,-2.0621031424034726
DTXSID0024000,Chlorthal-dimethyl,1861-32-1,C10H6Cl4O4,329.902019,30,603,5,Inactive,5.2663420546657054e-11,9.814235666739204,0.4336233243273478,0.0083989791949589,-2.0757734945257744
DTXSID0024002,Fenpropathrin,39515-41-8,C22H23NO3,349.167794,124,687,18,Inactive,0.0,-19.41257717393482,0.857707776108419,10.497424493275368,1.0210827594927074
DTXSID0024052,Dimethipin,55290-64-7,C6H10O4S2,210.002051,92,618,15,Inactive,7.105566639416673e-10,9.22960305583853,0.4077924450966724,10.033661843593093,1.0014594602619684
DTXSID0024216,Nitrapyrin,1929-82-4,C6H3Cl4N,228.90196,20,648,3,Inactive,-0.0016227872791457,-9.737561058642118,0.430235602696897,50.0,1.6989700043360187
DTXSID0024266,Pirimiphos-methyl,29232-93-7,C11H20N3O3PS,305.0963,143,726,20,Active,0.9928673052683046,38.436430690958815,1.6982405372612044,10.4708778355692,1.0199830926781268
DTXSID0024553,Azodicarbonamide,123-77-3,C2H4N4O2,116.033425,12,358,3,Inactive,-0.0003579242330433,-4.885163962545544,0.2158416721642648,16.65,1.2214142378423387
DTXSID0025101,3-Dimethylaminophenol,99-07-0,C8H11NO,137.084064,40,361,11,Inactive,-5.93805086801e-05,-6.417947835433779,0.2835648103694812,16.65,1.2214142378423387
DTXSID0025234,Eosin,17372-87-1,C20H6Br4Na2O5,687.674414,96,370,26,Inactive,-0.0010835829694759,-4.535867169072243,0.2004086581317925,16.05,1.2054750367408908
DTXSID0025363,Glycolic acid,79-14-1,C2H4O3,76.016044,3,357,1,Inactive,-3.2209500341806416e-10,-4.650789122319889,0.2054862659147727,0.3933806952529024,-0.4051869564422345
DTXSID0025523,Maltol,118-71-8,C6H6O3,126.031694,9,618,1,Inactive,2.4036589785940215e-11,0.7889589017040851,0.034858647512817,52.0,1.7160033436347992
DTXSID0025816,Oxalic acid,144-62-7,C2H2O4,89.995309,7,360,2,Inactive,0.0257732036272695,13.62102873330971,0.6018192308253885,0.0752137998272829,-1.1237024700598552
DTXSID0025864,4-Ethoxyaniline,156-43-4,C8H11NO,137.084064,23,368,6,Inactive,0.0001368751235756,0.3547611874517451,0.0156744478804893,16.65,1.2214142378423387
DTXSID0026171,Tolyltriazole,29385-43-1,C7H7N3,,12,365,3,Inactive,-0.027243736460443,-17.698638682859567,0.7819806658749248,29.849720998765783,1.4749402761936046
DTXSID0026252,Triphenyl phosphite,101-02-0,C18H15O3P,310.075881,15,631,2,Inactive,9.8227550465e-06,14.395658652324304,0.6360447795092152,17.96486898123142,1.254424054218892
DTXSID0026258,Tris(2-chloroethyl) phosphite,140-08-9,C6H12Cl3O3P,267.958964,1,357,0,Inactive,0.0,-8.067484054460301,0.3564464287839183,30.61672601807014,1.4859587478153178
DTXSID0026838,Isopropyl tetradecanoate,110-27-0,C17H34O2,270.25588,1,369,0,Inactive,-4.4301873550128753e-13,-2.7891535777024736,0.123233442469871,16.65,1.2214142378423387
DTXSID0026880,"1,2-Ethanediol diacetate",111-55-7,C6H10O4,146.057909,5,365,1,Inactive,0.3231075595777013,20.592719913775248,0.9098501370020632,0.099197032748652,-1.0035013185732438
DTXSID0026915,1-Undecanol,112-42-5,C11H24O,172.182715,56,603,9,Inactive,0.0018409836135851,1.7620673385300698,0.0778535917587065,50.0,1.6989700043360187
DTXSID0026967,Diethylene glycol dibenzoate,120-55-8,C18H18O5,314.115424,24,611,4,Inactive,-6.135667072230237e-07,-3.586159882880381,0.1584476491892341,50.0,1.6989700043360187
DTXSID0027014,2-Octanol,123-96-6,C8H18O,130.135765,8,372,2,Inactive,0.0646902850143343,16.531411252619115,0.7304089433553352,16.65,1.2214142378423387
DTXSID0027191,"1,3-Cyclopentadiene",542-92-7,C5H6,66.04695,0,359,0,Inactive,0.0,-18.606281885237937,0.8220831533312091,4.149141283817921,0.6179582233895464
DTXSID0027222,Terpinolene,586-62-9,C10H16,136.125201,11,363,3,Inactive,-3.611709558121196e-07,-2.961660740209783,0.1308553431269143,16.65,1.2214142378423387
DTXSID0027270,1-Pentadecanol,629-76-5,C15H32O,228.245316,60,595,10,Inactive,0.0,6.9470429678944585,0.306941871815087,0.0065091262448452,-2.1864773052121573
DTXSID0027640,Malic acid,6915-15-7,C4H6O5,134.021523,7,625,1,Inactive,-2.677911392286399e-07,-11.053757860453144,0.4883892533784836,50.0,1.6989700043360187
DTXSID0027721,4-(2-Phenylpropan-2-yl)-N-[4-(2-phenylpropan-2-yl)phenyl]aniline,10081-67-1,C30H31N,405.24565,48,375,13,Inactive,-2.2984079091e-06,-13.261122747027636,0.5859174698002428,0.1810596085791379,-0.742178422837192
DTXSID0027852,Chlorotoluene,25168-05-2,C7H7Cl,,1,356,0,Inactive,-1.7276856995e-06,-12.66876429080114,0.5597452387977963,0.5225326561966173,-0.2818865627043537
DTXSID0027856,Dipropylene glycol,25265-71-8,C6H14O3,,5,585,1,Inactive,0.0,2.3766261510667,0.1050067032526494,0.0119232903601319,-1.923603879825757
DTXSID0027983,Dipropylene glycol monomethyl ether,34590-94-8,C7H16O3,,12,631,2,Inactive,-0.2354739277729703,-18.39595614132582,0.8127903106317127,49.99999999999999,1.6989700043360187
DTXSID0028038,3-Iodo-2-propynyl-N-butylcarbamate,55406-53-6,C8H12INO2,280.99127,324,800,40,Inactive,-4.379191125748739e-09,-0.2122617166495629,0.0093783799703267,50.0,1.6989700043360187
DTXSID0028666,"1,2-Benzenedicarboxylic acid, di-C9-11-branched alkyl esters, C10-rich",68515-49-1,,,8,589,1,Inactive,-0.0035322396089864,-19.835199042999115,0.8763805190524432,75.30169510462721,1.876804752645585
DTXSID0029133,4-Hydroxyacetophenone,99-93-4,C8H8O2,136.052429,4,355,1,Inactive,-5.20685627862e-05,-7.743462836999353,0.3421301679726784,16.65,1.2214142378423387
DTXSID0029210,Butyltin trichloride,1118-46-3,C4H9Cl3Sn,281.879185,7,358,2,Inactive,-2.226623346618286e-09,-13.092303705817688,0.5784585217634332,7.412829660430781,0.8699840205743359
DTXSID0029214,Methylionone,1335-46-2,,,24,365,7,Inactive,0.0027891089140761,9.584408458150266,0.4234688465266001,16.65,1.2214142378423387
DTXSID0029262,"2,6-Di-tert-butyl-4-ethylphenol",4130-42-1,C16H26O,234.198365,53,374,14,Inactive,-1.2805858604e-06,-12.195337898403915,0.5388277946822736,0.8437177863848929,-0.0738027954496374
DTXSID0029559,Diazolidinyl urea,78491-02-8,C8H14N4O7,278.086249,4,359,1,Inactive,-1.23357259734e-05,-11.1149148338738,0.4910913578541626,0.7371554762578783,-0.1324409037832123
DTXSID0029761,Sodium dichloroisocyanurate dihydrate,51580-86-0,C3H4Cl2N3NaO5,254.94257,2,358,1,Inactive,-0.0112429852702446,-15.848858251305252,0.7002516380378787,16.65,1.2214142378423387
DTXSID0029848,"Acetic acid, C8-10-branched alkyl esters, C9-rich",108419-33-6,,,2,354,1,Inactive,0.0,-4.352466467393096,0.1923054471791965,0.0460687270024703,-1.3365937882561316
DTXSID0032316,"4-Chloro-3,5-dimethylphenol",88-04-0,C8H9ClO,156.034193,53,409,13,Inactive,-0.000101032141924,-16.476847861954333,0.7279981637847143,0.99553950555765,-0.0019415013771344
DTXSID0032493,Triadimenol,55219-65-3,C14H18ClN3O2,295.108754,116,733,16,Inactive,-7.1322162589e-06,-9.315436803763458,0.4115848458885977,0.1011004847434363,-0.9952467621053904
DTXSID0032497,Triclopyr,55335-06-3,C7H4Cl3NO3,254.925676,21,656,3,Active,0.9999999999984454,108.0785190275959,4.775243666498763,6.254325641241408,0.796180489716704
DTXSID0032520,Azoxystrobin,131860-33-8,C22H17N3O5,403.116821,274,883,31,Inactive,0.0,-17.999750639018153,0.7952847245767858,10.47194781905536,1.020027469490677
DTXSID0032572,Prallethrin,23031-36-9,C19H24O3,300.172545,218,792,28,Inactive,-1.299037774698819e-07,-0.6881439990753514,0.0304043329126731,49.75,1.6967930850817443
DTXSID0032578,Thiodicarb,59669-26-0,C10H18N4O4S3,354.049019,178,682,26,Inactive,5.168270274184821e-12,12.591633205741903,0.556337348601547,0.002899051348083,-2.5377440923402017
DTXSID0032601,Cyproconazole,94361-06-5,C15H18ClN3O,291.11384,104,715,15,Inactive,-2.9190204802e-05,-0.9251134771286984,0.0408743782964263,49.75,1.6967930850817443
DTXSID0032605,(+-)-Diclofop-methyl,51338-27-3,C16H14Cl2O4,340.026914,59,671,9,Inactive,0.0,-11.531183943394144,0.5094834162084092,10.471411090523764,1.0200052096191243
DTXSID0032651,Thidiazuron,51707-55-2,C9H8N4OS,220.041882,155,700,22,Inactive,-0.0008377944868412,-0.3508557196422893,0.0155018922182762,50.0,1.6989700043360187
DTXSID0032655,Triticonazole,131983-72-7,C17H20ClN3O,317.12949,100,767,13,Inactive,9.94635145814e-05,2.604443186533628,0.1150723653797942,49.75,1.6967930850817443
DTXSID0034192,17beta-Trenbolone,10161-33-8,C18H22O2,270.16198,189,717,26,Active,1.0,74.80181930406818,3.304976021952454,0.0002927170394797,-3.5335519959241863
DTXSID0034223,Tebufenpyrad,119168-77-3,C18H24ClN3O,333.16079,313,678,46,Inactive,-2.030922814544826e-09,-10.833121529985686,0.4786408570353098,0.5681521545325364,-0.245535342062229
DTXSID0034227,Icaridin,119515-38-7,C12H23NO3,229.167794,14,674,2,Inactive,-0.0011618411780764,-15.113842545122484,0.6677763679536338,3.298633487826023,0.5183340636334527
DTXSID0034229,gamma-Nonanolactone,104-61-0,C9H16O2,156.11503,2,360,1,Inactive,-0.0015532738371694,-17.44095110416843,0.7705952306455055,0.4516285797476096,-0.3452185830580822
DTXSID0034300,Acetamiprid,135410-20-7,C10H11ClN4,222.067224,17,712,2,Inactive,0.0017687988359131,15.25949670440307,0.674211819770162,50.0,1.6989700043360187
DTXSID0034518,Desmedipham,13684-56-5,C16H16N2O4,300.111007,35,379,9,Inactive,0.0,-6.576972835566432,0.2905910273414636,3.4290593831324028,0.5351750061249794
DTXSID0034566,Emamectin benzoate,155569-91-8,,,499,841,59,Inactive,-1.3098908094781032e-10,-0.0032396370987621,0.0001431371994805,50.0,1.6989700043360187
DTXSID0034695,Mancozeb,8018-01-7,C8H12MnN4S8Zn,538.749952,247,908,27,Active,0.9999931857869866,41.37923178386849,1.8282626027661408,0.4920953986807342,-0.3079506958009307
DTXSID0034722,Topramezone,210631-68-8,C16H17N3O5S,363.088892,3,428,1,Inactive,-0.1337950174821139,-17.179507332866773,0.7590438351944351,0.0475549016512313,-1.3228047121572968
DTXSID0034803,Penoxsulam,219714-96-2,C16H14F5N5O5S,483.063581,38,679,6,Inactive,0.4367284653033035,45.84830768268295,2.025720215739788,0.0024834015916826,-2.604953044863831
DTXSID0034855,Butyl (2R)-2-(4-{[5-(trifluoromethyl)pyridin-2-yl]oxy}phenoxy)propanoate,79241-46-6,C19H20F3NO4,383.134443,34,674,5,Inactive,1.0840126710835042e-15,16.6041849985211,0.7336243128138777,10.79942285419439,1.0334005464187832
DTXSID0034930,Fosthiazate,98886-44-3,C9H18NO3PS2,283.046573,37,693,5,Inactive,0.0006157800722575,18.418558693513788,0.8137889613826057,9.73509650088926,0.9883402608992948
DTXSID0035160,alpha-Ionone,127-41-3,C13H20O,192.151415,7,362,2,Inactive,0.0002121666692458,12.982820479036423,0.5736212137583004,0.2420208429601661,-0.6161472307435573
DTXSID0035748,Chloroallyl methenamine chloride,51229-78-8,C9H16Cl2N4,250.075202,36,360,10,Inactive,-4.5684053442e-06,-9.326010808629029,0.4120520381689708,8.179466463911037,0.9127249761240982
DTXSID0037495,Deisopropylatrazine,1007-28-9,C5H8ClN5,173.046823,23,727,3,Active,0.969879645549059,26.735944932423056,1.1812768425686375,0.0211473558895909,-1.6747439258939565
DTXSID0037730,"1,4-Dihydroxy-2-naphthoic acid",31519-22-9,C11H8O4,204.042259,156,391,40,Inactive,-1.0746274703900222e-14,-8.287793151614181,0.3661803669459272,0.3490513130190346,-0.4571107239780334
DTXSID0038700,2-Methoxy-4-nitroaniline,97-52-9,C7H8N2O3,168.053492,36,381,9,Inactive,-8.30598480951e-05,-13.933119921676637,0.6156083860065277,0.7057729621126689,-0.1513349833098421
DTXSID0038881,C.I. Acid Orange 7,633-96-5,C16H11N2NaO4S,350.033722,85,373,23,Inactive,-2.2891071879935244e-14,-6.967990362012841,0.3078673925567982,0.8979751318490845,-0.0467356903374429
DTXSID0038887,Fluorescein,2321-07-5,C20H12O5,332.068473,78,499,16,Inactive,-0.000158323458821,-15.800267476594756,0.6981047471360213,0.7280871252320038,-0.1378166485118322
DTXSID0039223,Aldicarb,116-06-3,C7H14N2O2S,190.077599,27,732,4,Inactive,7.580371824318496e-11,4.795712999261852,0.2118894515960536,50.0,1.6989700043360187
DTXSID0040701,Triethyl citrate,77-93-0,C12H20O7,276.120903,7,585,1,Inactive,-4.817791156726509e-09,-6.571505669270026,0.2903494710038537,50.0,1.6989700043360187
DTXSID0040707,4-Pentylaniline,33228-44-3,C11H17N,163.1361,53,613,9,Inactive,-4.46405708976968e-16,-10.076622346895991,0.4452163804116231,0.1912421060356773,-0.7184164823228433
DTXSID0041141,O-Chloroacetylcarbamoylfumagillol,129298-91-5,C19H28ClNO6,401.160515,104,617,17,Inactive,-0.0146002428519439,-22.58082687796166,0.997690859418228,0.001813984655104,-2.741366391053126
DTXSID0041270,"3,5,5-Trimethylhexyl acetate",58430-94-7,C11H22O2,186.16198,8,487,2,Inactive,-0.0124764025881449,-16.39098128814139,0.7242043126434018,0.3586994890722187,-0.4452692419280872
DTXSID0041274,"1-Phenyl-1H-pyrrole-2,5-dione",941-69-5,C10H7NO2,173.047678,156,379,41,Inactive,-1.838542042651739e-07,-16.594548702709318,0.7331985514233839,3.691030425198188,0.567147625103873
DTXSID0041357,"Ethyl (2E,4Z)-deca-2,4-dienoate",3025-30-7,C12H20O2,196.14633,121,367,33,Inactive,-0.000276526534528,-4.718202752306121,0.2084648088530345,17.25,1.236789099409293
DTXSID0041484,(3Z)-3-Hexenyl acetate,3681-71-8,C8H14O2,142.09938,2,363,1,Inactive,-1.4434368262499006e-07,-15.866674718379524,0.7010388247269754,0.2536027097301327,-0.5958461103543548
DTXSID0041567,"(9Z,12R)-12-Hydroxyoctadec-9-enoic acid",141-22-0,C18H34O3,298.250795,67,372,18,Inactive,-0.0009370779381828,-15.20928976581564,0.6719935217433108,0.2599534425671171,-0.5851044268243515
DTXSID0041646,"C.I. Acid Yellow 34, monosodium salt",6359-90-6,C16H12ClN4NaO4S,414.016548,20,366,5,Inactive,-0.0001934058109687,-17.973067877722578,0.7941057975519913,9.954252667097869,0.9980086601706823
DTXSID0041721,C.I. Acid Yellow 3 disodium salt,8004-92-0,,,53,375,14,Inactive,-4.135707992540331e-13,-9.333804563835589,0.4123963904095752,0.9136282796109444,-0.0392304661375182
DTXSID0041981,2-Fluoroacetic acid,144-49-0,C2H3FO2,78.011707,3,363,1,Inactive,0.0001357997211305,0.0700137365200362,0.0030934236968943,16.55,1.2187979981117376
DTXSID0042038,Heptyl butyrate,5870-93-9,C11H22O2,186.16198,5,356,1,Inactive,-4.4942039167687214e-08,-10.180767882748253,0.4498178527018351,28.376893838709393,1.4529648554436363
DTXSID0042086,Laurocapram,59227-89-3,C18H35NO,281.271865,61,362,17,Inactive,-7.1504131334e-06,-3.1819783411718583,0.1405896570135038,16.65,1.2214142378423387
DTXSID0042167,Monopotassium phthalate,877-24-7,C8H5KO4,203.98249,3,366,1,Inactive,0.0,-8.18840241717972,0.3617889765069479,0.4321961537209924,-0.364319102388413
DTXSID0042169,Monotridecyl phosphate,5116-94-9,C13H29O4P,280.180346,44,385,11,Inactive,-4.290625473267769e-15,-7.697705277628292,0.340108457298374,0.0445551063601833,-1.351102515264264
DTXSID0042325,4-Propylanisole,104-45-0,C10H14O,150.104465,1,358,0,Inactive,4.7125362591105135e-09,4.5784607233863985,0.2022905732644417,16.75,1.224014811372864
DTXSID0042379,Dimethoxydimethylsilane,1112-39-6,C4H12O2Si,120.060656,6,364,2,Inactive,7.272085954612322e-12,0.5666008870506773,0.0250341818306234,16.65,1.2214142378423387
DTXSID0042400,Sodium hexyldecyl sulfate,1120-01-0,C16H33NaO4S,344.199725,125,626,20,Inactive,2.733546669842716e-11,0.2820586362687455,0.0124622240251062,25.0,1.3979400086720375
DTXSID0042406,Sodium methyl sulfate,512-42-5,CH3NaO4S,133.964974,5,355,1,Inactive,-2.72446958926e-05,-12.36759531907516,0.5464386609716029,0.9845803284768876,-0.0067488455074871
DTXSID0042454,"(+/-)-2,3-Dihydroxypropyl tetradecanoate",589-68-4,C17H34O4,302.24571,13,363,4,Inactive,-5.79427561181e-05,-9.600550417716644,0.4241820482884094,16.65,1.2214142378423387
DTXSID0044571,3-Isopropylphenol,618-45-1,C9H12O,136.088815,12,375,3,Inactive,0.0150543240657381,14.411350410209508,0.6367380899665728,5.605015038999103,0.7485767822022786
DTXSID0044575,"2,2-Dichloro-1-(1-oxa-4-azaspiro[4.5]decan-4-yl)ethanone",71526-07-3,C10H15Cl2NO2,251.047984,31,364,9,Inactive,-1.0809052176173208e-14,-0.2060963030260177,0.0091059729034824,16.65,1.2214142378423387
DTXSID0044818,2-Butyloctan-1-ol,3913-02-8,C12H26O,186.198365,45,475,9,Inactive,-5.21128859272584e-13,-10.477708389979489,0.4629376038720083,0.6627369637805104,-0.1786588062035012
DTXSID0047167,N-Methylacetamide,79-16-3,C3H7NO,73.052764,3,583,1,Inactive,0.0,5.881245046430868,0.2598516190985684,10.118057882893098,1.0050971595703904
DTXSID0047246,Darbufelone mesylate,139340-56-0,C19H28N2O5S2,428.143964,321,636,50,Inactive,-6.03087978286e-05,-0.1856443778721683,0.0082023435149849,25.0,1.3979400086720375
DTXSID0047248,CI-1018,NOCAS_47248,C24H20N4O2,396.158626,108,638,17,Inactive,0.0,-20.777013688019245,0.9179928066662274,10.471325794424695,1.020001672008414
DTXSID0047290,UK-416244,402910-27-4,C17H22N2O3S2,366.107185,150,664,23,Inactive,-1.93413209868e-05,-0.5868566141463386,0.0259291425813271,50.0,1.6989700043360187
DTXSID0047292,"3-((1-(Aminomethyl)cyclohexyl)methyl)-1,2,4-oxadiazol-5(2H)-one dihydrochloride",227626-75-7,C10H18ClN3O2,247.108755,6,609,1,Inactive,-0.590650700137534,-23.957733219525498,1.0585268455704426,10.47043962407534,1.0199649168557048
DTXSID0047294,CP-863187,668981-02-0,C18H14F2N4O,340.113567,118,615,19,Inactive,-2.0312741990230905e-12,-9.11682238340413,0.4028094457311063,0.0076732699380036,-2.115019523482655
DTXSID0047296,Zenarestat,112733-06-9,C17H11BrClFN2O4,439.957476,49,609,8,Inactive,-2.206365440226774e-07,-5.108553586904232,0.2257117175579104,25.0,1.3979400086720375
DTXSID0047325,SB413217A,NOCAS_47325,C30H36ClFN4O2,538.251082,104,640,16,Inactive,-1.43172278187e-05,-6.712929598751181,0.2965980181677339,23.25,1.3664229572259727
DTXSID0047327,MK-578,313994-79-5,C35H47FN4O2,574.368305,93,609,15,Inactive,-8.02997527651e-05,-0.2454164258181542,0.0108432576943775,45.0,1.6532125137753435
DTXSID0047371,AVE5638,725228-45-5,C25H23FN2O2,402.174356,412,702,59,Inactive,0.0,3.021828687088778,0.1335137493471809,0.0006100001890201,-3.2146700304148235
DTXSID0047375,AVE9423,862243-29-6,C23H12Cl2F2N2O5,504.009133,22,601,4,Inactive,-4.787767127170618e-13,-13.345819283983554,0.5896596250898603,2.122301474330944,0.3268070757663935
DTXSID0047377,AVE6324,NOCAS_47377,C31H36Cl2N4O7S,678.168176,359,669,54,Inactive,-7.551784422486584e-10,-0.1459778280672434,0.0064497525058551,47.25,1.6744018128452818
DTXSID0047379,"3-Chloro-2-((3R)-5-chloro-1-(2,4-dimethoxybenzyl)-3-methyl-2-oxo-2,3-dihydro-1H-indol-3-yl)-N-ethyl-N-(3-pyridinylmethyl)benzamide hydrochloride (1:1)",1437319-51-1,C33H32Cl3N3O4,639.14584,304,653,47,Inactive,3.175338408070424e-13,7.164310475155845,0.3165414231164978,0.0198832788993476,-1.701511995669477
DTXSID0047456,"2-Norbornene-5,6-dicarboxylic anhydride",826-62-0,C9H8O3,164.047344,2,583,0,Inactive,-1.009684219564947e-13,-6.818518424731101,0.301263259485344,0.8363749495139841,-0.0775989833277855
DTXSID0047533,Tri-n-octyl trimellitate,89-04-3,C33H54O6,546.392039,10,601,2,Inactive,-0.1400184763064749,-19.78580212987838,0.8741980104591848,50.5,1.7032913781186614
DTXSID0047535,Butyryl-n-trihexylcitrate,82469-79-2,C28H50O8,514.350569,10,589,2,Inactive,6.152724095999026e-19,3.849936316406037,0.1701021088811125,0.8971462244070176,-0.0471367662339878
DTXSID0047537,Dioctyl sebacate,2432-87-3,C26H50O4,426.37091,7,588,1,Inactive,0.0,-5.953544364724198,0.2630460268761607,1.3591655221338728,0.1332723492799696
DTXSID0047539,"Hexane-1,6-diyl dibenzoate",22915-73-7,C20H22O4,326.151809,33,585,6,Inactive,-1.7609910523432947e-10,-0.505478185407609,0.0223335915882105,50.00000000000001,1.6989700043360187
DTXSID0047741,Dibenzothiophene,132-65-0,C12H8S,184.034671,18,471,4,Inactive,0.6156061021121159,26.452492542891232,1.1687530382082154,0.2030097960487385,-0.692483005105188
DTXSID0047957,Octylparaben,1219-38-1,C15H22O3,250.156895,154,406,38,Inactive,-9.761375195602631e-09,-12.401210342303756,0.547923876796318,0.1174316364569433,-0.930214887008562
DTXSID0048181,4-tert-Butylaniline,769-92-6,C10H15N,149.120449,8,357,2,Inactive,-0.0011733335790215,-7.0135045408298256,0.3098783499245263,16.65,1.2214142378423387
DTXSID0048183,(-)-Enterolactone,77756-20-8,C18H18O4,298.120509,35,478,7,Inactive,0.0696295188238265,18.697891177624253,0.8261307355630539,0.0670544881790088,-1.173572148071249
DTXSID0048185,Apomorphine hydrochloride,41372-20-7,C34H38Cl2N2O5,624.215778,155,369,42,Inactive,0.0,-3.2855632315070817,0.1451663582485748,0.0055000373502694,-2.2596343612401446
DTXSID0048187,1-Methoxy-4-tert-pentylcyclohexane,199584-38-8,C12H24O,184.182715,7,356,2,Inactive,-1.0436081611679439e-13,-5.80186417344059,0.2563443263044177,0.2070730839313147,-0.6838763485222512
DTXSID0048189,Lauryl gallate,1166-52-5,C19H30O5,338.209324,191,376,51,Inactive,0.0,-2.553446915216356,0.1128191921885454,0.0138000005148731,-1.860120897395388
DTXSID0048210,Phenyl benzoate,93-99-2,C13H10O2,198.06808,10,360,3,Inactive,0.0,-4.190661559507157,0.1851564052738992,0.0138000001962384,-1.8601209074230185
DTXSID0048505,PharmaGSID_48505,NOCAS_48505,C17H12ClN5O2,353.067952,303,635,48,Inactive,0.0,-7.06274008346e-05,3.1205372867e-06,50.0,1.6989700043360187
DTXSID0048507,PharmaGSID_48507,NOCAS_48507,C18H19ClF2N4O3,412.111375,103,636,16,Active,0.9999996553080404,112.6851536871862,4.978779051513296,0.6568991184241432,-0.1825013209664431
DTXSID0048509,PharmaGSID_48509,NOCAS_48509,C25H39N3O2,413.304228,158,637,25,Inactive,0.0,-4.574705559547626,0.2021246584971123,0.0020673595663846,-2.684583981952263
DTXSID00872663,Bisdemethoxycurcumin,33171-05-0,C19H16O4,308.104859,101,229,44,Inactive,0.0,-16.829904558365136,0.7435973019725738,10.472105931783233,1.0200340267203376
DTXSID1020069,o-Aminoazotoluene,97-56-3,C14H15N3,225.126597,314,659,48,Inactive,-1.27798994676e-05,-0.9403308947945508,0.0415467309339636,50.0,1.6989700043360187
DTXSID1020140,Sodium benzoate,532-32-1,C7H5NaO2,144.018724,0,668,0,Inactive,-0.0044877748375143,-11.52357126512309,0.5091470645075716,50.0,1.6989700043360187
DTXSID1020144,Benzoin,119-53-9,C14H12O2,212.08373,7,360,2,Inactive,-5.8865937695180495e-12,-6.567710051013199,0.2901817688350561,0.1500720251484352,-0.823700256830487
DTXSID1020148,Benzotrichloride,98-07-7,C7H5Cl3,193.945683,7,608,1,Inactive,-2.1810459661e-06,-8.980835250218473,0.3968011130641465,49.99999999999999,1.6989700043360187
DTXSID1020190,C.I. Acid Blue 74,860-22-0,C16H8N2Na2O8S2,465.951746,18,363,5,Inactive,-1.2663182503e-06,-11.224743600222425,0.4959439328674428,0.3485710232981969,-0.4577087186165984
DTXSID1020194,Boric acid (H3BO3),10043-35-3,BH3O3,62.017524,4,696,1,Inactive,0.1646407245999451,16.811228405053647,0.7427721316832541,0.0040265487494522,-2.3950670385335737
DTXSID1020221,"4-(1,1-Dimethylethyl)phenol",98-54-4,C10H14O,150.104465,64,645,10,Inactive,-7.07299023589544e-07,-0.6976166748833255,0.030822865064703,50.0,1.6989700043360187
DTXSID1020350,2-Methoxy-5-methylaniline,120-71-8,C8H11NO,137.084064,20,606,3,Inactive,-6.729986767819404e-18,-7.444753490457109,0.3289322640040311,0.0056180149088959,-2.2504171126170593
DTXSID1020352,Cupferron,135-20-6,C6H9N3O2,155.069477,27,367,7,Inactive,1.23612139433e-05,8.265037833663225,0.3651749665305429,16.65,1.2214142378423387
DTXSID1020354,Cyanoguanidine,461-58-5,C2H4N4,84.043596,1,357,0,Inactive,0.0,-6.891851863574958,0.3045033579113068,4.474076431787217,0.6507033989872311
DTXSID1020431,"1,4-Dichlorobenzene",106-46-7,C6H4Cl2,145.969006,3,592,1,Inactive,-1.2923996562094959e-17,-5.988001112696891,0.2645684327067099,0.5099145521340691,-0.2925025937957246
DTXSID1020439,"2,4-Dichlorophenol",120-83-2,C6H4Cl2O,161.96392,21,605,3,Inactive,-0.0430261992214337,-16.520038124321342,0.7299064433270146,50.0,1.6989700043360187
DTXSID1020485,C.I. Disperse Black 6 dihydrochloride,20325-40-0,C14H18Cl2N2O2,316.074533,231,632,37,Inactive,2.3124974172336767e-15,0.0042363042791747,0.0001871730419744,49.99999999999999,1.6989700043360187
DTXSID1020510,"7,12-Dimethylbenz[a]anthracene",57-97-6,C20H16,256.125201,356,712,50,Inactive,-2.674565094854345e-07,-0.4072023966613404,0.0179914629024819,50.0,1.6989700043360187
DTXSID1020512,Dimethylcarbamoyl chloride,79-44-7,C3H6ClNO,107.013791,4,581,1,Inactive,3.710635775933253e-09,7.884627751294496,0.3483672710435264,50.0,1.6989700043360187
DTXSID1020516,"1,1-Dimethylhydrazine",57-14-7,C2H8N2,60.068748,5,362,1,Inactive,-2.1931275004683126e-10,-10.053419327712088,0.4441911991693331,0.2111302718068513,-0.6754494931910191
DTXSID1020560,Endosulfan,115-29-7,C9H6Cl6O3S,403.816881,345,810,43,Inactive,0.0,2.303682217807257,0.1017838143896208,0.0006100004711786,-3.2146698295298717
DTXSID1020699,4-Hexylresorcinol,136-77-6,C12H18O2,194.13068,246,655,38,Inactive,-7.966575881380051e-08,-9.963840278672846,0.4402333193757878,0.5295915018881145,-0.2760589924367659
DTXSID1020770,Kepone,143-50-0,C10Cl10O,485.683442,450,770,58,Inactive,0.0,-0.4693531372569734,0.0207374750894339,0.0015333720719264,-2.8143524510306777
DTXSID1020805,dl-Menthol,89-78-1,C10H20O,156.151415,2,360,1,Inactive,-0.0018469176974598,-10.257083629411902,0.4531897187228403,16.65,1.2214142378423387
DTXSID1020807,2-Mercaptobenzothiazole,149-30-4,C7H5NS2,166.986342,86,632,14,Inactive,-0.0028655615082991,-2.6719119061098464,0.1180533423467423,50.0,1.6989700043360187
DTXSID1020855,Methyl parathion,298-00-0,C8H10NO5PS,263.001731,138,818,17,Inactive,-0.0434986172792693,-13.831087049395254,0.6111002577353405,50.0,1.6989700043360187
DTXSID1020930,(-)-Nicotine,54-11-5,C10H14N2,162.115698,16,688,2,Inactive,-1.7160921158770513e-12,-5.203503393426251,0.2299068940491222,0.0145407885160557,-1.8374120419717104
DTXSID1020932,Nicotinic acid,59-67-6,C6H5NO2,123.032028,2,612,0,Inactive,-5.0540934934576484e-08,-13.174199615737413,0.5820769366776536,2.2100844750384665,0.3444088738398255
DTXSID1021031,4-Nitrosodiphenylamine,156-10-5,C12H10N2O,198.079313,184,374,49,Inactive,9.597239097e-06,3.7449021076504017,0.1654613722700011,16.65,1.2214142378423387
DTXSID1021087,Oxazepam,604-75-1,C15H11ClN2O2,286.050905,31,370,8,Inactive,0.0398684814054569,16.982982631971613,0.750360765314281,0.0118779774246044,-1.925257504482387
DTXSID1021160,Picloram,1918-02-1,C6H3Cl3N2O2,239.92601,14,669,2,Inactive,-6.41415635351e-05,-5.581307730376212,0.246599459634106,50.0,1.6989700043360187
DTXSID1021164,Piperazine,110-85-0,C4H10N2,86.084398,12,579,2,Inactive,-1.11741512328e-05,-8.669653332564469,0.3830521322789194,5.945670114655418,0.7742008094502826
DTXSID1021166,Piperonyl butoxide,51-03-6,C19H30O5,338.209324,120,715,17,Inactive,8.27021248273e-05,10.827639711829445,0.4783986533331587,0.0087485735141457,-2.0580627544564645
DTXSID1021243,Rhodamine 6G,989-38-8,C28H31ClN2O3,478.202321,220,377,58,Inactive,0.0,1e-06,4.4183096784287834e-08,0.0818298234116492,-1.0870883860282174
DTXSID1021322,Tetraethylthiuram disulfide,97-77-8,C10H20N2S4,296.050933,325,768,42,Inactive,0.0,-2.8903337192952723,0.1277038944585136,0.0006100002258761,-3.214670004174864
DTXSID1021403,Trimethyl orthophosphate,512-56-1,C3H9O4P,140.023846,18,362,5,Inactive,-0.0010649292059155,-8.69870121209296,0.3843355575515051,16.65,1.2214142378423387
DTXSID1021409,Triphenyltin hydroxide,76-87-9,C18H16OSn,368.022317,402,707,57,Inactive,0.0,16.339115539677053,0.7219127232592125,0.0004031759545281,-3.394505377175424
DTXSID1021455,C.I. Acid Yellow 23,1934-21-0,C16H9N4Na3O9S2,533.950403,41,617,7,Inactive,0.0,-11.416184939303555,0.504402404080578,9.891105272057995,0.9952448241285712
DTXSID1021790,2-Nitrophenol,88-75-5,C6H5NO3,139.026943,6,362,2,Inactive,0.0004257120563005,2.8163020616305237,0.1244329465628107,16.65,1.2214142378423387
DTXSID1021792,Salicylaldehyde,90-02-8,C7H6O2,122.036779,8,357,2,Inactive,-1.2567778091125776e-08,-17.380185609936085,0.7679104229326926,4.495872447755168,0.6528139813817597
DTXSID1021798,Quinoline,91-22-5,C9H7N,129.057849,11,591,2,Inactive,0.0,5.419717051830827,0.2394598830444965,0.0195508968951917,-1.7088333146006995
DTXSID1021821,2-Butanone oxime,96-29-7,C4H9NO,87.068414,7,568,1,Inactive,-0.0004832169847433,-11.822448800369973,0.522352399574034,9.22905103243236,0.9651570474434747
DTXSID1021871,4-Chlorophenol,106-48-9,C6H5ClO,128.002893,13,362,4,Inactive,-0.0001071590062288,-0.5433979056831225,0.0240090022591767,16.65,1.2214142378423387
DTXSID1021956,Di-n-octyl phthalate,117-84-0,C24H38O4,390.27701,19,609,3,Inactive,0.0,-17.78229059298274,0.7856766663160875,10.471363633897,1.0200032413841218
DTXSID1022053,"4,6-Dinitro-o-cresol",534-52-1,C7H6N2O5,198.027671,224,641,35,Inactive,2.880614734614431e-11,13.266223537598508,0.5861428385237122,0.0384275697449849,-1.415357080529574
DTXSID1022055,tert-Butyl acetate,540-88-5,C6H12O2,116.08373,1,357,0,Inactive,-8.010569245723125e-12,-7.786376986704152,0.344026248002501,0.1468244002928736,-0.8332017643656635
DTXSID1022265,Alachlor,15972-60-8,C14H20ClNO2,269.118257,127,664,19,Inactive,-0.1878617716318148,-20.997144675746664,0.9277188754022088,50.0,1.6989700043360187
DTXSID1022267,Methomyl,16752-77-5,C5H10N2O2S,162.046299,15,670,2,Inactive,-5.3535074200074344e-14,-8.290382239428013,0.3662947608633887,50.0,1.6989700043360187
DTXSID1022394,Biochanin A,491-80-5,C16H12O5,284.068473,152,431,35,Inactive,-1.346205279078691e-16,-8.936668909604323,0.3948497073621838,1.3745774652220673,0.1381692198218929
DTXSID1022396,Chrysin,480-40-0,C15H10O4,254.057909,127,423,30,Active,0.9649614154316648,37.94389264748155,1.6764786812163046,0.0728508234068118,-1.1375655351909872
DTXSID1022421,Melatonin,73-31-4,C13H16N2O2,232.121178,11,374,3,Inactive,-5.249624597824366e-10,-10.967096993808283,0.4845603079201036,0.9136369236334132,-0.0392263572087726
DTXSID1022479,2-Ethylphenol,90-00-6,C8H10O,122.073165,16,361,4,Inactive,0.0,-7.546956962770736,0.3334479299129543,4.16847296866308,0.6199769895685632
DTXSID1022508,4-Dodecylphenol,104-43-8,C18H30O,262.229666,200,407,49,Inactive,0.0,-9.19304687519405,0.4061772798291935,0.3745133100239501,-0.4265327430720267
DTXSID1023235,D-Mannitol,69-65-8,C6H14O6,182.079038,5,660,1,Inactive,2.0434689287617056e-15,3.157892284902818,0.139525460458217,0.100072268279555,-0.9996862562046974
DTXSID1023819,Stavudine,3056-17-5,C10H12N2O4,224.079707,6,595,1,Inactive,-2.31644188426e-05,-5.831660350234048,0.2576608136674848,50.0,1.6989700043360187
DTXSID1023869,Ametryn,834-12-8,C9H17N5S,227.120467,64,674,9,Inactive,0.00805301136027,16.30143389745941,0.7202478316141195,19.003468103814967,1.2788328662635409
DTXSID1023990,Cyanazine,21725-46-2,C9H13ClN6,240.089022,41,679,6,Inactive,1.079976118185768e-07,11.504580112547352,0.5083079765752726,0.0006100000612398,-3.2146701213890236
DTXSID1023996,Cyclohexylamine,108-91-8,C6H13N,99.104799,2,587,0,Inactive,0.0,-4.740992352530926,0.2094717239654423,0.0545629195535368,-1.263102399494037
DTXSID1023998,Cypermethrin,52315-07-8,C22H19Cl2NO3,415.074199,136,857,16,Inactive,-7.221287181010843e-13,-15.836818932232768,0.6997197036380822,50.0,1.6989700043360187
DTXSID1024049,Diflubenzuron,35367-38-5,C14H9ClF2N2O2,310.032062,12,360,3,Inactive,-4.56530168203e-05,-9.200128284032832,0.4064901584012865,16.65,1.2214142378423387
DTXSID1024091,S-Ethyl dipropylthiocarbamate,759-94-4,C9H19NOS,189.118735,14,743,2,Inactive,-0.0001034009160538,-11.971584949505,0.5289416964853029,50.0,1.6989700043360187
DTXSID1024097,2-Butoxyethanol,111-76-2,C6H14O2,118.09938,3,585,1,Inactive,-6.275241018790421e-10,-1.7081597098889838,0.0754717857850459,50.0,1.6989700043360187
DTXSID1024124,Thifensulfuron methyl,79277-27-3,C12H13N5O6S2,387.030726,2,469,0,Inactive,1.43712666306e-05,17.31674101338674,0.7651072441829129,29.94768675340976,1.4763632818495802
DTXSID1024126,Heptachlor epoxide B,1024-57-3,C10H5Cl7O,385.816009,193,642,30,Inactive,1.28038138906e-05,2.0903592680136964,0.0923585458525822,49.99999999999999,1.6989700043360187
DTXSID1024170,"1,1-Dimethylpiperidinium chloride",24307-26-4,C7H16ClN,149.097127,13,735,2,Inactive,-7.310736456e-06,-0.6267870223275642,0.0276933916706343,50.0,1.6989700043360187
DTXSID1024174,Tribufos,78-48-8,C12H27OPS3,314.096166,171,716,24,Inactive,0.0,-5.459416159820178,0.2412139125750399,10.473718252020616,1.0201008869954356
DTXSID1024176,Methacrylonitrile,126-98-7,C4H5N,67.042199,6,362,2,Inactive,0.0011131916863844,13.47775376973507,0.5954888992430047,0.1011591411670772,-0.99499486643699
DTXSID1024209,Naled,300-76-5,C4H7Br2Cl2O4P,377.782577,244,729,33,Inactive,0.025428934204213,12.855214192119412,0.5679831728331625,0.0006100000580531,-3.2146701236578483
DTXSID1024255,Phenmedipham,13684-63-4,C16H16N2O4,300.111007,32,377,8,Inactive,-0.0004930268395641,-2.6601550473782822,0.1175338879195264,16.65,1.2214142378423387
DTXSID1024259,Phosalone,2310-17-0,C12H15ClNO4PS2,366.986865,180,788,23,Inactive,8.951270992696553e-09,12.921821351307328,0.5709260833940886,1.3844876083744708,0.14128907301863
DTXSID1024338,Thiophanate-methyl,23564-05-8,C12H14N4O4S2,342.045647,78,664,12,Inactive,-0.000551008771274,-16.889284138227893,0.7462208756966603,6.789636435116965,0.8318465197223539
DTXSID1024598,Benzyl salicylate,118-58-1,C14H12O3,228.078644,42,377,11,Inactive,-1.04832822223e-05,-7.451425516574604,0.3292270547797277,1.3724220017460538,0.1374876717568488
DTXSID1024621,Diethylene glycol dimethyl ether,111-96-6,C6H14O3,134.094294,47,590,8,Inactive,0.0,7.650820622522986,0.3380369480441584,0.0006119016056236,-3.213318407217506
DTXSID1024704,4-tert-Butyltoluene,98-51-1,C11H16,148.125201,7,358,2,Inactive,-2.2576278130453607e-07,-10.350950527326711,0.4573370489582512,0.191667128017569,-0.717452364663545
DTXSID1025017,Dicumyl peroxide,80-43-3,C18H22O2,270.16198,147,609,24,Inactive,1.071293271402417e-09,4.757525865040091,0.210202225748819,0.0006100001577605,-3.2146700526703524
DTXSID1025148,"3,5-Dimethylphenol",108-68-9,C8H10O,122.073165,3,359,1,Inactive,0.0,3.7011737257628994,0.1635293169408453,0.0141000002227747,-1.8507808804829289
DTXSID1025271,N-Ethylaniline,103-69-5,C8H11N,121.089149,9,583,2,Inactive,-0.0003982161156795,-12.355071314757504,0.5458853116767091,50.0,1.6989700043360187
DTXSID1025300,2-Ethylhexyl diphenyl phosphate,1241-94-7,C20H27O4P,362.164696,151,559,27,Inactive,-1.044699895874459e-12,-19.98823641237704,0.883142183955281,4.28258733570468,0.6317062283866111
DTXSID1025306,5-Ethylidene-2-norbornene,16219-75-3,C9H12,120.0939,16,361,4,Inactive,0.0096516654122181,16.161623658039247,0.7140705822743839,0.2572041099392994,-0.5897220959744964
DTXSID1025726,2-Nitrobenzenamine,88-74-4,C6H6N2O2,138.042927,5,368,1,Inactive,-5.18490155724e-05,-12.93457822080568,0.5714897213937989,0.2412774224187571,-0.6174833153796581
DTXSID1025805,2-n-Octyl-4-isothiazolin-3-one,26530-20-1,C11H19NOS,213.118735,381,671,57,Inactive,1.0289593135483325e-13,9.06439992812146,0.4004932593156821,0.1953953336103162,-0.7090858122215913
DTXSID1025809,Oleic acid,112-80-1,C18H34O2,282.25588,33,374,9,Inactive,7.489748911879873e-12,10.313416759513023,0.4556786908622601,30.48656851718348,1.484108544145002
DTXSID1025857,"1,10-Phenanthroline",66-71-7,C12H8N2,180.068748,122,367,33,Inactive,0.0,-0.004748975526851,0.000209824445329,16.65,1.2214142378423387
DTXSID1026031,Sodium dodecyl sulfate,151-21-3,C12H25NaO4S,288.137125,168,681,25,Inactive,-1.4232061572381742e-18,-8.973699688539378,0.3964858418518689,0.5587092324494264,-0.2528141520357339
DTXSID1026033,Sodium ethasulfate,126-92-1,C8H17NaO4S,232.074524,3,355,1,Inactive,0.0,-14.033672663375445,0.6200511175249316,4.060248478479579,0.60855261227928
DTXSID1026035,Sodium 2-mercaptobenzothiolate,2492-26-4,C7H4NNaS2,188.968286,58,487,12,Inactive,0.0049336933427957,10.286932543240852,0.4545085361714507,0.1086422209131642,-0.9640013649296152
DTXSID1026081,"3,3',5,5'-Tetrabromobisphenol A",79-94-7,C15H12Br4O2,539.757082,309,747,41,Inactive,0.0,2.507256552098372,0.1107783589044021,0.5894608254617988,-0.2295450520635418
DTXSID1026118,Tetralin,119-64-2,C10H12,132.0939,4,354,1,Inactive,0.0,-3.406458356502319,0.150507879256988,0.8727641348180655,-0.0591031088572049
DTXSID1026164,2-Methylaniline,95-53-4,C7H9N,107.073499,7,590,1,Inactive,-0.0074566087050284,-15.78684585448219,0.6975117383072197,50.0,1.6989700043360187
DTXSID1026241,"3,3,5-Trimethylcyclohexyl salicylate",118-56-9,C16H22O3,262.156895,30,372,8,Inactive,0.5118280769785142,23.440461927920236,1.035672198029714,0.0137999813821007,-1.8601214995158917
DTXSID1026665,3-Pyridinecarbonitrile,100-54-9,C6H4N2,104.037448,4,662,1,Inactive,-2.0580151432e-05,-8.270390733914942,0.3654114742404411,50.0,1.6989700043360187
DTXSID1026792,3-Methylaniline,108-44-1,C7H9N,107.073499,12,605,2,Inactive,-4.3544664259550926e-11,-7.13267110194081,0.3151434976275437,0.4344099707805816,-0.3621002151749842
DTXSID1026879,Hexamethyleneimine,111-49-9,C6H13N,99.104799,3,361,1,Inactive,2.613504004396898e-07,1.6205703481535343,0.0716018165382146,16.55,1.2187979981117376
DTXSID1026900,Alkyl trimethyl ammonium compound C12 chloride (ATMAC C12 Cl),112-00-5,C15H34ClN,263.237978,321,656,49,Inactive,-2.2344345076e-06,-0.1989898896956718,0.0087919895555186,50.0,1.6989700043360187
DTXSID1026904,2-Butoxyethyl acetate,112-07-2,C8H16O3,160.109944,3,358,1,Inactive,2.590579576806946e-10,0.7081338930625329,0.0312875483334164,16.65,1.2214142378423387
DTXSID1026906,"N,N-Dimethyldodecan-1-amine",112-18-5,C14H31N,213.24565,31,483,6,Inactive,-7.480662566170477e-12,-11.91174886857868,0.5262979531305428,0.3978914992297703,-0.4002353392578329
DTXSID1026908,2-Hexyloxyethanol,112-25-4,C8H18O2,146.13068,3,582,1,Inactive,0.0102511449332678,12.366229536923893,0.5463783164866273,50.0,1.6989700043360187
DTXSID1027134,Bis(2-ethylhexyl) phosphate,298-07-7,C16H35O4P,322.227297,165,483,34,Inactive,-1.7349918830351144e-07,-1.4583404532281028,0.0644339973894194,16.65,1.2214142378423387
DTXSID1027184,Decamethylcyclopentasiloxane,541-02-6,C10H30O5Si5,370.093957,4,356,1,Inactive,-1.5124861162e-06,-11.398185541182729,0.5036071349313467,0.2854499207493179,-0.5444700732323156
DTXSID1027263,Pentyl acetate,628-63-7,C7H14O2,130.09938,27,587,5,Active,0.9999278685045124,56.05097591555774,2.476505693730874,22.36800062469672,1.349627166194626
DTXSID1027390,Phenolsulfonic acid,1333-39-7,C6H6O4S,,5,365,1,Inactive,-0.0735207597557443,-15.12219364009269,0.6681453451909571,16.65,1.2214142378423387
DTXSID1027429,Cyclododecanol,1724-39-6,C12H24O,184.182715,34,361,9,Inactive,-0.000136246216039,-11.393172666529756,0.503385650605387,8.062361957719087,0.906462291796614
DTXSID1027479,2-(2H-Benzotriazol-2-yl)-4-methylphenol,2440-22-4,C13H11N3O,225.090212,42,482,9,Inactive,-7.375273973014016e-07,-10.1629707944945,0.4490315222290411,0.8692547332030384,-0.0608529358493461
DTXSID1027500,2-Propoxyethanol,2807-30-9,C5H12O2,104.08373,1,357,0,Inactive,-1.291611136797435e-12,-8.736692473443178,0.386014129128699,0.3443503484492963,-0.4629994732143659
DTXSID1027550,Sodium chloroacetate,3926-62-3,C2H2ClNaO2,115.964101,2,363,1,Inactive,-6.980970937020641e-17,-16.957104004800357,0.749217367425329,4.2054929051646885,0.6238169046399533
DTXSID1027633,Irganox 1010,6683-19-8,C73H108O12,1176.784079,12,361,3,Inactive,0.0129352403982513,17.307478766851172,0.764698009447792,0.0707399156698726,-1.1503354622500033
DTXSID1027635,"2,2,4-Trimethyl-1,3-pentanediol diisobutyrate",6846-50-0,C16H30O4,286.214409,29,634,5,Inactive,-1.4125679256799178e-13,-0.0569064829099973,0.0025143046420658,50.0,1.6989700043360187
DTXSID1027891,Calcium dodecylbenzene sulfonate,26264-06-2,,,156,499,31,Inactive,-6.775912922777238e-07,-13.782192110072074,0.6089399278989626,1.087067033220369,0.0362563253743364
DTXSID1027899,Ammonium xylene sulfonate,26447-10-9,C8H13NO3S,,1,360,0,Inactive,-1.1670371139177903e-07,-10.538617298159348,0.4656287480571444,0.3385990292417705,-0.4703142913409248
DTXSID1027920,"N,N,N',N'-Tetrabutyl-1,6-hexanediamine",27090-63-7,C22H48N2,340.38175,2,355,1,Inactive,-2.8439552685040757e-10,-10.511962439572164,0.4644510538604153,2.713075077426215,0.4334618119189041
DTXSID1027924,Diisodecyl hexanedioate,27178-16-1,C26H50O4,,11,598,2,Inactive,-0.0007352650802803,-16.548329334999007,0.7311564366265306,50.0,1.6989700043360187
DTXSID1027926,n-Dodecylphenol,27193-86-8,C18H30O,,202,406,50,Inactive,0.0,-7.446149532071841,0.3289939454458097,4.241438908530343,0.6275132160319566
DTXSID1029124,"1,2,4,5-Tetramethylbenzene",95-93-2,C10H14,134.10955,3,359,1,Inactive,-1.491956743101191e-16,-3.530029883570871,0.1559676519972401,0.0138000577790572,-1.8601190952601252
DTXSID1029128,Tetrahydrofurfuryl alcohol,97-99-4,C5H10O2,102.06808,1,359,0,Active,0.989283217871788,49.196046357789086,2.173633677630506,0.5853454811897253,-0.2325877300079163
DTXSID1029170,4-Methylpent-3-en-2-one,141-79-7,C6H10O,98.073165,11,391,3,Inactive,0.0,-5.672365618612561,0.2506226791230255,1.0463617916624584,0.019681872825456
DTXSID1029677,Silica,7631-86-9,O2Si,59.966756,6,583,1,Inactive,2.9431077158e-06,3.397168750450197,0.1500974356936992,50.0,1.6989700043360187
DTXSID1030606,Acesulfame potassium,55589-62-3,C4H4KNO4S,200.94981,4,354,1,Inactive,-1.0395679621116234e-14,-5.692626111767066,0.2515178504529684,4.178772207250439,0.6210486975780577
DTXSID1032303,(Z)-11-Hexadecenal,53939-28-9,C16H30O,238.229666,6,356,2,Inactive,-0.2743645730258334,-18.964074122211315,0.8378915223660708,0.4746890049283782,-0.3235908275911724
DTXSID1032309,"2,4-D-Butotyl",1929-73-3,C14H18Cl2O4,320.058215,9,359,3,Inactive,-1.5505939425115218e-11,-8.406413654622956,0.3714213881109648,0.8860442574726022,-0.0525445847765023
DTXSID1032355,Clomazone,81777-89-1,C12H14ClNO2,239.071306,52,668,8,Inactive,-0.0005906305932405,-14.885578902108442,0.6576909733220103,50.0,1.6989700043360187
DTXSID1032359,Cyprodinil,121552-61-2,C14H15N3,225.126597,170,671,25,Inactive,0.0,-4.634563435528873,0.2047693648248937,10.470243104734411,1.0199567655201958
DTXSID1032482,Tebupirimfos,96182-53-5,C13H23N2O3PS,318.116701,212,739,29,Inactive,0.0,-18.345232373174188,0.8105491774742054,10.472018112133906,1.0200303846879446
DTXSID1032484,Temephos,3383-96-8,C16H20O6P2S3,465.989726,136,504,27,Inactive,-0.0049819343030748,-10.0406178165136,0.4436255887610651,16.65,1.2214142378423387
DTXSID1032488,Thiazopyr,117718-60-2,C16H17F5N2O2S,396.09309,105,678,15,Inactive,-0.0270179069653024,-19.511222587795107,0.862066235976334,50.0,1.6989700043360187
DTXSID1032511,"1,3,5-Triethylhexahydro-s-triazine",7779-27-3,C9H21N3,171.173548,26,476,5,Inactive,0.0,-5.350500268681545,0.2364016712155147,4.049121327404597,0.6073607901131618
DTXSID1032513,"(3,5-Dimethyl-1H-pyrazol-1-yl)methanol",85264-33-1,C6H10N2O,126.079313,1,362,0,Inactive,-3.102272821978108e-15,-7.123454616781802,0.3147362847717523,0.0897935348638214,-1.046754931417824
DTXSID1032519,Acibenzolar-S-methyl,135158-54-2,C8H6N2OS2,209.992155,49,791,6,Inactive,3.29471682296e-05,9.102375920324246,0.4021711562546571,0.4937024633410996,-0.3065347058516099
DTXSID1032569,Pirimicarb,23103-98-2,C11H18N4O2,238.142976,36,679,5,Inactive,2.2835559523388845e-07,11.683392591674371,0.5162084656467801,0.0061082120649407,-2.214085893515613
DTXSID1032640,Pyriproxyfen,95737-68-1,C20H19NO3,321.136493,104,705,15,Inactive,-1.0652629885262448e-07,-0.6573668566812324,0.0290445034515299,50.0,1.6989700043360187
DTXSID1032646,N-Ethylperfluorooctane sulfonamide,4151-50-2,C10H6F17NO2S,526.984778,211,774,27,Active,0.9989229410609703,37.70025477998038,1.6657140057361832,48.25000000000001,1.6834973176798114
DTXSID1032648,Z-Tetrachlorvinphos,22248-79-9,C10H9Cl4O4P,363.899257,144,515,28,Inactive,-1.6816318494e-06,-4.738650954335843,0.2093682737423784,16.65,1.2214142378423387
DTXSID1032690,Indoxacarb,173584-44-6,C22H17ClF3N3O7,527.070712,181,740,24,Inactive,-8.116532639806293e-11,-8.352181591133679,0.3690252476010064,0.3145564702914035,-0.5023013771362558
DTXSID1033161,Aldicarb sulfoxide,1646-87-3,C7H14N2O3S,206.072513,13,368,4,Inactive,1.8479555662e-06,0.5161774297946616,0.0228063173384824,16.65,1.2214142378423387
DTXSID1033371,Cyclopentanol,96-41-3,C5H10O,86.073165,4,362,1,Inactive,-6.9859594875e-06,-17.588021787059,0.7770932688617908,0.5013075017298301,-0.2998957964132913
DTXSID1033664,17-Methyltestosterone,58-18-4,C20H30O2,302.22458,160,708,23,Active,1.0,116.52892486497996,5.148608765478414,0.00062702302068,-3.202716514080301
DTXSID1034181,Raloxifene hydrochloride,82640-04-8,C28H28ClNO4S,509.142757,416,734,57,Active,0.9999826462657057,46.26399105365479,2.044086394351056,0.4652718950886637,-0.3322931803843091
DTXSID1034187,Tamoxifen,10540-29-1,C26H29NO,371.224915,371,750,49,Inactive,0.0,7.365902735760901,0.3254483934777744,6.346844226038547,0.8025578393251298
DTXSID1034210,Prodiamine,29091-21-2,C13H17F3N4O4,350.12019,301,685,44,Inactive,-7.167463793731952e-14,-10.552197738420205,0.466228773963563,0.0252301986172923,-1.5980793306138348
DTXSID1034212,Spiroxamine,118134-30-8,C18H35NO2,297.266779,128,724,18,Inactive,0.0,4.352395999353016,0.1923023336829614,0.0222175633365966,-1.653303573095319
DTXSID1034260,Oxytetracycline,79-57-2,C22H24N2O9,460.14818,54,503,11,Inactive,-7.948738500708273e-13,-8.676474444858098,0.3833535101435653,0.0138000009906302,-1.8601208824230224
DTXSID1034503,Cyhalofop-butyl,122008-85-9,C20H20FNO4,357.137636,46,660,7,Inactive,0.0,1.2635802618854377,0.0558288890056,0.0068492122649408,-2.1643593742976157
DTXSID1034634,Forchlorfenuron,68157-60-8,C12H10ClN3O,247.05124,246,692,36,Inactive,-1.8547759591e-06,-0.2523323913970455,0.0111488264709064,50.0,1.6989700043360187
DTXSID1034929,Spiromesifen,283594-90-1,C23H30O4,370.214409,37,374,10,Inactive,-2.773546164401612e-11,-3.7349673545762174,0.1650224241133965,0.2343847650081751,-0.6300706208446971
DTXSID1034973,Tralkoxydim,87820-88-0,C20H27NO3,329.199094,37,673,5,Inactive,-0.0001372126146803,-6.500163584730068,0.2871973567778319,50.0,1.6989700043360187
DTXSID1035288,"(8E,10E)-8,10-Dodecadien-1-ol",33956-49-9,C12H22O,182.167065,61,369,17,Inactive,-0.0137339218500689,-15.246675027006583,0.6736453183568162,16.65,1.2214142378423387
DTXSID1037303,Perfluoroheptanoic acid,375-85-9,C7HF13O2,363.976895,42,717,6,Inactive,-2.254600981412732e-09,-2.883880046444386,0.1274187512063287,50.0,1.6989700043360187
DTXSID1037565,Mepronil,55814-41-0,C17H19NO2,269.141579,36,364,10,Inactive,-6.74758696252e-05,-15.116525954560895,0.6678949292925631,0.9401210345624742,-0.0268162301675605
DTXSID1038298,1-Hydroxypyrene,5315-79-7,C16H10O,218.073165,238,690,34,Inactive,0.0,17.593548615879442,0.7773374612744746,10.47111671577744,1.0199930004599311
DTXSID1038321,3-Phenoxybenzoic acid,3739-38-6,C13H10O3,214.062994,15,645,2,Inactive,0.0021472272990642,14.962210556028024,0.6610767971038792,0.0366023456958648,-1.4364910815420175
DTXSID1038666,Chlorpyrifos oxon,5598-15-2,C9H11Cl3NO4P,332.949128,228,768,30,Inactive,6.24875949048887e-10,8.355372427383395,0.3691662286278505,0.5297965753534547,-0.27589085334325
DTXSID1038795,"1,1,1,3,5,5,5-Heptamethyltrisiloxane",1873-88-7,C7H22O2Si3,222.09276,3,354,1,Inactive,3.4857761692692732e-09,7.00727086322661,0.3096029267436614,6.624286097962789,0.8211390810357814
DTXSID1040110,Ethyl propionate,105-37-3,C5H10O2,102.06808,0,360,0,Inactive,-3.3622302234711214e-08,-7.293604931641099,0.3222540526010576,0.5046894494952203,-0.2969757740733287
DTXSID1040112,Ethyl heptanoate,106-30-9,C9H18O2,158.13068,13,594,2,Inactive,6.052169933216377e-16,10.750950334593272,0.4750102791564061,0.0720360134078371,-1.1424503297626247
DTXSID1040372,Epoxiconazole,133855-98-8,C17H13ClFN3O,329.073118,78,391,20,Inactive,-3.503764947799974e-09,-11.975069998919874,0.5290956767608984,0.4220305422071795,-0.374656118156656
DTXSID1040611,"3-Oxa-2,4-disilaheptan-1-ol, 2,2,4-trimethyl-4-(trimethylsiloxy)-, monoether with polyethylene glycol",27306-78-1,(C2H4O)nC11H30O3Si3,,90,363,25,Inactive,0.0,-0.0334578892327728,0.0014782731581695,16.65,1.2214142378423387
DTXSID1040742,Triamcinolone,124-94-7,C21H27FO6,394.179167,68,650,10,Inactive,0.0024721660581113,12.029895442911048,0.5315180346590019,0.0006100000818036,-3.214670106748451
DTXSID1040792,Pyridoxine hydrochloride,58-56-0,C8H12ClNO3,205.050571,1,366,0,Inactive,-1.1480903628603173e-12,-6.311153111438503,0.2788462887431466,0.8878542260079745,-0.0516583338129495
DTXSID1040794,Sodium 2-phenylphenate tetrahydrate,6152-33-6,C12H17NaO5,264.097368,55,384,14,Inactive,0.0,-2.4269863767455497,0.1072317739778966,0.0140000023666365,-1.8538718909062548
DTXSID1041184,(-)-beta-Pinene,18172-67-3,C10H16,136.125201,6,356,2,Inactive,-2.5018569567132065e-10,-3.424090629547198,0.1512869276834569,16.65,1.2214142378423387
DTXSID1041188,1-Phenyl-2-nitropropene,705-60-2,C9H9NO2,163.063329,126,371,34,Inactive,-5.708390199041483e-07,-1.1310941456549788,0.0499752421096152,16.65,1.2214142378423387
DTXSID1041265,2-Hexyl-1-decanol,2425-77-6,C16H34O,242.260966,33,468,7,Inactive,0.0,-7.4856162268101265,0.3307377062391873,3.8802323548674225,0.588857732660022
DTXSID1041267,1-Ethoxy-2-propanol,1569-02-4,C5H12O2,104.08373,4,357,1,Inactive,-1.6016767517980866e-16,-7.144354989951129,0.3156597279823204,0.0430727648846663,-1.3657972495372976
DTXSID1041346,"2,4-D-ethyl ester",533-23-3,C10H10Cl2O3,248.0007,5,360,1,Inactive,0.0012446972361869,8.493409336346108,0.375265126736354,16.65,1.2214142378423387
DTXSID1041421,"5,7-Dimethoxy-2H-chromen-2-one",487-06-9,C11H10O4,206.057909,17,370,5,Inactive,-6.154082502744746e-09,-9.091701590942474,0.4016995313264749,0.0164060347463773,-1.7849963729908271
DTXSID1041425,(2E)-2-Hexenal,6728-26-3,C6H10O,98.073165,6,356,2,Inactive,-3.1842481291e-06,-14.305272797402845,0.6320512525332898,0.6110954270486038,-0.2138909661819706
DTXSID1041550,(S)-(-)-beta-Citronellol,7540-51-4,C10H20O,156.151415,5,354,1,Inactive,-2.621921116505188e-13,-15.398045664418971,0.6803333418799071,4.238300181142597,0.6271917127327314
DTXSID1041639,Sodium m-xylene-4-sulfonate,827-21-4,C8H9NaO3S,208.01701,8,359,2,Inactive,9.9031921252e-06,21.31265575962007,0.9416591321575032,29.783915314224355,1.473981788365542
DTXSID1041847,Dibutyl decanedioate,109-43-3,C18H34O4,314.24571,8,596,1,Inactive,1.5088949817506557e-07,7.137079682673841,0.3153382823767526,50.0,1.6989700043360187
DTXSID1041891,Diphenylmethane,101-81-5,C13H12,168.0939,8,363,2,Inactive,0.0,-7.061907055240717,0.3120169229033456,1.0299691593193194,0.0128242206877303
DTXSID1041920,2-(2-Ethylhexyloxy)ethanol,1559-35-9,C10H22O2,174.16198,3,358,1,Inactive,-2.0814880156345265e-11,-0.0764902070811081,0.0033795742225148,16.65,1.2214142378423387
DTXSID1041970,Fenchol,1632-73-1,C10H18O,154.135765,12,362,3,Inactive,0.0,6.021973478449596,0.266069437030753,0.0144032695964245,-1.84153891023086
DTXSID1041978,Flufenoxuron,101463-69-8,C21H11ClF6N2O3,488.036239,58,379,15,Inactive,-1.0033374998e-06,-11.563860606763631,0.510927172388651,0.2403018183638876,-0.6192429428772708
DTXSID1042154,Methyl red,493-52-7,C15H15N3O2,269.116427,108,366,30,Inactive,-0.000130155032205,-15.4129012542026,0.6809897078411048,0.5009527664314121,-0.3002032207300407
DTXSID1042491,Triethoxypentylsilane,2761-24-2,C11H26O3Si,234.165121,8,357,2,Inactive,-1.7689235002e-06,-13.03743900961131,0.5760344295809062,2.640687131138349,0.4217169490035051
DTXSID1044435,Procaine hydrochloride,51-05-8,C13H21ClN2O2,272.129156,6,361,2,Inactive,-8.248600153751589e-12,-0.3733489755882632,0.0164957139227309,16.65,1.2214142378423387
DTXSID1044487,Methyltrioctylammonium chloride,5137-55-3,C25H54ClN,403.394478,192,384,50,Inactive,0.0,-0.0133708389721468,0.0005907650723934,16.65,1.2214142378423387
DTXSID1044564,"2,6,10-Trimethyl-2,6,10-triazaundecane",3855-32-1,C11H27N3,201.220498,7,592,1,Inactive,0.0003135090717256,8.271274451230756,0.3654505196081357,0.000610002521517,-3.214668369778306
DTXSID1044643,Glycidyl trimethylammonium chloride,3033-77-0,C6H14ClNO,151.076392,9,607,1,Inactive,-0.0029430074781991,-7.49237181958072,0.3310361892484056,50.0,1.6989700043360187
DTXSID1044693,Magnesium dibenzoate,553-70-8,C14H10MgO4,266.042951,0,356,0,Inactive,-4.82409763909e-05,-16.727415084813682,0.7390689996432791,3.4843409854432705,0.5421206494498817
DTXSID1044697,4-Ethyloct-1-yn-3-ol,5877-42-9,C10H18O,154.135765,33,584,6,Inactive,0.0272914215352478,20.878339618031166,0.922469700038702,9.921286238267136,0.9965679796108532
DTXSID1046970,"2-(2,6-Diisopropylphenyl)-5-hydroxy-1H-isoindole-1,3-dione",105624-86-0,C20H21NO3,323.152144,320,698,46,Inactive,-9.835992014046112e-20,-4.319738216280999,0.1908594116927302,0.000736244400785,-3.1329779950468355
DTXSID1047281,CP-612372,353280-07-6,C22H20N4O4,404.148455,54,613,9,Active,0.9999999109448048,36.30478884123479,1.6040579991054096,0.0006342344959967,-3.1977501404016304
DTXSID1047283,CP-728663,368832-42-2,C26H33N3O2,419.257277,148,647,23,Inactive,-9.62158783312612e-08,-9.79490097234663,0.4327690576537061,0.6024168478671565,-0.2201028906695402
DTXSID1047285,PHA-00568487,527680-56-4,C16H20N2O3,288.147393,11,627,2,Inactive,5.793619088823232e-07,8.290847324686464,0.3663153097703758,0.0042837846271139,-2.3681723720155414
DTXSID1047287,UK-333747,197077-55-7,C17H12Cl2N6O4,434.029708,17,614,3,Inactive,-1.116768781486279e-15,-6.881629285029522,0.3040516927340488,13.31567498574738,1.124363186182806
DTXSID1047289,UK-343664,215297-27-1,C28H35N7O4S,565.247124,81,608,13,Inactive,-0.0006996514658961,-14.73152357913477,0.6508843320769298,41.8310432583857,1.6214986959387507
DTXSID1047310,Farglitazar,196808-45-4,C34H30N2O5,546.215472,351,720,49,Inactive,-1.9147892638776347e-09,-0.1786316570605602,0.0078924997926444,44.75,1.6507930396519308
DTXSID1047312,GSK232420A,864283-48-7,C12H9F6N3O,325.064981,44,614,7,Active,1.0,144.9227396430569,6.40313543189333,0.0028663848789724,-2.542665495867672
DTXSID1047318,SB202235,139149-55-6,C16H16N2O4,300.111007,42,600,7,Inactive,-5.10880677285475e-08,-10.474952497229598,0.4628158399959128,0.0006100004207071,-3.214669865463461
DTXSID1047360,SR58611,929601-09-2,C22H27Cl2NO4,439.131714,179,630,28,Inactive,0.0,-3.150138320328349,0.1391828662909613,0.0074971960936608,-2.1251011297726534
DTXSID1047362,SSR150106,NOCAS_47362,C17H17NO3,283.120843,260,680,38,Inactive,0.0,-11.56451543573904,0.5109561047606486,10.469872212037528,1.0199413810154578
DTXSID1047364,SSR 103800,1075752-90-7,,,239,651,37,Inactive,-0.0002445202864929,-1.6970154069620076,0.0749793959702299,46.25,1.6651117370750514
DTXSID1047366,SAR115740,NOCAS_47366,C24H17F2N3O,401.133969,313,638,49,Inactive,-6.18471905943235e-17,-3.098560860019453,0.1369040143702456,0.0006100002007273,-3.2146700220797615
DTXSID1047368,SSR69071,344930-95-6,C27H32N4O7S,556.199171,231,641,36,Inactive,0.0,-4.1542185982024975,0.1835462423874694,0.000152000017667,-3.818156361576931
DTXSID1047497,Octyl decyl phthalate,119-07-3,C26H42O4,418.30831,12,368,3,Inactive,-0.000428829597238,-6.505168806422138,0.2874185029722795,16.65,1.2214142378423387
DTXSID1047526,C10-21 alkanesulfonic acids phenyl esters,91082-17-6,,,27,618,4,Inactive,-9.730354997462336e-10,-8.96870421864594,0.3962651265220841,0.3873891993335653,-0.4118524918647716
DTXSID1047528,Benzyloctyl adipate,58394-64-2,C21H32O4,348.23006,11,589,2,Active,0.9999464805594432,55.81032859165794,2.465873149728129,10.858430016596914,1.0357670366323517
DTXSID1047576,Cotinine,486-56-6,C10H12N2O,176.094963,3,641,0,Inactive,0.0476309879321235,18.03999164381607,0.7970626967864691,50.0,1.6989700043360187
DTXSID1048122,Benzyl-C8-18-alkyldimethylammonium chlorides,63449-41-2,,,182,372,49,Inactive,-7.48436231970418e-09,-0.3425367342509753,0.0151343336815847,16.65,1.2214142378423387
DTXSID1048170,FR150011,149413-74-1,C24H23NO4S,421.134779,290,633,46,Inactive,0.0040456861626835,12.94541173960629,0.5719683798034806,0.0247966837339259,-1.605606397091507
DTXSID1048172,PharmaGSID_48172,NOCAS_48172,C27H28N4O7S,552.16787,137,665,21,Inactive,-5.560928437393001e-13,-6.211864334872176,0.274459403118523,0.0257015569095722,-1.5900405678455134
DTXSID1048174,FR167356,174185-16-1,C19H17Cl2NO3,377.058549,208,624,33,Inactive,-4.1921824526309527e-08,-0.174859223354702,0.0077258219891062,50.0,1.6989700043360187
DTXSID1048176,YM 218,387816-82-2,C74H80F4N8O12,1348.583183,149,625,24,Inactive,1.3571815705e-05,14.44464089279832,0.63820896658079,0.0196897069535807,-1.7057607475180483
DTXSID1048178,FR130739,136042-19-8,C24H22N7Na,431.183438,99,621,16,Inactive,9.74175371731e-05,11.276118329068964,0.498213827484336,0.0065428659856465,-2.184231975053961
DTXSID1048201,Cyclobutyl phenyl ketone,5407-98-7,C11H12O,160.088815,17,360,5,Inactive,-9.08958578166576e-13,-4.795696223992703,0.2118887104127133,0.0138000383932221,-1.8601197053421468
DTXSID1048203,Ethyl 4-chlorophenyl ketone,6285-05-8,C9H9ClO,168.034193,2,356,1,Inactive,-4.7624420566e-06,-12.747695263454592,0.5632326536018217,0.5699721101530327,-0.2441463946836068
DTXSID1048207,Diphenyl phosphate,838-85-7,C12H11O4P,250.039496,3,360,1,Inactive,0.0901936038146559,13.761386250784504,0.6080206606043795,16.65,1.2214142378423387
DTXSID1048209,tert-Butyl phenyl ketone,938-16-9,C11H14O,162.104465,3,358,1,Inactive,-0.0001245562088241,-15.544566777457174,0.6868070983982155,1.3384242370812267,0.1265937925204823
DTXSID2020006,Acetaminophen,103-90-2,C8H9NO2,151.063329,2,675,0,Inactive,-5.440907070616206e-07,-6.855460070929206,0.3028954558146858,50.0,1.6989700043360187
DTXSID2020137,"4,4′-Diamino-1,1′-biphenyl",92-87-5,C12H12N2,184.100048,59,627,9,Inactive,0.2936199920326255,22.769441401193255,1.006024433153092,74.77389572601896,1.873750008013784
DTXSID2020189,FD&C Blue No. 1,3844-45-9,C37H34N2Na2O9S3,792.122183,91,626,15,Inactive,0.6007132894915133,28.249939051480073,1.2481697912617764,6.243439871449226,0.7954239335238732
DTXSID2020212,4-Methyl-2-tert-butylphenol,2409-55-4,C11H16O,164.120115,177,480,37,Inactive,0.0,6.535456234223833,0.2887566953261889,0.0335785224484333,-1.473938417983857
DTXSID2020216,Dibutyl paracresol,128-37-0,C15H24O,220.182715,54,359,15,Inactive,-1.0312586683964508e-07,-16.78420348305194,0.7415780869388647,4.424740557871154,0.6458878111721126
DTXSID2020262,Chloramben,133-90-4,C7H5Cl2NO2,204.969734,9,625,1,Inactive,0.0,-8.731108736353855,0.3857674223324634,0.0930241387787131,-1.0314043420039176
DTXSID2020268,Chlorendic acid,115-28-6,C9H4Cl6O4,385.824075,3,630,0,Inactive,-5.941547745776547e-10,-12.860798878848671,0.5682299215874312,0.27785194784019,-0.5561865543103781
DTXSID2020347,Coumaphos,56-72-4,C14H16ClO5PS,362.014459,197,818,24,Inactive,0.0,-2.152897063922378,0.0951216593418915,0.00278311409131,-2.5554689897813874
DTXSID2020420,Propyzamide,23950-58-5,C12H11Cl2NO,255.021769,87,742,12,Inactive,0.0851449527329882,17.778937769497592,0.7855285281915425,0.0010255533941277,-2.989041723719415
DTXSID2020426,Dichloran,99-30-9,C6H4Cl2N2O2,205.964983,186,730,25,Inactive,-6.074979231884505e-08,-0.6719190064309694,0.029687462492342,50.0,1.6989700043360187
DTXSID2020428,Dichloroacetic acid,79-43-6,C2H2Cl2O2,127.943185,3,605,0,Inactive,-0.0022712858757117,-8.819338334250967,0.3896656791955902,49.99999999999999,1.6989700043360187
DTXSID2020501,Methadone hydrochloride,1095-90-5,C21H28ClNO,345.185942,120,657,18,Inactive,-0.0211773063625009,-18.413552866492697,0.8135677884428475,1.1986226979717622,0.0786824975474766
DTXSID2020505,Dimethylaminoethanol,108-01-0,C4H11NO,89.084064,2,610,0,Inactive,-0.0002900178916742,-12.686379473297617,0.560523532110911,50.0,1.6989700043360187
DTXSID2020507,"N,N-Dimethylaniline",121-69-7,C8H11N,121.089149,10,589,2,Inactive,-1.993189269882885e-15,-5.529002843233881,0.2442884677432051,3.168362515976461,0.5008348666298827
DTXSID2020634,5-Fluorouracil,51-21-8,C4H3FN2O2,130.017856,107,662,16,Inactive,0.0,-1.8893103218863248,0.0834755808074574,0.0429421378847614,-1.3671163379053044
DTXSID2020686,Lindane,58-89-9,C6H6Cl6,287.860066,87,710,12,Inactive,-5.0396546695824937e-14,-4.874960103796404,0.2153908340855783,0.0052665214037519,-2.2784761464523924
DTXSID2020688,Hexachlorocyclopentadiene,77-47-4,C5Cl6,269.813116,183,616,30,Inactive,0.0,-19.12293598334209,0.8449105313517439,10.470891223480496,1.0199836479603464
DTXSID2020713,Hydrochlorothiazide,58-93-5,C7H8ClN3O4S2,296.964476,4,603,1,Inactive,-5.36676412528e-05,-10.261623679706902,0.4533903122044299,50.0,1.6989700043360187
DTXSID2020890,6-Methyl-2-thiouracil,56-04-2,C5H6N2OS,142.020084,10,612,2,Inactive,-5.1593623079367656e-08,-9.716556415397395,0.4293075525114959,2.00213647272221,0.3014936772043066
DTXSID2020894,Bis(4-(dimethylamino)phenyl)methanone,90-94-8,C17H20N2O,268.157563,162,620,26,Inactive,-9.3358001953e-06,-0.0134756856158842,0.0005953975218012,50.0,1.6989700043360187
DTXSID2020921,2-Naphthylamine,91-59-8,C10H9N,143.073499,69,635,11,Active,0.9727321945711525,44.249887421728765,1.9550970586480827,50.0,1.6989700043360187
DTXSID2020929,Niacinamide,98-92-0,C6H6N2O,122.048013,3,359,1,Inactive,-0.0002319463087169,-9.696693191180051,0.4284299337534531,17.5,1.2430380486862944
DTXSID2021026,N-Nitrosodibutylamine,924-16-3,C8H18N2O,158.141913,7,592,1,Inactive,2.0797421558338273e-13,6.218510401989524,0.2747530469452037,0.0055812618694535,-2.253267600169133
DTXSID2021028,N-Nitrosodiethylamine,55-18-5,C4H10N2O,102.079313,6,647,1,Inactive,0.0104609655585157,17.13793942114071,0.7572072361275218,9.92125710829888,0.9965667044734624
DTXSID2021103,Pentachloroanisole,1825-21-4,C7H3Cl5O,277.862653,14,354,4,Inactive,-2.8169832558494436e-08,-9.917601652632117,0.4381903536862577,0.3772409897954508,-0.4233811243259898
DTXSID2021105,Fartox,82-68-8,C6Cl5NO2,292.837167,96,674,14,Inactive,1.6143178812e-06,7.459971742829502,0.3296046535214882,0.0108261053890847,-1.965527749489998
DTXSID2021151,2-Phenylphenol,90-43-7,C12H10O,170.073165,63,704,9,Inactive,-8.105776233751842e-13,-5.918165619383981,0.2614828843466871,0.0531491645856473,-1.2745035574566743
DTXSID2021234,FD&C Red 4,4548-53-2,C18H14N2Na2O7S2,480.003782,49,362,14,Inactive,0.0,4.434371947513217,0.1959242849345073,0.0138000029050601,-1.8601208221747432
DTXSID2021238,Resorcinol,108-46-3,C6H6O2,110.036779,12,595,2,Inactive,0.0010710331046638,11.771882950391056,0.5201182437304358,0.0620390692813564,-1.2073347261550649
DTXSID2021286,Styrene oxide,96-09-3,C8H8O,120.057515,8,587,1,Inactive,-7.887285676740608e-14,-6.88363752263982,0.3041404228907504,0.6061378391681158,-0.2174286035845082
DTXSID2021288,Sucrose,57-50-1,C12H22O11,342.116212,3,585,1,Inactive,0.0,6.8745224309980255,0.3037376899145434,0.0683912484344266,-1.164999468452467
DTXSID2021440,Vinylpyrrolidone,88-12-0,C6H9NO,111.068414,6,579,1,Inactive,0.0,-6.376391236504793,0.281728711136976,0.0041655777329878,-2.3803247568385957
DTXSID2021575,Dalapon,75-99-0,C3H4Cl2O2,141.958835,4,606,1,Inactive,8.406474195200445e-08,0.0374671946722603,0.0016554166884402,50.0,1.6989700043360187
DTXSID2021600,Heptanoic acid,111-14-8,C7H14O2,130.09938,5,588,1,Inactive,2.315090852598718e-09,11.58006874326731,0.5116432980524859,0.09476456192927,-1.0233540406780564
DTXSID2021602,Hexadecanoic acid,57-10-3,C16H32O2,256.24023,6,360,2,Inactive,-0.00745123491408,-13.010562491085611,0.5748469417616606,16.65,1.2214142378423387
DTXSID2021735,Dimethyl sulfoxide,67-68-5,C2H6OS,78.013936,5,366,1,Inactive,-1.4872183791e-06,-11.90166157606996,0.5258522653093386,0.1350897746128018,-0.869377522904703
DTXSID2021739,1-Propanol,71-23-8,C3H8O,60.057515,2,363,1,Inactive,2.2734917566237022e-13,0.6209226832716143,0.0274342870105494,16.65,1.2214142378423387
DTXSID2021781,"Dibutyl 1,2-benzenedicarboxylate",84-74-2,C16H22O4,278.151809,102,826,12,Inactive,-8.318936561821489e-11,-0.1363892131580711,0.0060260978052959,50.0,1.6989700043360187
DTXSID2021864,"2,4-Dimethylphenol",105-67-9,C8H10O,122.073165,18,616,3,Inactive,-3.7422071438188324e-07,-9.040287511092998,0.3994278980604105,0.0006100000359226,-3.2146701394138395
DTXSID2021866,Dibutyl adipate,105-99-7,C14H26O4,258.183109,10,593,2,Inactive,-1.5449864649e-06,-10.884539743870434,0.4809126729558548,50.0,1.6989700043360187
DTXSID2021941,2-(2-Ethoxyethoxy)ethanol,111-90-0,C6H14O3,134.094294,2,587,0,Inactive,-0.0047514771235345,-11.86473204994354,0.5242206044822972,50.0,1.6989700043360187
DTXSID2021943,2-Undecanone,112-12-9,C11H22O,170.167065,3,359,1,Inactive,-4.887499939095951e-09,-9.588570597408827,0.4236527427282908,0.5769198124035346,-0.2388845463776498
DTXSID2021947,1-Tridecanol,112-70-9,C13H28O,200.214016,92,588,16,Inactive,-0.0119753099037815,-14.497781385749713,0.6405568781240261,51.5,1.711807229041191
DTXSID2021993,Dibenzofuran,132-64-9,C12H8O,168.057515,11,589,2,Inactive,-3.01110221738e-05,-11.9762226220535,0.5291466032203672,0.0006100156808051,-3.2146590010554528
DTXSID2021995,DEET,134-62-3,C12H17NO,191.131014,27,709,4,Inactive,-1.83929137112e-05,-8.438481207021168,0.3728382318822102,50.0,1.6989700043360187
DTXSID2021997,1-(2-Aminoethyl)piperazine,140-31-8,C6H15N3,129.126597,6,356,2,Inactive,-0.0027484608492775,-16.42566312854916,0.7257366637547956,7.727960797623375,0.8880649103252645
DTXSID2022048,Flavone,525-82-6,C15H10O2,222.06808,70,373,19,Inactive,-0.0014602804590647,-13.260362471421631,0.5858838784695601,0.0641468795157505,-1.1928244654317277
DTXSID2022123,2-Hydroxyethyl acrylate,818-61-1,C5H8O3,116.047344,43,370,12,Inactive,-0.0058066779763197,-15.211946281891066,0.6721108948501804,0.0593508525049049,-1.2265730385372422
DTXSID2022171,1-Decanamine,2016-57-1,C10H23N,157.18305,15,357,4,Inactive,0.0,6.423047060732028,0.2837901099343586,0.0138000032312773,-1.8601208119084915
DTXSID2022179,Pentachloropyridine,2176-62-7,C5Cl5N,248.847338,76,630,12,Inactive,-8.87037395346e-05,-6.190946579956858,0.2735351919285896,50.00000000000001,1.6989700043360187
DTXSID2022254,Terbufos,13071-79-9,C9H21O2PS3,288.04413,94,665,14,Inactive,4.2675999103304556e-11,9.921406164990596,0.4383584488240095,0.0006078145738344,-3.216228890863477
DTXSID2022331,2-(Butan-2-yl)phenol,89-72-5,C10H14O,150.104465,33,590,6,Inactive,-0.0004362601636426,-9.131596524888549,0.4034622130542171,49.99999999999999,1.6989700043360187
DTXSID2022381,meso-Hexestrol,84-16-2,C18H22O2,270.16198,335,722,46,Inactive,0.0,-3.091092780881704,0.1365740515069097,0.493041667128974,-0.3071163767886378
DTXSID2022628,Atenolol,29122-68-7,C14H22N2O3,266.163043,1,365,0,Inactive,-8.499500502661333e-11,-16.59604104858731,0.7332644878857468,4.369467285143971,0.6404284920676859
DTXSID2022678,Bicalutamide,90357-06-5,C18H14F4N2O4S,430.061041,60,409,15,Inactive,-8.487480775671479e-07,-13.779591552971318,0.6088250272328868,0.3683309424146463,-0.433761795792187
DTXSID2023193,Lactose,63-42-3,C12H22O11,342.116212,1,363,0,Inactive,-3.254485508674224e-09,-0.4301760487139077,0.0190065099946091,16.65,1.2214142378423387
DTXSID2023430,Pentaerythritol tetranitrate,78-11-5,C5H8N4O12,316.013872,7,367,2,Inactive,-0.0001704643223241,-17.19197074804862,0.7595945074736775,0.6585343409284264,-0.1814215727343214
DTXSID2023723,Tromethamine,77-86-1,C4H11NO3,121.073893,2,364,1,Inactive,0.1239677051810526,16.664890144683525,0.7363064541620766,0.0075445824052733,-2.122364793543064
DTXSID2024086,Ethion,563-12-2,C9H22O4P2S4,383.987618,106,619,17,Inactive,-1.6035122483119018e-15,-6.371175417335964,0.2814982600938303,0.3083456133970795,-0.5109622255772052
DTXSID2024163,Linuron,330-55-2,C9H10Cl2N2O2,248.011933,128,799,16,Inactive,-4.10061270811e-05,-14.982639537216452,0.661979412756932,13.477719651023444,1.1296164184045947
DTXSID2024242,Paclobutrazol,76738-62-0,C15H20ClN3O,293.12949,95,696,14,Inactive,0.0,-18.464720270206517,0.8158285227933358,10.470456779152364,1.019965628416007
DTXSID2024664,Butyraldehyde oxime,110-69-0,C4H9NO,87.068414,4,359,1,Inactive,-1.07714722697e-05,-13.53877855997823,0.5981851634565591,4.2453494836373675,0.6279134478350294
DTXSID2024666,"1,4-Butanediol",110-63-4,C4H10O2,90.06808,2,476,0,Inactive,-7.948847330167313e-07,-13.125506800433206,0.5799255373063684,0.0151655104190294,-1.819142968245665
DTXSID2024793,Chloroneb,2675-77-6,C8H8Cl2O2,205.990135,19,652,3,Inactive,-1.565770486787669e-15,-7.497649485414577,0.3312693728687381,1.083722355324308,0.0349180322067715
DTXSID2024955,Di-tert-butyl peroxide,110-05-4,C8H18O2,146.13068,4,632,1,Inactive,0.0,7.286376135787284,0.3219346620142147,0.0013707523058909,-2.86304101487006
DTXSID2025050,Diethylenetriamine,111-40-0,C4H13N3,103.110947,4,477,1,Inactive,-4.4727585159e-06,-3.2919156246374564,0.145447026649066,16.75,1.224014811372864
DTXSID2025133,"1,2-Dimethyl-4-nitrobenzene",99-51-4,C8H9NO2,151.063329,18,589,3,Inactive,0.0,-4.971679980121921,0.219664217742233,0.0620269262108444,-1.2074197400787048
DTXSID2025135,"1,3-Dimethyl-4-nitrobenzene",89-87-2,C8H9NO2,151.063329,15,355,4,Inactive,-0.0056701161924282,-12.146467155906844,0.5366685339366054,16.65,1.2214142378423387
DTXSID2025216,Divinylbenzene,1321-74-0,C10H10,,9,359,3,Inactive,-0.0251761386182136,-17.854564261488264,0.7888699408066225,2.8479690284882926,0.4545352620611079
DTXSID2025347,Furfuryl alcohol,98-00-0,C5H6O2,98.036779,21,467,4,Inactive,-1.2209048452e-06,-7.103943488708242,0.3138742227117076,16.5,1.2174839442139065
DTXSID2025395,Hexamethyldisilazane,999-97-3,C6H19NSi2,161.105603,4,363,1,Inactive,-1.816667111682246e-11,-15.32114348883197,0.6769355656130243,4.519811483479617,0.6551203212290997
DTXSID2025478,Isopropyl acetate,108-21-4,C5H10O2,102.06808,5,368,1,Inactive,-1.090803567500641e-13,-9.597696064015995,0.424055934102597,0.4388807787777396,-0.3576534390993369
DTXSID2025505,Linoleic acid,60-33-3,C18H32O2,280.24023,74,383,19,Inactive,-3.0566013742e-06,-8.396013344525997,0.3709618702033643,16.65,1.2214142378423387
DTXSID2025680,Mono(2-ethylhexyl) phthalate,4376-20-9,C16H22O4,278.151809,82,757,11,Inactive,-2.2181124856417794e-07,-0.7326941168474096,0.0323726950779473,51.0,1.7075701760979365
DTXSID2025688,Morpholine,110-91-8,C4H9NO,87.068414,1,357,0,Inactive,-4.0396255849548255e-12,-11.522215899577082,0.5090871802604743,0.3319188868216091,-0.4789680346988568
DTXSID2025892,N-Phenyl-1-naphthylamine,90-30-2,C16H13N,219.104799,234,485,48,Inactive,-3.691914655584966e-07,-8.923215116491276,0.3942552771189542,3.235372207129516,0.509924250446421
DTXSID2026076,Tannic acid,1401-55-4,,,254,622,41,Inactive,0.0,-19.327069055231497,0.8539297626239076,3.1933279925367697,0.504243528008021
DTXSID2026238,Trimethylamine,75-50-3,C3H9N,59.073499,1,358,0,Inactive,-5.63975436947e-05,-10.964360309882228,0.4844393927493305,8.009908529944532,0.9036275566376496
DTXSID2026446,Acetyl tributyl citrate,77-90-7,C20H34O8,402.225368,40,598,7,Inactive,-0.0374935678037122,-18.399707260770217,0.8129560467051739,92.75659219004812,1.967344784594625
DTXSID2026496,alpha-Terpinyl acetate,80-26-2,C12H20O2,196.14633,46,467,10,Inactive,3.356970183193061e-09,8.074534294869881,0.3567579302382873,0.0138000385155196,-1.8601197014933797
DTXSID2026523,Symclosene,87-90-1,C3Cl3N3O3,230.900524,16,658,2,Inactive,-0.0106232090519833,-8.06818379156703,0.3564773453362284,50.0,1.6989700043360187
DTXSID2026525,2-tert-Butylphenol,88-18-6,C10H14O,150.104465,63,621,10,Inactive,-0.0010393720264652,-10.636469796249443,0.4699521744508435,50.0,1.6989700043360187
DTXSID2026529,2-tert-Butyl-5-methylphenol,88-60-8,C11H16O,164.120115,119,623,19,Inactive,0.0,-4.264998067508987,0.1884408224015501,0.0006100039570246,-3.2146673477623473
DTXSID2026602,"2,4-Di-tert-butylphenol",96-76-4,C14H22O,206.167065,276,614,45,Inactive,-1.5019173631528633e-13,-3.348501077144541,0.1479471471737693,0.0066304374753337,-2.1784578159609245
DTXSID2026781,4-Methyl-2-pentanol,108-11-2,C6H14O,102.104465,9,583,2,Inactive,-1.61324789975e-05,-6.2676948923222175,0.276926170041859,50.0,1.6989700043360187
DTXSID2026789,Propylene carbonate,108-32-7,C4H6O3,102.031694,9,354,3,Inactive,0.0002556172647496,11.040194412928845,0.4877899782637888,16.55,1.2187979981117376
DTXSID2026864,Methyl octanoate,111-11-5,C9H18O2,158.13068,6,587,1,Inactive,-1.57771313328e-05,-0.3902247249793604,0.0172413367913851,50.0,1.6989700043360187
DTXSID2026943,Pentaerythritol,115-77-5,C5H12O4,136.073559,8,597,1,Inactive,0.0,7.703068656969446,0.3403454280068951,10.05714193744079,1.0024745794126444
DTXSID2026997,4-Methoxybenzaldehyde,123-11-5,C8H8O2,136.052429,1,364,0,Inactive,-0.0009291039507173,-15.493199402744192,0.6845375287097171,16.65,1.2214142378423387
DTXSID2027094,Bis(2-ethylhexyl) maleate,142-16-5,C20H36O4,340.26136,47,471,10,Inactive,-0.0002239561624888,-15.05995265631742,0.6653953457808652,0.6169606039882529,-0.2097425669501645
DTXSID2027200,"4,4'-Bipyridine",553-26-4,C10H8N2,156.068748,14,615,2,Inactive,-2.4832008412757257e-11,-5.909613406922196,0.2611050211157683,0.0516383783474029,-1.2870274047834809
DTXSID2027204,Methyl isothiocyanate,556-61-6,C2H3NS,72.99862,32,670,5,Inactive,0.0,-6.677808077755306,0.2950462406063617,10.712302172814876,1.0298828147633967
DTXSID2027258,Isopropyl formate,625-55-8,C4H8O2,88.052429,19,362,5,Inactive,0.0,-10.739168560563424,0.4744897238941548,4.415069449959488,0.644937539509725
DTXSID2027333,3-Aminopropyltriethoxysilane,919-30-2,C9H23NO3Si,221.14472,4,367,1,Inactive,-0.0178674304509042,-19.279097464792983,0.8518102292006666,5.358250717011967,0.7290230307479957
DTXSID2027412,"3,6,9,12-Tetraoxahexadecan-1-ol",1559-34-8,C12H26O5,250.178024,6,355,2,Inactive,1.3338806297363488e-14,11.89671842831403,0.5256338617336194,0.1211997972686057,-0.9164981066152728
DTXSID2027414,"2,3-Dihydro-2,2-dimethyl-7-benzofuranol",1563-38-8,C10H12O2,164.08373,6,472,1,Inactive,-1.2293258314381788e-09,-13.37875422933824,0.5911147929680516,0.478015401232339,-0.3205581105793734
DTXSID2027466,"3,4-Epoxycyclohexylmethyl 3,4-epoxycyclohexanecarboxylate",2386-87-0,C14H20O4,252.136159,12,358,3,Inactive,-7.56725602142882e-09,-0.3401977943574569,0.0150309920738967,16.65,1.2214142378423387
DTXSID2027593,4-Chlorobenzotrichloride,5216-25-1,C7H4Cl4,227.906711,11,614,2,Inactive,-0.0016748888462034,-17.3822799952526,0.7680029593618358,50.0,1.6989700043360187
DTXSID2027963,Isooctadecanoic acid,30399-84-9,,,22,372,6,Inactive,-3.2504762021036625e-11,-9.488253919001814,0.4192204412171554,0.2103683756465793,-0.6770195464311282
DTXSID2029167,Metam-sodium,137-42-8,C2H4NNaS2,128.968286,9,363,2,Inactive,0.0,6.777354402756268,0.2994445055183994,0.2996497749475695,-0.5233860441449212
DTXSID2029246,Triethoxyoctylsilane,2943-75-1,C14H32O3Si,276.212071,45,607,7,Inactive,0.0,-2.1738264033953207,0.0960463823734557,0.0116638498820013,-1.9331580785183824
DTXSID2029290,(-)-alpha-Pinene,7785-26-4,C10H16,136.125201,8,354,2,Inactive,-1.9942499410527992e-14,-9.884088838562716,0.4367096537787155,0.2936922947338733,-0.5321074474113408
DTXSID2029298,"alpha-Sulfo-omega-(dodecyloxy)poly(oxy-1,2-ethanediyl) sodium salt",9004-82-4,(C2H4O)nC12H25NaO4S,,64,379,17,Inactive,-0.0007187397705609,-13.569317347506992,0.5995344616616173,16.65,1.2214142378423387
DTXSID2029325,Methyl (2-pentyl-3-oxocyclopentyl)acetate,24851-98-7,C13H22O3,226.156895,7,371,2,Inactive,0.5856518082189786,26.140092336050017,1.1549502296339185,16.65,1.2214142378423387
DTXSID2029329,Tripropylene glycol monomethyl ether,25498-49-1,,,6,591,1,Inactive,6.789638773628962e-18,3.812270451651782,0.1684379143332113,0.0277436361139471,-1.556836620381118
DTXSID2029612,Limonene,138-86-3,C10H16,136.125201,4,365,1,Inactive,-7.65151626486434e-16,-7.640099955160005,0.3375632757604676,4.526201886800995,0.6557339213306429
DTXSID2029616,Imidazole,288-32-4,C3H4N2,68.037448,6,357,2,Inactive,-0.0011008246863806,-14.213960404226007,0.6280167882279527,31.71488985241622,1.5012632074071102
DTXSID2029874,Fenofibrate,49562-28-9,C20H21ClO4,360.112837,154,648,24,Inactive,0.0,6.466910801140436,0.2857281458221442,0.0028593528232653,-2.543732252566753
DTXSID2032344,Chlorethoxyfos,54593-83-8,C6H11Cl4O3PS,333.892063,128,717,18,Inactive,1.1653543113395435e-07,8.975300188781773,0.3965565569089819,90.96846447319248,1.9588908639814369
DTXSID2032348,Chlorophacinone,3691-35-8,C23H15ClO3,374.070972,161,382,42,Inactive,1.400347426196872e-09,6.038660059534411,0.2668067018578222,0.8665314058784686,-0.0622156924393343
DTXSID2032390,Fenarimol,60168-88-9,C17H12Cl2N2O,330.032668,291,791,37,Inactive,0.0,-9.175741457925843,0.4054126729031399,12.718756048921708,1.104444637451767
DTXSID2032392,Fenoxaprop-ethyl,66441-23-4,C18H16ClNO5,361.0717,64,660,10,Inactive,-0.0016086864404139,-6.054811943883206,0.2675203421272536,50.0,1.6989700043360187
DTXSID2032398,Fludioxonil,131341-86-1,C12H6F2N2O2,248.039734,234,746,31,Inactive,0.0,-16.668950794828078,0.7364858662604206,10.470613323788989,1.019972121538997
DTXSID2032500,Triflumizole,68694-11-1,C15H15ClF3N3O,345.085574,391,805,49,Inactive,0.0,9.705407746064994,0.4288149697753664,0.0989049747611473,-1.004781863539534
DTXSID2032550,"Fenpyroximate (Z,E)",111812-58-9,C24H27N3O4,421.200156,295,756,39,Inactive,-0.0020725929513834,-21.832225234720305,0.9646153205620184,0.0004653652278281,-3.332206070397229
DTXSID2032552,Flufenacet,142459-58-3,C14H13F4N3O2S,363.06646,122,752,16,Inactive,-3.5656557356e-06,-12.249219653509948,0.5412084574830306,2.4745894965235333,0.3935031652166679
DTXSID2032554,Flumiclorac-pentyl,87546-18-7,C21H23ClFNO5,423.124879,63,678,9,Inactive,7.029070436252604e-08,0.7246306970536566,0.0320164282207876,50.0,1.6989700043360187
DTXSID2032556,Fluthiacet-methyl,117337-19-6,C15H15ClFN3O3S2,403.02274,45,670,7,Inactive,4.361877879780634e-07,12.011145876706584,0.5306896207607267,50.0,1.6989700043360187
DTXSID2032558,Kresoxim-methyl,143390-89-0,C18H19NO4,313.131408,144,472,31,Inactive,-0.3858648516166111,-24.34716488408587,1.07573314249658,2.454935402445879,0.3900400688702305
DTXSID2032637,Pymetrozine,123312-89-0,C10H11N5O,217.09636,18,747,2,Inactive,2.37519136578e-05,11.308468711507386,0.4996431675626215,0.0479544410686582,-1.3191711665475578
DTXSID2032639,Pyridate,55512-33-9,C19H23ClN2O2S,378.116877,31,365,8,Inactive,0.001100802171264,13.606845530894663,0.6011925730203733,16.65,1.2214142378423387
DTXSID2032683,Mevinphos,7786-34-7,C7H13O6P,224.044975,28,652,4,Inactive,-0.0067725806093801,-15.104889023759526,0.6673807736526941,10.93381630836574,1.038771773329705
DTXSID2034465,Clothianidin,210880-92-5,C6H8ClN5O2S,249.008723,19,684,3,Inactive,-0.0056089978140253,-14.55979139463342,0.6432966723481295,50.0,1.6989700043360187
DTXSID2034590,Fenamidone,161326-34-7,C17H17N3OS,311.109233,198,752,26,Inactive,-3.5984453933057554e-07,-10.320396484132758,0.4559870767106614,1.3520975587092,0.1310080286473958
DTXSID2034598,Fenoxaprop-P-ethyl,71283-80-2,C18H16ClNO5,361.0717,44,378,12,Inactive,-0.000764426550778,-17.575144455232834,0.7765243084633919,0.7202134291395437,-0.1425387850102397
DTXSID2034625,Fluoxastrobin,361377-29-9,C21H16ClFN4O5,458.079325,274,760,36,Inactive,-4.714920210319182e-13,-4.889396401805732,0.2160286744377313,0.0006100001448931,-3.214670061831411
DTXSID2034627,Fluroxypyr,69377-81-7,C7H5Cl2FN2O3,253.966126,7,665,1,Inactive,0.0003014225875242,0.7575498009361503,0.0334708961736799,50.0,1.6989700043360187
DTXSID2034673,Iodosulfuron methyl ester sodium salt,144550-36-7,C14H13IN5NaO6S,528.95289,16,661,2,Inactive,2.228532197813151e-09,3.43897130912955,0.1519444021896599,50.0,1.6989700043360187
DTXSID2034700,"Acetic acid, 2-(4-chloro-2-methylphenoxy)-, sodium salt (1:1)",3653-48-3,C9H8ClNaO3,222.005966,3,360,1,Inactive,0.6406263397669427,26.72607596435651,1.1808408009973923,0.1838284082155472,-0.7355873733748054
DTXSID2034881,Quinoxyfen,124495-18-7,C15H8Cl2FNO,306.996697,191,678,28,Inactive,0.6580977302542874,23.1010383676802,1.0206754140167609,0.0269195371599115,-1.5699324114103352
DTXSID2034962,Thiamethoxam,153719-23-4,C8H10ClN5O3S,291.019288,5,715,1,Inactive,0.0,-5.079766539052975,0.2244398166365644,0.0006100005714831,-3.214669758117311
DTXSID2036112,2-(8-Heptadecenyl)-2-imidazoline-1-ethanol,95-38-5,C22H42N2O,350.329714,157,376,42,Inactive,0.0,-8.71683538863767,0.3851367816288834,0.3351051496444914,-0.4748188982017258
DTXSID2036299,"N,N-Dimethyloctylamine",7378-99-6,C10H23N,157.18305,6,610,1,Inactive,-0.0009718729093128,-10.104190819204009,0.4464344408918032,50.0,1.6989700043360187
DTXSID2036588,"Glycols, polyethylene, mono(p-nonylphenyl) ether",26027-38-3,(C2H4O)nC15H24O,,156,384,41,Inactive,-4.63200445179732e-08,-0.5236826314181898,0.0231379203882004,16.65,1.2214142378423387
DTXSID2037712,"4,4',4''-Ethane-1,1,1-triyltriphenol",27955-94-8,C20H18O3,306.125594,295,648,46,Inactive,-1.3016049602e-06,-11.213777541903356,0.4954594184513892,0.3030842505203243,-0.5184366307383745
DTXSID2037714,4-Heptylphenol,1987-50-4,C13H20O,192.151415,162,611,27,Inactive,0.0,-1.54284159976239,0.0681675197251271,0.1561745136442907,-0.806389837851476
DTXSID2038732,Diethyl butanedioate,123-25-1,C8H14O4,174.089209,19,652,3,Inactive,4.194330264709575e-15,5.1701318429502985,0.2284324356046014,0.0006100034934546,-3.2146676778027543
DTXSID2038788,"1,4-Cyclohexanedicarboxylic acid",1076-97-7,C8H12O4,172.073559,7,366,2,Inactive,-0.0043705797328397,-17.369263508105035,0.7674278506504035,2.75441783377529,0.4400298215921756
DTXSID2039336,S-Bioallethrin,28434-00-6,C19H26O3,302.188195,210,738,28,Inactive,0.0,-2.7042538802189067,0.1194823109189978,0.0006100038105326,-3.21466745205787
DTXSID2040151,Imidazolidinyl urea,39236-46-9,C11H16N8O8,388.10911,14,355,4,Inactive,-0.0025805733785422,-14.788981291633272,0.6534229917492549,0.1595795758479262,-0.7970226935877244
DTXSID2040361,Metam-sodium hydrate,6734-80-1,C2H10NNaO3S2,182.99998,65,743,9,Inactive,0.0,-2.5360150964856683,0.1120490004544413,0.041088566061978,-1.3862790147915922
DTXSID2040363,Diniconazole,83657-24-3,C15H17Cl2N3O,325.074868,306,736,42,Inactive,-3.508816202223244e-15,-0.0523510005231383,0.0023130293228681,50.0,1.6989700043360187
DTXSID2040731,Diisopropyl phthalate,605-45-8,C14H18O4,250.120509,23,368,6,Inactive,-9.512415006493664e-16,-13.909073187196777,0.614545926809658,0.3476169456945823,-0.4588990606403245
DTXSID2041125,Sodium iodide,7681-82-5,INa,149.89424,6,361,2,Inactive,0.0,-4.865256035284753,0.2149620782873267,0.0138000004736508,-1.8601208986926816
DTXSID2041200,"N,N′-Disalicylidene-1,2-diaminopropane",94-91-7,C17H18N2O2,282.136828,37,496,7,Inactive,-2.2135124006807402e-13,-0.3463857103984575,0.0153043933672293,16.65,1.2214142378423387
DTXSID2041208,Decyl beta-D-glucopyranoside,58846-77-8,C16H32O6,320.219889,18,356,5,Inactive,-0.0179777178324025,-13.306494099335174,0.5879221166504809,16.65,1.2214142378423387
DTXSID2041250,"1,4-Bis(N-isopropylamino)anthraquinone",14233-37-5,C20H22N2O2,322.168128,53,363,15,Inactive,0.0,-17.7706178956833,0.7851609304015726,2.310283776680531,0.3636653284103563
DTXSID2041252,"1,4-Diamino-9,10-anthracenedione",128-95-0,C14H10N2O2,238.074228,81,378,21,Inactive,-1.2176768230024364e-14,-4.694382717892905,0.2074123659671503,0.2134239317158533,-0.6707568837428648
DTXSID2041389,2'-Acetonaphthone,93-08-3,C12H10O,170.073165,10,372,3,Inactive,-0.033806814051352,-15.655903706749555,0.6917263087208063,16.65,1.2214142378423387
DTXSID2041703,Butylnaphthalenesulfonic acid sodium salt,25638-17-9,,,18,365,5,Inactive,-0.0005196812081511,-15.514926143589244,0.6854974834032811,0.19058619510952,-0.7199085601766431
DTXSID2041709,"C.I. Acid Orange 8, monosodium salt",5850-86-2,C17H13N2NaO4S,364.049372,46,370,12,Inactive,-4.859151564290171e-09,-1.0820533880951717,0.0478084695719755,16.65,1.2214142378423387
DTXSID2042060,Isoborneol,124-76-5,C10H18O,154.135765,1,363,0,Inactive,-1.1651017927725045e-12,-10.931682930011853,0.4829956049118608,0.4107141935313153,-0.3864602884640576
DTXSID2042062,Isobornyl propanoate,2756-56-1,C13H22O2,210.16198,0,360,0,Inactive,-6.743779027473982e-09,-0.4272127835598699,0.0188755837635107,16.4,1.2148438480476975
DTXSID2042191,"N,N'-Dimethylthiourea",534-13-4,C3H8N2S,104.040819,22,365,6,Inactive,0.0,-3.642153914261185,0.1609216388970746,0.2908787733685775,-0.5362879698675784
DTXSID2042276,o-Ethoxyphenol,94-71-3,C8H10O2,138.06808,11,361,3,Inactive,-7.24827516438328e-08,-12.09860616542867,0.5345538871621164,1.0106794471133098,0.0046134341028461
DTXSID2042436,Sulisobenzone,4065-45-6,C14H12O6S,308.035459,4,359,1,Active,0.9919444927316444,51.80131915309602,2.288742697695024,0.0227551529973076,-1.64292024011087
DTXSID2044391,2-Isopropylphenol,88-69-7,C9H12O,136.088815,5,364,1,Inactive,3.030329329e-06,4.083049488197708,0.1804017707120762,16.65,1.2214142378423387
DTXSID2044553,Sodium 2-methylbenzenesulfonate,15046-75-0,C7H7NaO3S,194.00136,3,354,1,Inactive,-0.010112282405612,-16.613673427850593,0.7340435410052737,7.850027379803088,0.8948711715066104
DTXSID2044713,Acid Red 337,67786-14-5,C17H11F3N3NaO4S,433.032006,41,373,11,Inactive,-4.0633720796e-06,-14.156524455187869,0.6254790901327031,16.65,1.2214142378423387
DTXSID2045232,Tiratricol,51-24-1,C14H9I3O4,621.76349,212,688,31,Inactive,0.0,-1.7290417980910553,0.0763944211091361,0.0006100000644382,-3.2146701191118874
DTXSID2047270,Besonprodil,253450-09-8,C21H23FN2O3S,402.141342,132,644,20,Inactive,-3.157537094839924e-09,-10.180542421805471,0.4498078911391792,50.0,1.6989700043360187
DTXSID2047272,CJ-013610,249296-43-3,C23H27N3O5S2,489.139213,239,639,37,Inactive,4.791268936081786e-19,7.7118782695928685,0.3407346639740679,0.0064475212883782,-2.19060721523734
DTXSID2047274,CP-114271,113734-18-2,C17H19F3N2O4S,404.101763,16,605,3,Inactive,3.0454907989653864e-08,12.640204583725488,0.5584833824959419,9.921260167328152,0.9965668383798127
DTXSID2047276,CP-409092,194098-25-4,C17H19N3O2,297.147727,38,620,6,Inactive,0.0,-16.387342595815994,0.7240435439482207,10.469060363026278,1.019907703888447
DTXSID2047278,CP-457677,214535-77-0,C22H21FN2O3,380.153621,52,619,8,Inactive,3.6087903449585915e-08,12.716618768508802,0.5618595978179155,0.008466179202268,-2.072312543122524
DTXSID2047301,CP-456773,210826-40-7,C20H24N2O5S,404.140593,39,611,6,Inactive,-0.0135743049803387,-8.077354079382438,0.3568825170503164,50.0,1.6989700043360187
DTXSID2047303,CJ-013790,179465-71-5,C18H17FN2O4,344.117235,203,678,30,Inactive,1.03166516102e-05,14.303742412136836,0.6319836353729644,0.7637875540635604,-0.1170274227440004
DTXSID2047305,CP-608039,NOCAS_47305,C23H25ClN8O5,528.163644,7,603,1,Inactive,-0.0006986087312824,-15.738035920512695,0.695355164270611,46.5,1.667452952889954
DTXSID2047307,PD-0333941,501027-49-2,C23H22N2O4,390.157957,141,629,22,Inactive,-6.54753805521e-05,-1.7705239501941288,0.0782272310503267,50.0,1.6989700043360187
DTXSID2047309,UK-156819,162706-14-1,C19H20N2O2,308.152478,37,611,6,Inactive,0.0,-13.5196041017873,0.597337976514523,10.472937063435152,1.0200684936718196
DTXSID2047351,SSR 240612,464930-42-5,C42H53ClN4O7S,792.332349,347,656,53,Inactive,-0.0012840174055308,-13.368425978340577,0.5906584588546094,0.0874700505639389,-1.0581406224213132
DTXSID2047353,SSR 241586 HCl,NOCAS_47353,C32H43Cl3N4O3,636.240074,421,687,61,Inactive,-7.33521064975695e-18,-8.538123814894531,0.3772407508697179,0.3579984027201289,-0.446118911041549
DTXSID2047355,Trelanserin,189003-92-7,C24H24FN5O2S,465.163474,127,637,20,Inactive,-0.0001355345026608,-19.235446429043215,0.8498815912634001,23.119428078216536,1.3639770864289922
DTXSID2047357,Surinabant,288104-79-0,C23H23BrCl2N4O,520.04323,261,667,39,Inactive,2.305186552e-06,0.0087860500654229,0.0003881949003921,50.0,1.6989700043360187
DTXSID2047359,"4-Bromophenyl 1,4-diazabicyclo(3.2.2)nonane-4-carboxylate",298198-52-4,C14H17BrN2O2,324.047341,59,650,9,Inactive,3.0707514004703973e-07,0.2430052601863923,0.0107367249299064,50.0,1.6989700043360187
DTXSID2047517,"Hexanedioic acid, di-C7-9-branched and linear alkyl esters",68515-75-3,,,16,362,4,Inactive,-0.0003367681130505,-9.14614359667146,0.4041049477347295,16.65,1.2214142378423387
DTXSID2047565,"1H,1H,2H,2H-Perfluorooctyl iodide",2043-57-4,C8H4F13I,473.91501,6,672,1,Inactive,-6.975951279704477e-10,-7.333759251209717,0.3240281947888652,12.5,1.0969100130080565
DTXSID2047696,Cremophor EL,61791-12-6,,,17,363,5,Inactive,0.0,-0.0031922388024603,0.0001410429959676,8.3,0.919078092376074
DTXSID2048167,FR 409,138472-01-2,C8H13N3O4,215.090606,20,596,3,Inactive,-5.789692789068666e-18,-7.94378116203516,0.3509808519154019,0.0941172551426717,-1.026330747175724
DTXSID3020043,Allantoin,97-59-6,C4H6N4O3,158.04399,1,366,0,Inactive,-0.0943946334293361,-21.154616730817818,0.9346764784522382,0.646845640400707,-0.189199344555865
DTXSID3020047,Allyl isothiocyanate,57-06-7,C4H5NS,99.01427,6,357,2,Inactive,-0.0273563547147778,-14.410899027483856,0.6367181464799185,17.15,1.2342641243787893
DTXSID3020091,Aniline hydrochloride,142-04-1,C6H8ClN,129.034527,12,367,3,Inactive,-4.674246640033711e-08,-14.8676387273906,0.6568983208461249,0.4324744346377615,-0.3640395603931803
DTXSID3020093,p-Anisidinium chloride,20265-97-8,C7H10ClNO,159.045092,22,374,6,Inactive,0.047472125986634,11.93305275811954,0.5272392249440085,0.0025971229207076,-2.5855074949137413
DTXSID3020122,Azinphos-methyl,86-50-0,C10H12N3O3PS2,317.005771,176,835,21,Inactive,4.11633121626e-05,1.423728430175056,0.0629047310249666,50.0,1.6989700043360187
DTXSID3020205,Benzyl butyl phthalate,85-68-7,C19H20O4,312.136159,107,769,14,Inactive,0.0,-5.186140710958558,0.2291397569692172,0.0203725339509987,-1.6909549497679257
DTXSID3020207,Dinoseb,88-85-7,C10H12N2O5,240.074621,255,626,41,Inactive,-0.0063196251157411,-17.417687307596935,0.7695673640700171,0.3974592077448052,-0.4007074374739661
DTXSID3020209,Butylparaben,94-26-8,C11H14O3,194.094294,121,677,18,Inactive,-0.0766300458099404,-19.631871672690917,0.8673968861712213,0.0916030161113428,-1.038090226561972
DTXSID3020257,"1,​2-​Benzenediol",120-80-9,C6H6O2,110.036779,117,603,19,Inactive,0.0015755487816425,15.988514351607217,0.7064220770340366,0.0079072443809618,-2.1019748387081094
DTXSID3020332,Citric acid,77-92-9,C6H8O7,192.027003,2,609,0,Inactive,-1.0285236778e-06,-10.819617516799203,0.4780442079137151,50.0,1.6989700043360187
DTXSID3020336,Clofibrate,637-07-0,C12H15ClO3,242.070972,20,658,3,Inactive,0.0,5.858416525665763,0.2588429843561616,0.0063656122596212,-2.1961598185323874
DTXSID3020415,"1,2-Dibromoethane",106-93-4,C2H4Br2,185.867976,6,469,1,Inactive,-6.275751586940862e-08,-0.1656800080149923,0.0073202558293479,16.8,1.2253092817258628
DTXSID3020465,Diethylstilbestrol,56-53-1,C18H20O2,268.14633,423,838,50,Inactive,0.0003764789647385,9.750321247512002,0.4307993873567208,0.0035807546550928,-2.4460254348075865
DTXSID3020621,"(R,R)-Fenvalerate",67614-33-9,C25H22ClNO3,419.128821,51,374,14,Inactive,0.0,-7.1114648907218845,0.3142065415448299,0.8775153592731091,-0.056745273279027
DTXSID3020625,Finasteride,98319-26-7,C23H36N2O2,372.277678,44,447,10,Inactive,-8.278133547308796e-10,-8.135949104792687,0.3594714267290952,0.4782999895350078,-0.3202996286302068
DTXSID3020627,Fluconazole,86386-73-4,C13H12F2N6O,306.104065,8,623,1,Inactive,-0.0079142373494919,-12.799545634388044,0.5655235635590756,50.0,1.6989700043360187
DTXSID3020673,"C.I. Food Green 3, disodium salt",2353-45-9,C37H34N2Na2O10S3,808.117097,84,381,22,Inactive,0.0204931348962837,15.042844407544283,0.664639450369512,0.0758322285598177,-1.1201461807665738
DTXSID3020679,Heptachlor,76-44-8,C10H5Cl7,369.821094,282,649,43,Inactive,1.5389504398010404e-08,0.2362732328649273,0.0104392831152076,50.0,1.6989700043360187
DTXSID3020887,6-Methylquinoline,91-62-3,C10H9N,143.073499,6,626,1,Inactive,0.0,-8.088774124454478,0.3573870900070152,0.0324856488151596,-1.4883084549250951
DTXSID3020889,4-Methylstyrene,622-97-9,C9H10,118.07825,6,355,2,Inactive,-4.0740599359429877e-11,-7.730678851599299,0.3415653319084589,0.7062396485947613,-0.1510479046112602
DTXSID3020910,Busulfan,55-98-1,C6H14O6S2,246.023181,29,629,5,Inactive,-0.0039874477018873,-17.174582584466016,0.7588262445592062,11.14729798938139,1.0471696108362327
DTXSID3020916,"1,5-Naphthalenediamine",2243-62-1,C10H10N2,158.084398,91,637,14,Active,0.999989187584454,41.81006578885084,1.8472981833062383,0.1146749597997329,-0.9405314034415192
DTXSID3020964,Nitrobenzene,98-95-3,C6H5NO2,123.032028,8,601,1,Active,0.9995303855302874,50.26912621209935,2.221045668690766,9.92216026358233,0.9966062375184844
DTXSID3020966,4-Nitrobenzoic acid,62-23-7,C7H5NO4,167.021858,4,577,1,Inactive,-0.0337285530310521,-12.959363110548129,0.5725847945760774,50.0,1.6989700043360187
DTXSID3021196,"2,4-Bis(isopropylamino)-6-chloro-1,3,5-triazine",139-40-2,C9H16ClN5,229.109423,46,664,7,Inactive,0.7093746750592731,24.273606053049512,1.0724830855455616,10.713309416356733,1.0299236481660432
DTXSID3021277,"2E,4E-Hexadienoic acid",110-44-1,C6H8O2,112.052429,22,600,4,Inactive,0.0,15.55731089738884,0.6873701730825869,10.471417383919665,1.0200054706332575
DTXSID3021356,dl-alpha-Tocopheryl acetate,52225-20-4,C31H52O3,472.391646,3,361,1,Inactive,2.0558238648e-06,11.796628577497083,0.5212115821678494,0.0193299670311372,-1.7137688866960925
DTXSID3021358,Tolazamide,1156-19-0,C14H21N3O3S,311.130363,15,588,3,Inactive,0.0515614143481186,17.233304495335815,0.7614207604305249,0.0385748576095303,-1.4136956683629185
DTXSID3021483,Phenylacetaldehyde,122-78-1,C8H8O,120.057515,27,364,7,Inactive,-3.35243613447723e-10,-14.452862679816278,0.6385722305923441,4.667814920824078,0.6691136279092558
DTXSID3021485,"1,3-Benzenedicarboxylic acid",121-91-5,C8H6O4,166.026609,6,579,1,Inactive,0.0,-3.5683824612015163,0.1576621876466218,0.005475792702814,-2.261553001321111
DTXSID3021518,Fumaric acid,110-17-8,C4H4O4,116.010959,7,363,2,Inactive,0.0,-7.250995866860661,0.3203714521679756,0.9072209133576292,-0.042286946930964
DTXSID3021641,Nonanoic acid,112-05-0,C9H18O2,158.13068,8,602,1,Inactive,0.2635755907589508,35.199049054892946,1.55520299110723,0.0294582014969079,-1.5307937715399464
DTXSID3021643,Octanal,124-13-0,C8H16O,128.120115,13,596,2,Inactive,-7.156303860649938e-11,-10.097836458175165,0.4461536855434635,0.6255806887038999,-0.2037166661483057
DTXSID3021645,Octanoic acid,124-07-2,C8H16O2,144.11503,18,643,3,Inactive,-6.43090277709e-05,-15.283773520707664,0.6752844446945623,50.0,1.6989700043360187
DTXSID3021726,Salicylamide,65-45-2,C7H7NO2,137.047678,1,359,0,Inactive,-0.0028420030083509,-12.59824479784432,0.5566294692153063,16.65,1.2214142378423387
DTXSID3021770,"2,2',6,6'-Tetrachlorobisphenol A",79-95-8,C15H12Cl4O2,363.95914,241,566,43,Inactive,-1.287639982420484e-09,-10.18191561144209,0.449868562909797,0.4825218276908942,-0.3164830358304665
DTXSID3021774,Acenaphthene,83-32-9,C12H10,154.07825,19,599,3,Inactive,0.0,-2.235995238035785,0.0987931940113417,0.0255255279952589,-1.593025265771676
DTXSID3021853,1-Piperazineethanol,103-76-4,C6H14N2O,130.110613,21,358,6,Inactive,-1.4005361544263803e-16,-11.132406221292802,0.4918641815173878,1.7995823946565723,0.2551717358044303
DTXSID3021932,Diethanolamine,111-42-2,C4H11NO2,105.078979,32,605,5,Inactive,-7.5073093598e-06,-13.956842868985245,0.6166565392834725,0.0026815770774557,-2.5716097154517517
DTXSID3021936,Hexanedinitrile,111-69-3,C6H8N2,108.068748,3,596,1,Inactive,0.0110264822423821,15.834800799826713,0.699630536298662,3.3588700980025497,0.5261932081252051
DTXSID3021980,Ethyl hexanoate,123-66-0,C8H16O2,144.11503,4,362,1,Active,0.9998994708522564,51.583555612997955,2.2791212301267825,0.2040624432261288,-0.6902369178734135
DTXSID3021984,1-Dodecanamine,124-22-1,C12H27N,185.21435,52,386,13,Inactive,0.0,-4.132629921735386,0.1825923878056784,0.8756428845621569,-0.0576729770348636
DTXSID3021986,Tributyl phosphate,126-73-8,C12H27O4P,266.164696,93,771,12,Inactive,-0.0019815830540199,-2.3183480325180463,0.1024317955004081,49.99999999999999,1.6989700043360187
DTXSID3022162,Bromoxynil,1689-84-5,C7H3Br2NO,274.85814,184,673,27,Inactive,7.593570537294127e-16,3.308871543173665,0.1461961916388178,0.0004880024207776,-3.3115780236371175
DTXSID3022247,Nerolidol,7212-44-4,C15H26O,222.198365,69,355,19,Inactive,-8.08574167303031e-12,-10.067095856391454,0.4447954705596466,0.115590796826013,-0.937076742444794
DTXSID3022320,Triphenylethylene,58-72-0,C20H16,256.125201,65,436,15,Inactive,-6.640387756425137e-14,-5.8436466141741175,0.2581904039272309,0.013800003691508,-1.8601207974247511
DTXSID3022370,Progesterone,57-83-0,C21H30O2,314.22458,261,660,40,Inactive,-0.0004125321883267,-12.658091245445796,0.559273670601878,0.05,-1.3010299956639813
DTXSID3022405,2-Hydroxy-4-methoxybenzophenone,131-57-7,C14H12O3,228.078644,70,522,13,Inactive,-7.165844940652323e-13,-13.872765036960232,0.6129417202936982,4.544636333077304,0.6574991362143517
DTXSID3022409,"4,4'-Sulfonyldiphenol",80-09-1,C12H10O4S,250.02998,56,429,13,Inactive,0.3996077747569571,19.996126339378105,0.8834907853635899,0.0908969031360421,-1.0414509129698823
DTXSID3022455,Dimethyl phthalate,131-11-3,C10H10O4,194.057909,4,691,1,Inactive,0.000869441503357,5.164323435630217,0.2281758021818157,50.0,1.6989700043360187
DTXSID3022536,4-Cumylphenol,599-64-4,C15H16O,212.120115,297,724,41,Inactive,-4.07087026941e-05,-0.0031093839201104,0.0001373822106817,50.0,1.6989700043360187
DTXSID3022588,Aminopterin,54-62-6,C19H20N8O5,440.155666,86,634,14,Active,0.9994148535135526,32.78236577345894,1.4484264397866613,0.0045584895375532,-2.3411790376370223
DTXSID3023556,Retinol,68-26-8,C20H30O,286.229666,162,656,25,Inactive,1.4130309918704412e-09,7.965010128931874,0.3519188134144299,0.0128631139624967,-1.8906538826543184
DTXSID3023845,Acenaphthylene,208-96-8,C12H8,152.0626,28,618,5,Inactive,0.0,5.63898483859319,0.2491478128886946,0.1453958385537811,-0.8374480234563004
DTXSID3023897,Triadimefon,43121-43-3,C14H16ClN3O2,293.093104,134,754,18,Inactive,-0.0005921108770433,-10.172144117517004,0.4494368280479779,50.0,1.6989700043360187
DTXSID3023899,Benfluralin,1861-40-1,C13H16F3N3O4,335.10929,72,679,11,Inactive,0.0,-15.555424959378628,0.6872868465009525,10.470494424704173,1.019967189878546
DTXSID3024102,Fenamiphos,22224-92-6,C13H22NO3PS,303.105802,125,780,16,Inactive,-3.4665558884972635e-14,-4.619075730523873,0.2040850700556913,0.0006100027950433,-3.214668175039847
DTXSID3024104,Fluoranthene,206-44-0,C16H10,202.07825,85,641,13,Inactive,1.3502889994701203e-09,4.506817977854419,0.1991251749047101,50.0,1.6989700043360187
DTXSID3024152,Imazaquin,81335-37-7,C17H17N3O3,311.126991,11,639,2,Inactive,-6.448104350963746e-07,-0.7173478614147966,0.0316946499888918,50.0,1.6989700043360187
DTXSID3024154,Iprodione,36734-19-7,C13H13Cl2N3O3,329.033397,116,742,16,Inactive,-0.0108593568112751,-20.43301905967276,0.9027940587087194,0.4177761120127751,-0.3790563961355785
DTXSID3024235,Flusilazole,85509-19-9,C16H15F2N3Si,315.10033,281,766,37,Inactive,-3.094250424096311e-15,-3.432340182234719,0.1516514184682767,0.4549559993924933,-0.3420306036617341
DTXSID3024239,Oxadiazon,19666-30-9,C15H18Cl2N2O3,344.069448,225,745,30,Inactive,-5.0764881258e-05,-0.9934072401394756,0.0438918082372947,50.0,1.6989700043360187
DTXSID3024287,Imazethapyr,81335-77-5,C15H19N3O3,289.142641,4,661,1,Inactive,0.8318961564813856,24.06643390132168,1.0633295783147616,0.0145241308248821,-1.8379098478706477
DTXSID3024289,Pyrene,129-00-0,C16H10,202.07825,61,669,9,Inactive,-4.770190194106795e-09,-6.70868197516144,0.2964103450035651,92.62867361446732,1.9667454452665136
DTXSID3024316,Tebuthiuron,34014-18-1,C9H16N4OS,228.104482,13,642,2,Inactive,1.68168716062e-05,10.378602291897606,0.4585587895485434,0.0047729266825531,-2.3212152368273777
DTXSID3024368,2-[2-(2-Ethoxyethoxy)ethoxy]ethanol,112-50-5,C8H18O4,178.120509,4,585,1,Inactive,-2.32722264963e-05,-4.478308493787127,0.1978655376108948,50.0,1.6989700043360187
DTXSID3024528,Anise oil,8007-70-3,,,31,363,9,Inactive,-6.395850650390116e-07,-2.9847170652938173,0.1318740429695922,8.3,0.919078092376074
DTXSID3024657,3-Bromo-1-propanol,627-18-9,C3H7BrO,137.968028,3,592,1,Inactive,-1.4669818234e-05,-1.4036385307019443,0.0620170970521595,50.0,1.6989700043360187
DTXSID3024869,Cumene hydroperoxide,80-15-9,C9H12O2,152.08373,63,622,10,Inactive,0.1517773854437537,18.323564949563007,0.8095918435997265,0.0514841143065302,-1.288326754129248
DTXSID3024940,Dibromoacetonitrile,3252-43-5,C2HBr2N,196.847575,17,602,3,Inactive,0.0463927335972487,16.540375151799736,0.7308049961803973,9.921373725714814,0.9965718092703676
DTXSID3024944,"1,2-Dibromo-2,4-dicyanobutane",35691-65-7,C6H6Br2N2,263.889774,257,483,53,Inactive,0.4193592990337794,22.513261301502567,0.9947056030142496,3.303844179351067,0.5190195563106339
DTXSID3024994,Sodium dichloroisocyanurate,2893-78-9,C3Cl2N3NaO3,218.921441,3,362,1,Inactive,0.0,-0.0010967568597925,4.8458114485e-05,16.65,1.2214142378423387
DTXSID3025049,Diethylene glycol monomethyl ether,111-77-3,C5H12O3,120.078644,9,606,1,Active,0.9515722106066256,25.877769377415003,1.1433599889638069,0.0025274114305799,-2.59732405468231
DTXSID3025122,Dimethyl glutarate,1119-40-0,C7H12O4,160.073559,4,586,1,Inactive,0.0,10.417382757961844,0.4602722306339994,0.0053480188571455,-2.2718070700824917
DTXSID3025178,"1,3-Diphenylguanidine",102-06-7,C13H13N3,211.110947,90,643,14,Inactive,-2.6929180999e-06,-13.8574920669255,0.6122669131804702,86.28301324699702,1.935925303487676
DTXSID3025469,Isopentyl alcohol,123-51-3,C5H12O,88.088815,3,599,1,Inactive,-4.2554101175550177e-07,-10.445378034055675,0.461509148627156,50.00000000000001,1.6989700043360187
DTXSID3025881,"1,2-Phenylenediamine",95-54-5,C6H8N2,108.068748,169,640,26,Inactive,-0.0125232351612889,-18.51379196589432,0.8179966622732792,81.2898839398193,1.9100365034972997
DTXSID3026065,"C.I. Acid Blue 1, sodium salt",129-17-9,C27H31N2NaO6S2,566.152123,72,360,20,Inactive,-2.6445741075573664e-13,-13.345713487852883,0.5896549506891795,4.311413902923867,0.6346197178497538
DTXSID3026223,Triethylene glycol diacetate,111-21-7,C10H18O6,234.110338,6,584,1,Inactive,0.0,2.8826350875177393,0.1273637450655803,0.0101332174812134,-1.9942526363303823
DTXSID3026302,Sodium xylenesulfonate,1300-72-7,C8H10O3S,,4,584,1,Inactive,-0.002255845612928,-14.787348449554964,0.6533508477296757,0.7654003005579263,-0.1161113715724245
DTXSID3026514,Phthalimide,85-41-6,C8H5NO2,147.032028,3,359,1,Inactive,-0.0059114178641879,-14.17252253951583,0.6261859350409287,16.65,1.2214142378423387
DTXSID3026564,Triethylene glycol bis(2-ethylhexanoate),94-28-0,C22H42O6,402.298139,35,631,6,Inactive,0.0,-13.297036540206092,0.5875042524001376,10.473940914522936,1.0201101196352564
DTXSID3026566,"Dimethyl cyclohexane-1,4-dicarboxylate",94-60-0,C10H16O4,200.104859,4,368,1,Inactive,-7.17994148188e-05,-13.992071169149948,0.6182130346791955,0.8752515382015529,-0.057867117316018
DTXSID3026641,"1,3-Benzenedicarbonyl dichloride",99-63-8,C8H4Cl2O2,201.958835,9,364,2,Inactive,-0.1645038955070496,-19.815818398960584,0.875524222181147,16.75,1.224014811372864
DTXSID3026645,p-Cymene,99-87-6,C10H14,134.10955,3,586,1,Inactive,-5.1571782812079646e-14,-8.315184051758305,0.3673905817380038,5.216586848431151,0.7173864421370341
DTXSID3026647,4-Hydroxybenzoic acid,99-96-7,C7H6O3,138.031694,5,366,1,Inactive,-0.008456974785526,-19.580266275273488,0.8651167999025354,1.2036202366660351,0.0804894809943541
DTXSID3026691,Triacetin,102-76-1,C9H14O6,218.079038,4,594,1,Inactive,-8.500826827313324e-07,-12.978386780301427,0.5734253192179797,23.386780326813177,1.3689704363219517
DTXSID3026697,Bis(2-ethylhexyl) nonanedioate,103-24-2,C25H48O4,412.35526,51,590,9,Inactive,-2.466981046158559e-12,-4.017463266873648,0.1775039683475995,0.5176132128672102,-0.2859946461684137
DTXSID3026726,Citronellol,106-22-9,C10H20O,156.151415,28,593,5,Inactive,-4.660630807800385e-07,-6.884862563979821,0.3041945490108405,50.0,1.6989700043360187
DTXSID3026728,(Z)-Nerol,106-25-2,C10H18O,154.135765,25,627,4,Inactive,2.1690021544630764e-08,6.740900021004551,0.2978338380412519,50.0,1.6989700043360187
DTXSID3027320,Sodium 4-nitrophenolate,824-78-2,C6H4NNaO3,161.008887,31,595,5,Inactive,-3.226965090567501e-07,-8.470942779944245,0.3742724847004408,49.99999999999999,1.6989700043360187
DTXSID3027403,Tributyltin chloride,1461-22-9,C12H27ClSn,326.082331,557,828,67,Inactive,7.866011877812896e-14,17.645083778594,0.7796144443564859,0.0007803069224002,-3.1077345402754024
DTXSID3027875,Glyceryl monooleate,25496-72-4,,,28,369,8,Active,0.95402817833312,44.801778570403584,1.979481318684374,27.882597834860388,1.44533323473388
DTXSID3027877,Diisodecylphenyl phosphite,25550-98-5,,,27,360,8,Inactive,-1.0853073043772958e-12,-10.799564437280816,0.4771582007605312,0.3366947660374067,-0.4727636347219213
DTXSID3029154,Cyclopentanone,120-92-3,C5H8O,84.057515,2,363,1,Inactive,-5.148106151193554e-09,-9.745233514089266,0.4305745955384914,0.535328639841463,-0.2713795214355727
DTXSID3029289,"7a-Ethyldihydro-1H,3H,5H-oxazolo(3,4-c)oxazole",7747-35-5,C7H13NO2,143.094629,12,584,2,Inactive,-0.0031393822931414,-14.516326780649925,0.641376271101805,50.0,1.6989700043360187
DTXSID3029572,Benoxacor,98730-04-2,C11H11Cl2NO2,259.016684,130,481,27,Inactive,-1.465357597102767e-10,-15.25107194268273,0.6738395877076877,0.0164273280372298,-1.7844330703479525
DTXSID3029653,Ammonium isothiocyanate,1762-95-4,CH4N2S,76.009519,5,375,1,Inactive,-1.282890038638517e-13,-1.288904207153436,0.056947779330336,16.65,1.2214142378423387
DTXSID3030636,Doxorubicin hydrochloride,25316-40-9,C27H30ClNO11,579.150738,173,424,41,Inactive,0.0,4.2775108639995e-311,1.889936765e-312,50.0,1.6989700043360187
DTXSID3031860,Perfluorodecanoic acid,335-76-2,C10HF19O2,513.967314,284,742,38,Inactive,-3.8224978877311356e-10,-0.1328976405620726,0.0058718293153575,50.0,1.6989700043360187
DTXSID3031862,Perfluorohexanoic acid,307-24-4,C6HF11O2,313.980089,21,738,3,Inactive,-0.0011337937770036,-1.0048689934701482,0.0443982239940214,50.0,1.6989700043360187
DTXSID3031864,Perfluorooctanesulfonic acid,1763-23-1,C8HF17O3S,499.937494,303,1055,29,Inactive,-1.168402772704211e-08,-2.6279076518152173,0.1161090981203223,42.0,1.6232492903979006
DTXSID3032337,Butralin,33629-47-9,C14H21N3O4,295.153206,133,703,19,Inactive,-8.548665806062112e-07,-3.70770744511037,0.163817996895136,50.0,1.6989700043360187
DTXSID3032389,Farnesol,4602-84-0,C15H26O,222.198365,62,382,16,Active,0.9578095242146676,35.99504709153786,1.5903726494004156,0.144693919434236,-0.839549719134207
DTXSID3032412,Imazamethabenz-methyl,81405-85-8,C16H20N2O3,,5,357,1,Inactive,-0.0243425196511529,-15.881092094099866,0.7016758290338027,16.65,1.2214142378423387
DTXSID3032416,Cybutryne,28159-98-0,C11H19N5S,253.136117,43,373,12,Inactive,-3.249625320284244e-14,-7.086380613213405,0.3130982404839088,0.0138000096371611,-1.860120610311484
DTXSID3032464,Profenofos,41198-08-7,C11H15BrClO3PS,371.935143,114,733,16,Inactive,-5.477407178093604e-07,-9.559243802723524,0.4223569941203371,25.0,1.3979400086720375
DTXSID3032547,Etridiazole,2593-15-9,C5H5Cl3N2OS,245.918817,87,663,13,Inactive,-2.258690269379739e-10,-7.096940558819301,0.3135648115826509,50.0,1.6989700043360187
DTXSID3032549,Fenhexamid,126833-17-8,C14H17Cl2NO2,301.063634,112,699,16,Inactive,0.0,-16.674371952182085,0.7367253897804754,10.473022003862804,1.020072015989313
DTXSID3032591,"1-Bromo-3-chloro-5,5-dimethylhydantoin",16079-88-2,C5H6BrClN2O2,239.930118,8,369,2,Inactive,0.0,-0.0088451307662092,0.0003908052687131,16.65,1.2214142378423387
DTXSID3032620,Hexaflumuron,86479-06-3,C16H8Cl2F6N2O3,459.981616,35,615,6,Inactive,0.0,-15.273092962677126,0.6748125445653887,10.475132187673486,1.0201595121170866
DTXSID3032628,Methoxyfenozide,161050-58-4,C22H28N2O3,368.209993,69,669,10,Inactive,0.1380059868180122,19.53313110077814,0.8630342219258632,2.354889481095467,0.3719705297763059
DTXSID3034165,Nilutamide,63612-50-0,C12H10F3N3O4,317.06234,116,648,18,Inactive,0.0,4.807364302941622,0.2124042422742,0.5512573948433063,-0.2586455716409272
DTXSID3034402,Butachlor,23184-66-9,C17H26ClNO2,311.165207,221,697,32,Active,0.9999783686021498,65.99926944361083,2.9160521095193475,10.470773069547624,1.0199787473373256
DTXSID3034456,Cinmethylin,87818-31-3,C18H26O2,274.19328,79,671,12,Inactive,0.0,-14.614111869094897,0.6456967191286294,10.472577956821292,1.0200536018899105
DTXSID3034531,Thiophanate,23564-06-9,C14H18N4O4S2,370.076947,39,364,11,Inactive,-0.0004601042667436,-14.581412002393964,0.6442519377533488,16.65,1.2214142378423387
DTXSID3034583,Ethyl 1-naphthaleneacetate,2122-70-5,C14H14O2,214.09938,22,370,6,Inactive,-1.586087531947179e-09,-10.345366345239896,0.4570903225006483,0.6845340895182712,-0.1646049193035031
DTXSID3034612,Fluazifop-butyl,69806-50-4,C19H20F3NO4,383.134443,23,662,3,Inactive,-2.1232702547803407e-15,-9.46596922367396,0.4182358343666765,1.2155628439488733,0.0847774165521998
DTXSID3034614,Flucarbazone-sodium,181274-17-9,C12H10F3N4NaO6S,418.017084,22,369,6,Inactive,-0.0002865709666156,-14.712767180084835,0.6500556162823818,0.0039228357812299,-2.4063998720383064
DTXSID3034618,Flufenpyr-ethyl,188489-07-8,C16H13ClF4N2O4,408.049997,20,655,3,Inactive,0.0,3.642601021007043,0.1609413934576998,0.0006100000601281,-3.2146701221804914
DTXSID3034664,Imazamox,114311-32-9,C15H19N3O4,305.137556,6,682,1,Inactive,2.0860345541277513e-14,4.985735106053079,0.2202852167315647,1.0366746040359784,0.015642459525017
DTXSID3034872,Chloridazon,1698-60-8,C10H8ClN3O,221.03559,20,666,3,Inactive,-1.51886610554e-05,-8.269288735347665,0.365362784531087,49.99999999999999,1.6989700043360187
DTXSID3035214,1-Octen-3-ol,3391-86-4,C8H16O,128.120115,14,355,4,Inactive,5.9639856168036675e-15,7.092355805361592,0.3133622429768968,30.25881486177043,1.4808519141342005
DTXSID3035341,"1,3-Dibromo-5,5-dimethylhydantoin",77-48-5,C5H6Br2N2O2,283.879603,12,591,2,Inactive,-8.7737878208e-06,-4.066432088066958,0.179667562513796,50.00000000000001,1.6989700043360187
DTXSID3036105,2-tert-Butylcyclohexyl acetate,88-41-5,C12H22O2,198.16198,3,357,1,Inactive,-6.775132421279199e-13,-13.612976445876845,0.6014634558304071,0.2028648405471287,-0.6927932160495094
DTXSID3036286,Citralva,5146-66-7,C10H15N,149.120449,3,362,1,Inactive,-3.501014147161897e-07,-4.343760126431844,0.1919207740738685,17.15,1.2342641243787893
DTXSID3036288,2-Octyl-1-dodecanol,5333-42-6,C20H42O,298.323566,3,359,1,Inactive,-5.4690181935272555e-08,-0.0040347951734927,0.0001782697456552,16.65,1.2214142378423387
DTXSID3036496,Levonorgestrel,797-63-7,C21H28O2,312.20893,85,671,13,Active,1.0,84.34031639519691,3.7264163621064426,0.0006545424603588,-3.184062175390642
DTXSID3037094,4-Hydroxytamoxifen,68392-35-8,C26H29NO2,387.219829,361,715,50,Inactive,-1.5681728034555588e-10,-7.263930722041045,0.3209429541263012,0.1764649098661721,-0.7533416413615778
DTXSID3037208,Diclofenac sodium,15307-79-6,C14H10Cl2NNaO2,316.998628,76,607,13,Inactive,-0.0057359737346991,-18.20500400813382,0.8043534540497245,0.5808547409257508,-0.2359324615887603
DTXSID3037541,Endosulfan sulfate,1031-07-8,C9H6Cl6O4S,419.811796,149,516,29,Inactive,-9.51848130798e-05,-4.05586175821923,0.179200532607092,16.65,1.2214142378423387
DTXSID3037707,Potassium perfluorobutanesulfonate,29420-49-3,C4F9KO3S,337.90615,5,630,1,Inactive,-2.299156595984803e-07,-5.3166076892954806,0.234904192100231,50.0,1.6989700043360187
DTXSID3037709,Potassium perfluorohexanesulfonate,3871-99-6,C6F13KO3S,437.899763,56,747,7,Inactive,-1.611194498835318e-09,-12.774220045250209,0.5644046006030795,16.822851420367346,1.2258996092488412
DTXSID3038696,Ethyl benzoate,93-89-0,C9H10O2,150.06808,10,356,3,Inactive,-0.0006195039521578,-16.10981967799789,0.7117817220104055,1.0827041022410149,0.0345097822740076
DTXSID3038808,"1,3,5,7-Tetramethyl-1,3,5,7-tetravinylcyclotetrasiloxane",2554-06-5,C12H24O4Si4,344.075165,30,373,8,Inactive,5.7024401472e-06,10.734721699999977,0.4742932478234937,0.1536271601696626,-0.8135319973964985
DTXSID3040352,Dinocap,39300-45-3,,,318,509,62,Inactive,-3.35178439797e-05,-7.888684645691956,0.348546517201333,0.046676968407457,-1.3308973584250288
DTXSID3040722,4-Cyclohexylcyclohexanol,2433-14-9,C12H22O,182.167065,38,627,6,Inactive,-3.28326655073765e-07,-0.0064035754965221,0.0002829297959283,50.0,1.6989700043360187
DTXSID3040776,Morin hydrate,654055-01-3,C15H14O9,338.063782,44,378,12,Inactive,-2.9543619941314067e-18,-8.378114134652318,0.3701710276811532,4.404484403764283,0.6438950764924916
DTXSID3041035,(6)-Gingerol,23513-14-6,C17H26O4,294.183109,13,143,9,Inactive,8.270310879641347e-14,14.375411061626904,0.6351501782497834,0.8345806435835956,-0.0785316920929388
DTXSID3041247,"1,3-Diphenyl-1,3-propanedione",120-46-7,C15H12O2,224.08373,73,363,20,Active,0.9978743549038604,54.59315881753929,2.412094819795335,0.1597477927028895,-0.7965651339431319
DTXSID3041293,2-((Dimethylamino)methyl)phenol,120-65-0,C9H13NO,151.099714,3,357,1,Inactive,0.00665904907884,9.084076707190205,0.4013626403496795,16.65,1.2214142378423387
DTXSID3041299,Dihydrojasmone lactone,7011-83-8,C11H20O2,184.14633,7,355,2,Inactive,0.0,-0.4864819108997294,0.021494277353088,16.65,1.2214142378423387
DTXSID3041376,"2,6-Dimethyl-4-tridecylmorpholine",24602-86-6,C19H39NO,297.303165,44,613,7,Inactive,-0.0062016789758766,-13.829995124530075,0.6110520131133411,50.0,1.6989700043360187
DTXSID3041409,2-Chloro-N-phenylacetamide,587-65-5,C8H8ClNO,169.029442,133,365,36,Inactive,1.842407546774829e-09,5.505423103951443,0.2432466418403409,0.0138000038712095,-1.8601207917694365
DTXSID3041530,"7-Ethyl-2-methyl-4-undecanolsulfate, sodium salt",139-88-8,C14H29NaO4S,316.168425,15,367,4,Inactive,0.0,-8.350437252925566,0.3689481773371328,0.0138159006912043,-1.8596207971413052
DTXSID3041611,Ascorbyl palmitate,137-66-6,C22H38O7,414.261754,50,371,13,Inactive,-0.0009151571532346,-6.0047783571824604,0.2653097033235895,16.65,1.2214142378423387
DTXSID3041661,2-Hydroxybenzonitrile,611-20-1,C7H5NO,119.037114,6,372,2,Inactive,-4.2496757089800655e-09,-10.946584924095694,0.4836540211587461,0.2911047314351863,-0.5359507357515231
DTXSID3041663,Benzyl cinnamate,103-41-3,C16H14O2,238.09938,28,376,7,Inactive,0.0,-15.48303211926066,0.6840883066395309,4.253954172808795,0.6287928070045418
DTXSID3041790,Citronellal,106-23-0,C10H18O,154.135765,1,362,0,Inactive,-3.672432674728354e-16,-13.264988385602834,0.586088265683544,0.2292353808147806,-0.6397183513347874
DTXSID3041794,Cloquintocet-mexyl,99607-70-2,C18H22ClNO3,335.128821,54,380,14,Inactive,0.3818455568506599,24.336961321494737,1.0752823175030712,0.1201242059104199,-0.9203694702483732
DTXSID3041877,Dimethylbenzylcarbinyl acetate,151-05-3,C12H16O2,192.11503,3,359,1,Inactive,-3.768120768514658e-11,-11.717936164471356,0.5177347076669445,0.6106843597908346,-0.214183202557788
DTXSID3041954,3-Octanone,106-68-3,C8H16O,128.120115,1,355,0,Inactive,4.994844718822762e-13,0.3461121169061397,0.0152923051594787,16.8,1.2253092817258628
DTXSID3042007,Glyceryl monoricinoleate,1323-38-2,,,52,364,14,Inactive,8.8153257783e-06,12.425277681619534,0.5489872463786474,0.0139859696226744,-1.8543074193761448
DTXSID3042059,Isopentyl butyrate,106-27-4,C9H18O2,158.13068,6,590,1,Inactive,-9.251952710222063e-15,-8.399758625895961,0.3711273483326178,2.120662374867619,0.3264715311268802
DTXSID3042130,Diphenylmercury(II),587-85-9,C12H10Hg,356.048893,103,378,27,Inactive,1.258619923892779e-12,4.210728631977075,0.1860430306790149,0.2226815264148216,-0.6523158103969742
DTXSID3042219,Propylbenzene,103-65-1,C9H12,120.0939,2,603,0,Inactive,-4.397614193787002e-08,-12.869559334766445,0.5686169856591207,50.0,1.6989700043360187
DTXSID3042390,Sodium (2-pyridylthio)-N-oxide,3811-73-2,C5H4NNaOS,148.991129,208,618,34,Inactive,-5.454380930930938e-07,-0.1811810947321714,0.0080051418440347,50.00000000000001,1.6989700043360187
DTXSID3042394,Sodium 1-naphthalenesulfonate,130-14-3,C10H7NaO3S,230.00136,2,355,1,Inactive,-0.0031369912334047,-17.5505863162617,0.7754392538323883,1.9972232028100485,0.300426602843634
DTXSID3042423,Sucrose octaacetate,126-14-7,C28H38O19,678.200729,4,580,1,Inactive,-9.4027626311e-06,-13.24042520927735,0.5850029884866256,7.490567002063748,0.8745146930729549
DTXSID3044203,Pioglitazone hydrochloride,112529-15-4,C19H21ClN2O3S,392.096141,119,621,19,Inactive,-4.3252862884527515e-08,-0.3379579510861107,0.0149320288618572,50.0,1.6989700043360187
DTXSID3044833,Terpinyl propionate,80-27-3,C13H22O2,210.16198,10,363,3,Inactive,-3.4009069255175514e-13,-4.4630585832371015,0.1971917493371113,16.65,1.2214142378423387
DTXSID3047138,tert-Butylbenzene,98-06-6,C10H14,134.10955,7,602,1,Inactive,-2.122913281195363e-14,-8.838222651625756,0.3905000468178658,10.744609957921844,1.0311906547091
DTXSID3047180,Triisodecyl trimellitate,36631-30-8,,,7,358,2,Inactive,-1.0468500137297869e-08,-7.538960843706965,0.333094636610461,0.7354849056714524,-0.1334262358540088
DTXSID3047261,"(2S,3S)-3-Methyl-2-(3-oxo-1,2-benzothiazol-2(3H)-yl)pentanoic acid",177785-47-6,C13H15NO3S,265.077265,26,606,4,Inactive,1.5545553770176346e-08,6.896795405784806,0.3047217789152217,50.0,1.6989700043360187
DTXSID3047263,PharmaGSID_47263,349495-42-7,C15H16N4O2,284.127326,53,673,8,Inactive,-0.0002377758548921,-0.2891553096888067,0.0127757770336712,49.99999999999999,1.6989700043360187
DTXSID3047265,CP-471358,NOCAS_47265,C21H23FN2O7S,466.121,10,613,2,Inactive,-1.3076161269864712e-16,-4.526146210146051,0.1999791560627205,0.0195952398338483,-1.7078494166523506
DTXSID3047267,CP-642931,NOCAS_47267,C17H25N7O,343.212058,17,597,3,Inactive,-2.2448677324e-06,-12.154318724160728,0.5370154405366752,24.999999999999996,1.3979400086720375
DTXSID3047342,SR125047,NOCAS_47342,C22H27Cl2NO,391.14697,331,705,47,Inactive,-0.0001985147842995,-1.6888190737217097,0.0746172565853976,45.25,1.655618583541222
DTXSID3047344,Cariporide mesylate,159138-81-5,C13H21N3O6S2,379.087178,76,622,12,Inactive,-3.34074764173e-05,-8.969877681976184,0.3963169737659771,37.25,1.5711262770843115
DTXSID3047346,SSR162369,NOCAS_47346,C18H22F2N6O,376.182316,31,615,5,Inactive,4.036738059361787e-11,3.1415554304154893,0.1388036476352525,50.0,1.6989700043360187
DTXSID3047348,SSR504734,742693-38-5,C20H20ClF3N2O,396.121625,278,648,43,Inactive,-3.62106863532e-05,-1.0716763833527714,0.047349981367111,50.00000000000001,1.6989700043360187
DTXSID3047394,Grinstad Soft-N-Safe,NOCAS_47394,,,28,607,5,Inactive,0.2951778377636572,23.50847117092912,1.0386770569958017,25.0,1.3979400086720375
DTXSID3047425,4-Butylphenol,1638-22-8,C10H14O,150.104465,61,415,15,Inactive,-1.22279949298e-05,-10.71442469400095,0.4733964632430075,0.4085209354438567,-0.388785682302271
DTXSID3047429,Dexamethasone sodium phosphate,2392-39-4,C22H28FNa2O8P,516.130122,87,736,12,Active,0.9999828304886144,30.132516068253892,1.33134787379777,0.0178790714030413,-1.747655041189301
DTXSID3047473,Polymethylene polyphenyl polyisocyanate,9016-87-9,,,11,373,3,Inactive,-1.6777917639008668e-13,-3.73913560654629,0.1652065903936115,0.3647588347740771,-0.4379941803195999
DTXSID3047558,2-(Perfluorohexyl)ethyl methacrylate,2144-53-8,C12H9F13O2,432.039496,10,708,1,Inactive,-3.4273745883e-06,-5.278698252100139,0.2332292357675914,50.0,1.6989700043360187
DTXSID3047633,Ethyl oleate,111-62-6,C20H38O2,310.28718,5,355,1,Inactive,-1.560364545650242e-10,-10.796537919610165,0.4770244798373694,0.0138000011703898,-1.8601208767658783
DTXSID3047712,Cornmint oil,68917-18-0,,,9,354,3,Inactive,-4.53955822103e-05,-11.253347249760148,0.4972077306833518,0.7954061495915818,-0.0994110556389928
DTXSID3048520,Piragliatin,625114-41-2,C19H20ClN3O4S,421.086305,71,587,12,Inactive,3.5095401745206474e-08,13.745364178385074,0.6073127558288707,0.008558997196939,-2.067577115854143
DTXSID30865801,Tetrahydrocurcumin,36062-04-1,C21H24O6,372.157288,33,162,20,Inactive,0.0,3.81090395429892,0.1683775382484143,10.470214717394953,1.01995558804213
DTXSID4020119,Azathioprine,446-86-6,C9H7N7O2S,277.038194,137,674,20,Inactive,0.0,-0.0002240602345991,9.8996750308e-06,49.75,1.6967930850817443
DTXSID4020161,Biphenyl,92-52-4,C12H10,154.07825,13,613,2,Inactive,-0.0002154942818677,-7.407433125257451,0.3272833346963896,50.0,1.6989700043360187
DTXSID4020240,Caprolactam,105-60-2,C6H11NO,113.084064,24,585,4,Inactive,-3.050260452e-05,-1.094739310498387,0.0483689729093147,50.0,1.6989700043360187
DTXSID4020242,Captafol,2425-06-1,C10H9Cl4NO2S,346.910811,294,684,43,Inactive,0.0,6.578639952735621,0.2906646857407006,0.0114440709763543,-1.941419457355464
DTXSID4020290,"[4-Chloro-6-(2,3-xylidino)-2-pyrimidinylthio]acetic acid",50892-23-4,C14H14ClN3O2S,323.049526,57,640,9,Inactive,-2.9291942549e-06,-12.566646165548017,0.5552333437863075,45.0,1.6532125137753435
DTXSID4020292,2-Chloroacetaldehyde,107-20-0,C2H3ClO,77.987242,35,358,10,Inactive,0.0083673743030737,17.13605173035304,0.7571238321027512,16.65,1.2214142378423387
DTXSID4020371,Dapsone,80-08-0,C12H12N2O2S,248.061949,19,604,3,Inactive,-2.0790609466020438e-12,-6.5403684637652635,0.2889737328394445,0.0021147662904889,-2.674737620893794
DTXSID4020373,"p,p'-DDD",72-54-8,C14H10Cl4,317.953661,315,703,45,Inactive,1.6489894064074572e-18,8.484291574355296,0.3748622757758578,0.000610301534654,-3.214455537972358
DTXSID4020375,DDT,50-29-3,C14H9Cl5,351.914689,268,713,38,Inactive,-8.0907701548861e-15,-0.2164071052763568,0.0095615360772328,50.0,1.6989700043360187
DTXSID4020379,Dehydroepiandrosterone,53-43-0,C19H28O2,288.20893,77,423,18,Inactive,0.2752434216348423,16.792370737356045,0.741938941526245,0.1254580386017829,-0.9015015064613748
DTXSID4020402,"2,4-Diaminotoluene",95-80-7,C7H10N2,122.084398,39,644,6,Inactive,3.2981452038e-05,14.9188883352706,0.6591626872312437,80.36853762680997,1.905086066046112
DTXSID4020450,Dicofol,115-32-2,C14H9Cl5O,367.909603,277,691,40,Inactive,-3.09114768481e-05,-0.4882436931046762,0.021572118346762,50.0,1.6989700043360187
DTXSID4020458,Chlorpyrifos,2921-88-2,C9H11Cl3NO3PS,348.926285,164,661,25,Inactive,-9.67196801548452e-11,-0.1636331530875765,0.0072298194399865,50.0,1.6989700043360187
DTXSID4020537,Diphenhydramine hydrochloride,147-24-0,C17H22ClNO,291.138992,128,682,19,Inactive,0.0,-10.6256813041683,0.4694755054610658,10.473831366734965,1.020105577290688
DTXSID4020616,"1,8-Cineol",470-82-6,C10H18O,154.135765,1,358,0,Inactive,-2.13893373749e-05,-6.105349047349019,0.2697532278608812,16.65,1.2214142378423387
DTXSID4020618,"4-(5,6,7,8-Tetrahydroimidazo(1,5-a)pyridin-5-yl)benzonitrile monohydrochloride",102676-31-3,C14H14ClN3,259.087625,24,405,6,Inactive,-0.0026831191863806,-14.571071096780242,0.6437950445197804,8.3,0.919078092376074
DTXSID4020664,"3-Chloro-1,2-propanediol",96-24-2,C3H7ClO2,110.013457,5,360,1,Inactive,2.447054255e-06,9.1898660347764,0.4060367404491651,0.0137000086342359,-1.863279159135576
DTXSID4020666,Glycidol,556-52-5,C3H6O2,74.036779,11,594,2,Inactive,-0.0004899423889883,-15.95271058498392,0.7048401557480775,14.00347606152703,1.1462358533180468
DTXSID4020791,Malathion,121-75-5,C10H19O6PS2,330.036068,134,775,17,Inactive,-8.121285111110553e-10,-9.608743618430957,0.424544049268543,0.054523427776148,-1.263416848775173
DTXSID4020820,Methimazole,60-56-0,C4H6N2S,114.025169,10,674,1,Inactive,0.8009680799429552,38.511663857277846,1.701564571530067,50.0,1.6989700043360187
DTXSID4020822,Methotrexate,59-05-2,C20H22N8O5,454.171316,121,736,16,Inactive,0.0,9.46970323392106,0.4184008145028176,0.0011141073299373,-2.953072968449378
DTXSID4020828,4-Methoxyphenol,150-76-5,C7H8O2,124.052429,13,365,4,Inactive,-7.11900266573e-05,-7.515702267111334,0.3320670006696715,16.75,1.224014811372864
DTXSID4020870,"2,2'-Methylenebis(4-methyl-6-tert-butylphenol)",119-47-1,C23H32O2,340.24023,209,375,56,Inactive,-1.2637403969e-06,-8.487522522063465,0.3750050290511528,0.774669767609641,-0.110883392550775
DTXSID4020959,C.I. Azoic Diazo Component 12,99-55-8,C7H8N2O2,152.058578,33,594,6,Inactive,-1.6668337214878002e-17,-8.931556913339527,0.3946238435364554,0.0402591843677234,-1.3951350279616506
DTXSID4021006,N-Nitroso-N-methylurea,684-93-5,C2H5N3O2,103.038176,9,360,2,Inactive,5.403699244385266e-07,11.2699941475718,0.4979432421805222,27.7922465001977,1.4439236530460609
DTXSID4021135,C.I. Solvent Yellow 14,842-07-9,C16H12N2O,248.094963,174,657,26,Inactive,0.1351122734779166,21.720591781761723,0.959683008905585,3.861225835137393,0.5867252033556513
DTXSID4021137,"1,3-Benzenediamine",108-45-2,C6H8N2,108.068748,21,594,4,Inactive,-5.14991126084e-05,-12.471552854986731,0.55103182684224,50.0,1.6989700043360187
DTXSID4021185,Prednisone,53-03-2,C21H26O5,358.178024,46,653,7,Active,0.9999999999979224,65.26972922866055,2.8838187635941694,0.1011716781223538,-0.9949410463563654
DTXSID4021218,Quercetin,117-39-5,C15H10O7,302.042653,179,651,27,Inactive,-4.326848852096859e-07,-0.217349944109118,0.0096031936166327,50.0,1.6989700043360187
DTXSID4021268,Simazine,122-34-9,C7H12ClN5,201.078123,21,695,3,Inactive,-2.4478904491546977e-10,-0.011160440083081,0.000493102804346,50.0,1.6989700043360187
DTXSID4021391,Tris(methylphenyl) phosphate,1330-78-5,C21H21O4P,,100,557,18,Inactive,-1.60628912966e-05,-1.3711988780804902,0.0605838127407371,16.65,1.2214142378423387
DTXSID4021393,Triethylene glycol,112-27-6,C6H14O4,150.089209,8,609,1,Inactive,7.769678779667366e-17,5.5708529415805845,0.2461375346888895,0.0229155797958251,-1.6398691500298437
DTXSID4021395,Trifluralin,1582-09-8,C13H16F3N3O4,335.10929,99,762,13,Inactive,0.0,-4.869114751087499,0.2151325683011025,10.47018210702394,1.0199542353930566
DTXSID4021426,Urea,57-13-6,CH4N2O,60.032363,31,587,5,Inactive,-1.459029646179706e-11,-9.645347828073511,0.4261613366058924,0.0417779190024843,-1.3790531964343664
DTXSID4021553,Decanal,112-31-2,C10H20O,156.151415,24,475,5,Inactive,-7.089788380429466e-10,-8.812750321295216,0.3893746003815502,0.910958483949053,-0.0405014151265459
DTXSID4021717,4-Chloro-3-methylphenol,59-50-7,C7H7ClO,142.018542,21,626,3,Inactive,-4.554133241526351e-09,-4.3022490503621285,0.1900866861822603,50.00000000000001,1.6989700043360187
DTXSID4021842,Cyclohexanone oxime,100-64-1,C6H11NO,113.084064,19,362,5,Inactive,-1.0967639051e-06,-10.422031782822836,0.4604776389493851,16.65,1.2214142378423387
DTXSID4021848,N-Ethyl-3-methylaniline,102-27-2,C9H13N,135.104799,4,591,1,Inactive,-0.0050394265268938,-8.311266145872132,0.3672174765230433,50.0,1.6989700043360187
DTXSID4021894,Cyclohexanol,108-93-0,C6H12O,100.088815,4,589,1,Inactive,-5.569081235124531e-12,-12.32226463115506,0.5444358107999308,7.798190988653879,0.8919938674642718
DTXSID4021921,"2-Butyne-1,4-diol",110-65-6,C4H6O2,86.036779,11,360,3,Inactive,-1.7072359456845643e-08,-6.873800944986776,0.3037058124282799,16.65,1.2214142378423387
DTXSID4021975,Diphenylamine,122-39-4,C12H11N,169.089149,78,681,11,Inactive,0.0,-8.710709865681869,0.3848661370552728,0.2592367003376477,-0.5863035150474305
DTXSID4021977,4-Ethylphenol,123-07-9,C8H10O,122.073165,5,365,1,Inactive,-9.4803895092e-06,-3.3759514909142405,0.1491599914621247,16.8,1.2253092817258628
DTXSID4022020,Bromacil,314-40-9,C9H13BrN2O2,260.016041,61,680,9,Inactive,-6.75937786946e-05,-9.779713191230416,0.4320980144507098,50.0,1.6989700043360187
DTXSID4022109,gamma-Decanolactone,706-14-9,C10H18O2,170.13068,6,361,2,Inactive,-0.0001764280100418,-5.009760062657168,0.2213467137144415,17.0,1.230448921378274
DTXSID4022153,Tetrabutyltin,1461-25-2,C16H36Sn,348.183903,187,377,50,Inactive,0.8928856304642211,25.705812857700835,1.1357624174105865,0.7062298822691303,-0.1510539103497733
DTXSID4022288,4-Hexyloxyaniline,39905-57-2,C12H19NO,193.146664,52,365,14,Inactive,8.0463242057e-06,10.51662010056903,0.4646568437470282,16.65,1.2214142378423387
DTXSID4022361,Vinclozolin,50471-44-8,C12H9Cl2NO3,284.995949,112,836,13,Inactive,-2.4409970972359715e-10,-15.711476363650236,0.694181680799209,15.307283554068611,1.1848981272004884
DTXSID4022367,Estrone,53-16-7,C18H22O2,270.16198,121,686,18,Active,0.9999999999840712,70.46214988736754,3.113235988102556,0.059566539740089,-1.224997627623716
DTXSID4022369,Fulvestrant,129453-61-8,C32H47F5O3S,606.316607,136,654,21,Inactive,0.0,-17.34806996282605,0.7664914541881399,6.380490944410479,0.8048540966279538
DTXSID4022442,Bisphenol B,77-40-7,C16H18O2,242.13068,234,687,34,Inactive,-3.042006238804844e-08,-9.29888189215045,0.4108533986265448,0.0085055044801446,-2.0702999223282528
DTXSID4022446,"2,2′-Methylenebis[phenol]",2467-02-9,C13H12O2,200.08373,93,516,18,Inactive,-0.0001912566736964,-11.790815803086447,0.5209547557934789,16.65,1.2214142378423387
DTXSID4022448,Metolachlor,51218-45-2,C15H22ClNO2,283.133907,105,759,14,Inactive,-1.8848946638439508e-08,-11.407238886710658,0.5040071397730288,0.544511705941279,-0.2639927793222441
DTXSID4022523,Heptyl p-hydroxybenzoate,1085-12-7,C14H20O3,236.141245,135,374,36,Inactive,0.0,18.15336780818693,0.8020720068298981,4.153548732912812,0.6184193103377819
DTXSID4022525,2-Ethylhexyl p-hydroxybenzoate,5153-25-3,C15H22O3,250.156895,190,441,43,Inactive,0.0,-13.12625046901512,0.5799583948872985,4.186374806420089,0.6218381081577369
DTXSID4022527,Propylparaben,94-13-3,C10H12O3,180.078644,101,652,15,Inactive,-0.0240213570614423,-18.153096408800984,0.8020600155645617,50.0,1.6989700043360187
DTXSID4022529,Methylparaben,99-76-3,C8H8O3,152.047344,18,626,3,Inactive,-2.045122585003241e-13,-13.42556742165094,0.5931831447747851,7.272624905093106,0.861691188857133
DTXSID4022731,Carbamazepine,298-46-4,C15H12N2O,236.094963,30,659,5,Active,0.9999782337769596,52.11930474859527,2.302792286036977,0.0117737708630476,-1.9290844205267652
DTXSID4022991,Erythromycin,114-07-8,C37H67NO13,733.461241,12,640,2,Inactive,-2.9508085614468993e-12,-4.7099821088024445,0.2081015953654825,12.499999999999998,1.0969100130080562
DTXSID4023202,"4,4'-(1H-1,2,4-Triazol-1-ylmethylene)dibenzonitrile",112809-51-5,C17H11N5,285.101445,12,387,3,Inactive,-8.962634569912421e-10,-0.7155157532076412,0.0316137017746558,11.8,1.0718820073061257
DTXSID4023412,Oxytetracycline dihydrate,6153-64-6,C22H28N2O11,496.16931,124,783,16,Active,0.9870869751558818,37.61695584952671,1.6620336010299208,50.0,1.6989700043360187
DTXSID4023541,Pyridoxine,65-23-6,C8H11NO3,169.073893,5,589,1,Inactive,-0.2225029000565362,-21.602463757588836,0.9544637469806178,22.67188350613504,1.3554876013943562
DTXSID4024018,Dicamba,1918-00-9,C8H6Cl2O3,219.9694,7,648,1,Inactive,-4.75836648299e-05,-11.298797476450932,0.4992158624480986,50.0,1.6989700043360187
DTXSID4024062,"3,4-Dimethylphenol",95-65-8,C8H10O,122.073165,15,611,2,Inactive,0.0,6.307251760316732,0.2786739149689439,0.0006250004851853,-3.2041196455147114
DTXSID4024066,"1,2-Dinitrobenzene",528-29-0,C6H4N2O4,168.017107,113,611,18,Inactive,0.0,-21.671299407040056,0.9575051191425302,10.589595205694987,1.0248793592299623
DTXSID4024145,Hexazinone,51235-04-2,C12H20N4O2,252.158626,15,645,2,Inactive,-3.9493007603933406e-10,-9.612141367750848,0.4246941723555925,2.9965411585803094,0.476620247265793
DTXSID4024193,Thitrol,94-81-5,C11H13ClO3,228.055322,11,363,3,Inactive,-5.030201401475726e-09,-2.2442810175437553,0.0991592854092757,16.65,1.2214142378423387
DTXSID4024195,2-(4-Chloro-2-methylphenoxy)acetic acid,94-74-6,C9H9ClO3,200.024022,22,660,3,Inactive,-3.91448649905e-05,-14.512325954650764,0.641199502219467,50.0,1.6989700043360187
DTXSID4024270,Prochloraz,67747-09-5,C15H16Cl3N3O2,375.03081,325,853,38,Inactive,0.0,-11.84141220217277,0.5231902613912464,12.731511971746098,1.1048799827576476
DTXSID4024272,Prometryn,7287-19-6,C10H19N5S,241.136117,79,682,12,Inactive,0.020722772556274,16.927695746461648,0.7479180195008924,50.0,1.6989700043360187
DTXSID4024274,Propachlor,1918-16-7,C11H14ClNO,211.076392,225,478,47,Inactive,6.287682634838739e-13,0.3139327890136509,0.0138705228007515,16.65,1.2214142378423387
DTXSID4024276,Propargite,2312-35-8,C19H26O4S,350.15518,334,771,43,Inactive,0.0,-4.51438780594905,0.1994596333520556,0.5346710691282655,-0.2719133147922641
DTXSID4024359,"2,4,5-Trichlorophenol",95-95-4,C6H3Cl3O,195.924948,159,661,24,Inactive,0.0,-19.655397332899685,0.8684363226931396,10.471605694894045,1.0200132806248476
DTXSID4024436,Allura Red C.I.16035,25956-17-6,C18H14N2Na2O8S2,495.998696,85,628,14,Inactive,0.0591000615861434,19.23643689315763,0.8499253530352286,0.0059038248736168,-2.2288665335613502
DTXSID4024721,D-Camphor,464-49-3,C10H16O,152.120115,0,375,0,Inactive,0.0,-7.11577616000393,0.3143970267727816,4.642592608952078,0.6667605756656072
DTXSID4024729,Carbendazim,10605-21-7,C9H9N3O2,191.069477,99,686,14,Inactive,0.0,-11.792438863530627,0.521026467630171,12.729241502623552,1.1048025261171863
DTXSID4024985,"1,3-Dichloro-5,5-dimethylhydantoin",118-52-5,C5H6Cl2N2O2,195.980633,4,577,1,Inactive,0.0021612218736712,15.247778639942144,0.6736940793939604,9.92146120911058,0.9965756387187468
DTXSID4025080,Diisobutyl ketone,108-83-8,C9H18O,142.135765,4,363,1,Inactive,0.0003452081925328,8.551025586030013,0.3778107910724856,0.0888794393871948,-1.0511986933990474
DTXSID4025292,"2-Ethyl-1,3-hexanediol",94-96-2,C8H18O2,146.13068,1,354,0,Inactive,-1.286507742918731e-10,-9.348682044330474,0.4130537235701871,3.3236452000725696,0.5216146565456423
DTXSID4025296,2-Ethyl-2-hexenal,645-62-5,C8H14O,126.104465,5,367,1,Inactive,-4.0090367630238754e-08,-7.789789596656159,0.3441770276782975,0.8662848909383006,-0.062339260158706
DTXSID4025612,2-Methylpentanedinitrile,4553-62-2,C6H8N2,108.068748,1,355,0,Inactive,-2.3833769796487675e-10,-10.222812272387008,0.4516755040384805,0.3960877675699085,-0.4022085697616276
DTXSID4025662,Methyl styryl ketone,122-57-6,C10H10O,146.073165,28,359,8,Inactive,-1.19805919877e-05,-0.2135362929288822,0.0094346946974348,16.65,1.2214142378423387
DTXSID4026214,Triclocarban,101-20-2,C13H9Cl3N2O,313.978046,259,647,40,Inactive,4.16253096777e-05,14.462310564508964,0.6389896673961278,0.025701644937243,-1.590039080392191
DTXSID4026262,"Tris(2,3-epoxypropyl)isocyanurate",2451-62-9,C12H15N3O6,297.096085,159,593,27,Inactive,-5.702119352045557e-13,-4.536658319981839,0.2004436136290022,0.0112079127919707,-1.950475256925816
DTXSID4026501,alpha-Pinene,80-56-8,C10H16,136.125201,2,355,1,Inactive,0.0,5.511028175897989,0.243494291276638,0.0138000062828127,-1.8601207158748296
DTXSID4026684,2-(Phenylmethylene)octanal,101-86-0,C15H20O,216.151415,85,602,14,Inactive,-6.001644138705646e-16,-3.7359431337205473,0.1650655370577705,0.0006100000855043,-3.2146701041137
DTXSID4026769,Hexamethyldisiloxane,107-46-0,C6H18OSi2,162.089618,2,354,1,Inactive,-3.143912086537944e-15,-11.127707340106925,0.4916565703951743,0.3074252010275282,-0.512260534303451
DTXSID4026842,Methyl decanoate,110-42-9,C11H22O2,186.16198,7,362,2,Inactive,-0.0445715395745106,-21.434228507195584,0.9470305926299638,4.608003974191809,0.6635128449743631
DTXSID4027072,Sodium phenolate,139-02-6,C6H5NaO,116.023809,4,366,1,Inactive,0.0,4.756054679232724,0.2101372242039044,0.0182497226856723,-1.7387437304950293
DTXSID4027076,Dodecyl sulfate triethanolamine salt,139-96-8,C18H41NO7S,415.260374,22,368,6,Inactive,-0.0023923360511337,-8.152750276998184,0.3602137545467401,16.65,1.2214142378423387
DTXSID4027153,1-Bromo-4-fluorobenzene,460-00-4,C6H4BrF,173.948041,6,470,1,Inactive,-1.175225623782346e-14,-6.123009957614543,0.2705335415684414,0.6439322110489321,-0.1911598499025677
DTXSID4027236,"2,3-Dinitrotoluene",602-01-7,C7H6N2O4,182.032757,58,617,9,Active,0.9982224894048772,44.39573378549094,1.9615410026538231,26.081321638072737,1.4163295949425114
DTXSID4027282,Phenyl phosphorus dichloride,644-97-3,C6H5Cl2P,177.950593,3,367,1,Inactive,-3.679006441899222e-15,-8.871920081849321,0.3919889036388154,0.3761106714002831,-0.4246843441513614
DTXSID4027367,1-Tetradecene,1120-36-1,C14H28,196.219101,13,590,2,Inactive,-8.04371185209e-05,-2.659279080576842,0.1174951849935585,50.0,1.6989700043360187
DTXSID4027494,"2,3-Diaminotoluene",2687-25-4,C7H10N2,122.084398,144,632,23,Inactive,0.00198433593759,13.78591744448878,0.6091045247100497,9.92128948706478,0.99656812182373
DTXSID4027496,"2,4-D sodium salt",2702-72-9,C8H5Cl2NaO3,241.951344,6,360,2,Inactive,-4.140319497635317e-14,-15.933847155288507,0.7040067110081615,4.506309754829113,0.6538210409584813
DTXSID4027525,Potassium 2-ethylhexanoate,3164-85-0,C8H15KO2,182.070911,3,365,1,Inactive,-7.412915806409722e-13,-11.899580033126473,0.525760296296006,0.2428911569273754,-0.6145882965063336
DTXSID4027527,"1,2,5,6,9,10-Hexabromocyclododecane",3194-55-6,C12H18Br6,635.650879,173,475,36,Inactive,-2.8220882976347687e-12,-8.765817691362878,0.3873009714509086,0.0131881211445663,-1.879817072131324
DTXSID4027608,Terbutylazine,5915-41-3,C9H16ClN5,229.109423,47,603,8,Inactive,2.6007780027175584e-10,9.033401564564716,0.3991236556184999,0.0256171119895092,-1.591469833128316
DTXSID4027650,Diallyldimethylammonium chloride,7398-69-8,C8H16ClN,161.097127,0,355,0,Inactive,1.1000334908207984e-10,3.6646643287884952,0.1619162187207893,16.65,1.2214142378423387
DTXSID4027656,2-Ethylhexyl thioglycolate,7659-86-1,C10H20O2S,204.118401,20,360,6,Inactive,0.0,5.12998449239806,0.2266586013295191,0.0138000167955293,-1.8601203850334544
DTXSID4027868,tert-Nonanethiol,25360-10-5,,,6,360,2,Inactive,0.0050689161349556,16.322178208202292,0.7211643795033956,0.0669200145534278,-1.174443973261455
DTXSID4027991,1-Hexadecanol,36653-82-4,C16H34O,242.260966,22,600,4,Inactive,5.212161397373409e-19,6.075085818333498,0.2684161046842834,0.0501707173935286,-1.2995496889299256
DTXSID4027997,Dichlormid,37764-25-3,C8H11Cl2NO,207.021769,5,470,1,Inactive,-1.4910450414020364e-11,-17.00285886294371,0.7512389587510281,4.296571953468399,0.6331220891955548
DTXSID4029145,Dimethyl malonate,108-59-8,C5H8O4,132.042259,17,587,3,Inactive,0.0,7.803161179376167,0.3447678256117747,0.0659231183580698,-1.1809622574142329
DTXSID4029353,Acetylcedrene,32388-55-9,C17H26O,246.198365,64,383,17,Inactive,-9.380572508837692e-07,-15.293278653769178,0.6757044109085667,3.0886569829633084,0.4897696795290219
DTXSID4029565,"1,2-Benzenedicarboxylic acid, diundecyl ester, branched and linear",85507-79-5,,,6,360,2,Inactive,0.0,-15.78685932471822,0.6975123334639619,4.188208607023027,0.6220283049606531
DTXSID4029692,Potassium nitrate,7757-79-1,KNO3,100.951524,9,478,2,Inactive,-2.90868566572e-05,-11.51359143955346,0.5087061249085384,3.3236398814344654,0.5216139615686248
DTXSID4029698,Sodium persulfate,7775-27-1,Na2O8S2,237.882998,6,362,2,Inactive,-0.001632979972298,-13.70781812197091,0.6056538547844553,1.8248148243311089,0.26121880038074
DTXSID4032372,Difenoconazole,119446-68-3,C19H17Cl2N3O3,405.064697,343,732,47,Inactive,-7.066504281e-06,-0.2694548923341405,0.0119053515869991,50.0,1.6989700043360187
DTXSID4032376,Dimethenamid,87674-68-8,C12H18ClNO2S,275.074678,108,680,16,Inactive,0.0,-11.98203192768804,0.5294032763334675,10.47115423678672,1.0199945566586186
DTXSID4032405,Formetanate hydrochloride,23422-53-9,C11H16ClN3O2,257.093104,65,661,10,Inactive,0.1964228356302322,20.404792492319725,0.901546921551472,0.0057217059817906,-2.242474462812932
DTXSID4032459,Phorate,298-02-2,C7H17O2PS3,260.01283,63,661,10,Active,0.9995136915255172,42.40348603686391,1.8735173275579555,0.005610805550854,-2.2509747820280364
DTXSID4032532,Carfentrazone-ethyl,128639-02-1,C15H14Cl2F3N3O3,411.036431,67,667,10,Inactive,-7.424110623062206e-13,-6.414582306773973,0.2834161108909747,9.921260033078198,0.9965668325031384
DTXSID4032580,Trifloxystrobin,141517-21-7,C20H19F3N2O4,408.129692,233,768,30,Inactive,3.273782360772075e-07,9.273372490550017,0.4097263142667235,0.0416538433272694,-1.3803449208161669
DTXSID4032611,Ethoprop,13194-48-4,C8H19O2PS2,242.056409,51,735,7,Inactive,-4.0048933846916505e-10,-11.261784638507862,0.4975805206469988,15.305630164015325,1.1848512150911814
DTXSID4032613,Fenitrothion,122-14-5,C9H12NO5PS,277.017381,145,787,18,Inactive,0.0,16.464788952085097,0.7274653638028489,12.728379415814803,1.1047731125639482
DTXSID4032615,Flumetsulam,98967-40-9,C12H9F2N5O2S,325.044502,8,691,1,Inactive,0.0,-10.135468967949278,0.4478164063650488,10.473633414321764,1.020097369171793
DTXSID4032619,Halofenozide,112226-61-6,C18H19ClN2O2,330.113506,37,360,10,Inactive,-0.0001059911351552,-15.671270566407328,0.6924052641683361,4.644582974947277,0.6669467259056039
DTXSID4032667,Es-fenvalerate,66230-04-4,C25H22ClNO3,419.128821,122,724,17,Inactive,-2.9581934578555952e-12,-4.8202561514489615,0.2129738440645282,0.0006100000601663,-3.2146701221533296
DTXSID4034150,Haloperidol,52-86-8,C21H23ClFNO2,375.140135,270,752,36,Inactive,0.0,-8.925493375602702,0.394355937661774,10.472519276926294,1.0200511684464837
DTXSID4034287,5-Heptyldihydro-2(3H)-furanone,104-67-6,C11H20O2,184.14633,11,617,2,Inactive,-3.411353882661288e-13,-11.672869767361078,0.5157435346817019,0.0971422673490818,-1.0125917640943698
DTXSID4034497,Metconazole,125116-23-6,C17H22ClN3O,319.14514,121,468,26,Inactive,0.0,-9.615300667967247,0.4248337600228243,0.4067717987796428,-0.3906491640554249
DTXSID4034528,Diclosulam,145701-21-9,C13H10Cl2FN5O3S,404.986544,45,684,7,Inactive,0.0004079275179109,10.296813348195665,0.4549451007330758,0.0006100003577432,-3.214669910291073
DTXSID4034576,2-Bromo-4-hydroxyacetophenone,2491-38-5,C8H7BrO2,213.962942,34,369,9,Inactive,-4.9303065782648814e-08,-10.920147470980496,0.4824859326090272,9.16736275267975,0.9622444167291742
DTXSID4034601,"(2R,6S)-Fenpropimorph",67564-91-4,C20H33NO,303.256215,65,375,17,Inactive,0.0,-5.381870959266229,0.2377877254738078,0.896166949213138,-0.0476110769807062
DTXSID4034609,Fipronil,120068-37-3,C12H4Cl2F6N4OS,435.938706,294,760,39,Inactive,-1.74200104450491e-08,-0.1318720293640477,0.0058265146365321,50.49999999999999,1.7032913781186614
DTXSID4034653,Hexaconazole,79983-71-4,C14H17Cl2N3O,313.074868,275,725,38,Inactive,0.0,-10.189316613960782,0.4501955621203812,10.471340723783785,1.0200022911977866
DTXSID4034948,Tebufenozide,112410-23-8,C22H28N2O2,352.215078,101,670,15,Inactive,-0.0431710601897757,-18.914563793522017,0.8357040027217697,50.00000000000001,1.6989700043360187
DTXSID4035708,Methylbenzethonium chloride,25155-18-4,C28H44ClNO2,,207,395,52,Inactive,-1.7818908289984758e-10,-6.803113288337969,0.3005826128531111,0.1413214492400173,-0.8497919175596144
DTXSID4036229,Sodium decyl sulfate,142-87-0,C10H21NaO4S,260.105825,18,363,5,Inactive,-0.0076792088832703,-12.364944098156164,0.5463215218211424,16.65,1.2214142378423387
DTXSID4036435,1-Octyl-2-pyrrolidone,2687-94-7,C12H23NO,197.177964,18,367,5,Inactive,-8.425658161452148e-09,-3.307010032019144,0.1461139443113126,16.65,1.2214142378423387
DTXSID4038924,Hexyl salicylate,6259-76-3,C13H18O3,222.125594,68,475,14,Inactive,-0.0019977288755783,-9.344706116029606,0.4128780547452625,16.75,1.224014811372864
DTXSID4040002,Monobutyl phthalate,131-70-4,C12H14O4,222.089209,11,692,2,Inactive,-0.0018569946725026,-10.749763389364334,0.4749578362404784,50.00000000000001,1.6989700043360187
DTXSID4040343,Benzyl bromoacetate,5437-45-6,C9H9BrO2,227.978593,16,355,5,Inactive,-1.5306519615e-06,-6.906372119815703,0.3051449077981243,16.65,1.2214142378423387
DTXSID4040711,Ethyl 2-methylbenzoate,87-24-1,C10H12O2,164.08373,13,355,4,Inactive,5.41156183634972e-13,0.88262312759458,0.0389970230705621,16.65,1.2214142378423387
DTXSID4040713,Octyl gallate,1034-01-1,C15H22O5,282.146724,346,713,49,Inactive,-1.1542924171608484e-14,-0.0499170506032233,0.0022054898779884,50.0,1.6989700043360187
DTXSID4041232,"1,3,5-Triisopropylbenzene",717-74-8,C15H24,204.187801,33,361,9,Inactive,0.0,-5.982035798123787,0.2643048666355778,3.891870812573813,0.5901584157901736
DTXSID4041440,2-Methylbutyl isovalerate,2445-77-4,C10H20O2,172.14633,21,362,6,Inactive,-0.0005382976182218,-6.8409252383037895,0.3022532618980536,16.65,1.2214142378423387
DTXSID4041442,Sodium 2-naphthalenesulfonate,532-02-5,C10H7NaO3S,230.00136,6,370,2,Inactive,-7.458555870761028e-13,-14.717844706195528,0.6502799571099553,4.25554393421126,0.6289550785284278
DTXSID4041492,3-Phenylhexane,4468-42-2,C12H18,162.140851,12,362,3,Inactive,-0.0229225864744483,-15.630580577664183,0.6906074544575462,0.0962157590776679,-1.0167537895011882
DTXSID4041521,4-Morpholinepropanamine,123-00-2,C7H16N2O,144.126263,2,359,1,Inactive,-2.066937196597377e-17,-5.2617713950387195,0.2324813548037929,2.282957914498605,0.3584979055027221
DTXSID4041604,n-Amyl butyrate,540-18-1,C9H18O2,158.13068,6,360,2,Inactive,5.6840649766984897e-11,2.6495542014491913,0.117065509717846,16.65,1.2214142378423387
DTXSID4041818,2-sec-Butylcyclohexan-1-one,14765-30-1,C10H18O,154.135765,0,354,0,Inactive,-4.922443087781638e-07,-12.2681793318771,0.5420461547873255,5.177152410000201,0.714090950349399
DTXSID4042094,Levomenol,23089-26-1,C15H26O,222.198365,29,360,8,Inactive,8.22854120905e-05,6.172714005242771,0.2727296203153703,16.65,1.2214142378423387
DTXSID4042096,L-Glucitol,6706-59-8,C6H14O6,182.079038,7,356,2,Inactive,0.0076753927756506,12.153756988572152,0.536990621318798,16.65,1.2214142378423387
DTXSID4042121,Mepanipyrim,110235-47-7,C14H13N3,223.110947,122,625,20,Active,0.9999999864225364,102.23223857729482,4.516936891535021,18.24970680747481,1.261255891646266
DTXSID4042171,4-Dodecylmorpholine,1541-81-7,C16H33NO,255.256215,31,378,8,Inactive,-0.0001235757596936,-8.26688871969513,0.3652567444072272,16.65,1.2214142378423387
DTXSID4042206,1-Dodecyl-2-pyrrolidinone,2687-96-9,C16H31NO,253.240565,193,614,31,Inactive,-1.30725943117e-05,-1.0892485268291126,0.0481263730830336,50.0,1.6989700043360187
DTXSID4042335,Butyl (2S)-2-hydroxypropanoate,34451-19-9,C7H14O3,146.094294,0,354,0,Inactive,1.9357572218e-06,12.71496494310722,0.5617865266901332,3.303819751728842,0.5190163452570303
DTXSID4042416,Sodium myristyl sulfate,1191-50-0,C14H29NaO4S,316.168425,190,645,29,Inactive,0.0,-15.370171449826271,0.6791017727587718,10.472312864329025,1.0200426084493073
DTXSID4042418,Sodium tridecyl sulfate,3026-63-9,C13H27NaO4S,302.152775,70,380,18,Inactive,0.0140028180516197,15.59251750005469,0.6889257098156181,0.9991217725611612,-0.0003815769107362
DTXSID4044537,Sodium triisopropyl naphthalene sulfonate,1323-19-9,,,26,364,7,Inactive,0.0,-4.541470377754982,0.2006562252433246,0.0138000068105555,-1.860120699266448
DTXSID4044581,2-tert-Butyl-4-ethylphenol,96-70-8,C12H18O,178.135765,155,628,25,Inactive,0.0,-2.35973895607202,0.1042605746817843,0.0006100002445875,-3.214669990853197
DTXSID4044828,Ethyl undec-10-enoate,692-86-4,C13H24O2,212.17763,7,355,2,Inactive,0.0,-16.08062644958015,0.7104918747737786,4.237221336540194,0.6270811505073374
DTXSID4044901,Triallyl trimellitate,2694-54-4,C18H18O6,330.110338,20,366,5,Inactive,0.6718378436230098,27.47582932098944,1.2139672261178498,28.824078458586147,1.4597554312573322
DTXSID4047127,4-(tert-Pentyl)-cyclohexanone,16587-71-6,C11H20O,168.151415,9,360,2,Inactive,0.874036337501754,23.917108846288137,1.0567319349558952,0.1823368314250355,-0.7391255964629195
DTXSID4047252,Ingliforib,186392-65-4,C23H24ClN3O5,457.140449,81,612,13,Inactive,-1.0025841981877682e-07,-0.7646035217078595,0.0337825514012256,50.0,1.6989700043360187
DTXSID4047254,CP-457920,220860-50-4,C18H17N3O3,323.126991,61,626,10,Inactive,0.0,-15.23796934563794,0.6732606743943321,10.47135871227665,1.0200030372623723
DTXSID4047258,Enadoline,124378-77-4,C24H32N2O3,396.241293,49,633,8,Inactive,-0.0043409825404908,-16.735798123627067,0.7394393882585174,3.4289075050867135,0.5351557701624118
DTXSID4047331,MK-547,331623-06-4,C31H31NNa2O7,575.189591,12,608,2,Inactive,-6.2240627674396075e-15,-4.2230006203873245,0.1865852451306807,0.1386984525119019,-0.8579283844154748
DTXSID4047333,PharmaGSID_47333,NOCAS_47333,C22H30N4O2,382.236876,68,669,10,Inactive,0.0,1e-06,4.4183096784287834e-08,0.000612118146124,-3.2131647457340566
DTXSID4047335,MK-812,851916-42-2,C28H40F3N3O7,587.281835,17,592,3,Inactive,-0.1783500177662086,-20.741475458690164,0.9164226176402384,0.5918172036739442,-0.2278124143831138
DTXSID4047337,PharmaGSID_47337,1061517-62-1,C34H31N4NaO4,582.2243,301,646,47,Inactive,-1.6976258019435517e-08,-0.0801520616688754,0.0035413662981761,50.0,1.6989700043360187
DTXSID4047339,SR144190,181640-09-5,C33H39ClF2N4O3,612.267875,112,651,17,Inactive,-6.691202769511479e-14,-18.568726112852193,0.8204238230050812,9.841309506497645,0.9930528904645998
DTXSID4047383,AVE3247,1437319-46-4,C25H23ClN5NaO4S,547.105697,21,607,3,Inactive,0.0,6.175492421022279,0.2728523793286633,0.0005567543685128,-3.2543363666359557
DTXSID4047385,SAR377142,NOCAS_47385,C28H37ClN6O6,588.246311,115,613,19,Inactive,-0.0765901118195897,-17.394695495871208,0.7685515146272932,0.0296170926909644,-1.5284575754650842
DTXSID4047387,SAR102779,NOCAS_47387,C35H38Cl2FN3O7,701.207084,317,653,49,Inactive,-1.8095120198240254e-16,-2.902375702053257,0.1282359465481843,0.2425481032009012,-0.6152021173380741
DTXSID4047389,SAR 150640,433212-21-6,C25H35ClN2O7S,542.18535,262,695,38,Inactive,0.0,1.8542893125982245,0.0819282441645979,0.0021335636952371,-2.67089438721896
DTXSID4047597,Poloxalene,9003-11-6,,,2,358,1,Inactive,2.5662952857e-05,14.926583351973024,0.6595026768989636,3.303780353115288,0.5190111661904434
DTXSID4047628,Dicyclohexyl disulfide,2550-40-5,C12H22S2,230.116293,60,595,10,Inactive,0.0,5.287942142316158,0.2336376594636691,0.0509427668223202,-1.2929174711699265
DTXSID4047882,Phenylparaben,17696-62-7,C13H10O3,214.062994,65,409,16,Inactive,1.7420356641e-06,9.849920769869607,0.4352000026927157,3.303862826035235,0.5190220074338551
DTXSID4048191,"4,4'-Methylenebis(2,6-diethylaniline)",13680-35-8,C21H30N2,310.240899,127,364,35,Inactive,-1.3018809106e-06,-1.0429044680073265,0.0460787490467339,16.65,1.2214142378423387
DTXSID4048193,"4,4'-Di-tert-butylbiphenyl",1625-91-8,C20H26,266.203451,6,359,2,Inactive,-1.1518675838138676e-08,-11.69829977299774,0.5168671110819715,1.2551445350370565,0.0986937394861732
DTXSID4048195,4-(Hexyloxy)phenol,18979-55-0,C12H18O2,194.13068,122,368,33,Inactive,-8.700346743879406e-08,-0.4891293391671985,0.021611248932459,16.65,1.2214142378423387
DTXSID4048199,4-Butyloxyaniline,4344-55-2,C10H15NO,165.115364,15,358,4,Inactive,-0.0816174736585084,-14.65882926524766,0.6476724721707883,16.65,1.2214142378423387
DTXSID4048511,Ro 3280,1062243-51-9,C27H35F2N7O3,543.276944,403,706,57,Inactive,0.0,1e-06,4.4183096784287854e-08,0.0034928341864457,-2.4568220309157174
DTXSID4048513,PharmaGSID_48513,825643-57-0,C30H30F7N3O3,613.217539,324,619,52,Inactive,-4.483277163713493e-08,-0.2218028550287608,0.0097999370107671,40.75,1.6101276130759954
DTXSID4048519,PharmaGSID_48519,686756-87-6,C22H20BrN5O4,497.069867,327,640,51,Inactive,1.5152397634e-05,16.063190068479095,0.7097214814600229,0.1042015314224549,-0.982125898278008
DTXSID5020027,Acrylamide,79-06-1,C3H5NO,71.037114,14,686,2,Inactive,-0.002026151143084,-15.11980957915367,0.6680400099957489,50.0,1.6989700043360187
DTXSID5020029,Acrylonitrile,107-13-1,C3H3N,53.026549,5,367,1,Inactive,0.6907599168966925,24.896350410850637,1.0999978597781577,0.388307727966403,-0.4108239661890339
DTXSID5020106,L-Ascorbic acid,50-81-7,C6H8O6,176.032088,5,419,1,Inactive,-0.3044320244799596,-21.544277294068475,0.951892888831362,16.65,1.2214142378423387
DTXSID5020108,Aspirin,50-78-2,C9H8O4,180.042259,23,688,3,Inactive,-8.655586070060404e-08,-9.68217451104804,0.4277884535040003,50.00000000000001,1.6989700043360187
DTXSID5020152,Benzyl alcohol,100-51-6,C7H8O,108.057515,7,607,1,Inactive,-7.082845973907775e-08,-3.68579935996212,0.1628500298486725,50.0,1.6989700043360187
DTXSID5020154,Clorophene,120-32-1,C13H11ClO,218.049843,340,868,39,Inactive,0.0,-5.567967727331893,0.2460100569884961,0.0058336056141701,-2.234062935066748
DTXSID5020233,Ergocalciferol,50-14-6,C28H44O,396.339216,111,397,28,Inactive,-0.0159980468513328,-13.06861018061513,0.5774116684462476,16.65,1.2214142378423387
DTXSID5020281,1-Chloro-4-nitrobenzene,100-00-5,C6H4ClNO2,156.993056,1,592,0,Inactive,-4.4562985689944126e-12,-5.94158059234031,0.2625174303630181,4.524288665515834,0.6555503066515536
DTXSID5020283,"4-Chloro-1,2-diaminobenzene",95-83-0,C6H7ClN2,142.029776,213,634,34,Inactive,0.0,19.08561820137862,0.843261716179477,10.47184099692694,1.0200230393217782
DTXSID5020366,Cyproterone acetate,427-51-0,C24H29ClO4,416.175437,176,698,25,Inactive,1.94039165991e-05,19.92024777715245,0.8801382355049212,0.115789658191818,-0.9363302280938648
DTXSID5020443,"2,4-D Butyl ester",94-80-4,C12H14Cl2O3,276.032,9,373,2,Inactive,-0.0001078112590366,-16.132552686617842,0.7127861367304588,1.2458294239540433,0.0954585838105355
DTXSID5020449,Dichlorvos,62-73-7,C4H7Cl2O4P,219.945901,85,730,12,Active,0.9906873192200444,68.75273337072976,3.0377086727032885,25.0,1.3979400086720375
DTXSID5020493,Dimethyl phosphonate,868-85-9,C2H7O3P,110.013281,8,364,2,Inactive,-2.1357303663154573e-17,-11.804155742131885,0.52154415561142,0.0281089910285239,-1.551154743101516
DTXSID5020499,"N,N-Dimethylacetamide",127-19-5,C4H9NO,87.068414,5,375,1,Inactive,-8.76609245714852e-08,-11.197977017738037,0.4947613023629504,1.376936133323944,0.138913796765099
DTXSID5020528,"2,6-Dinitrotoluene",606-20-2,C7H6N2O4,182.032757,14,609,2,Inactive,0.0,-4.920848335045948,0.2174183182481367,0.0209786311453612,-1.6782228529113272
DTXSID5020570,Sodium erythorbate,6381-77-7,C6H7NaO6,198.014032,6,596,1,Inactive,-0.0140997638851892,-17.029370887332234,0.7524103420905336,17.73115448213811,1.248737013598605
DTXSID5020576,17alpha-Ethinylestradiol,57-63-6,C20H24O2,296.17763,220,734,30,Active,0.9999999999996728,41.91062210883864,1.851741072924531,0.0921991667233216,-1.0352730039908244
DTXSID5020601,"4,5-Dihydro-2-mercaptoimidazole",96-45-7,C3H6N2S,102.025169,19,810,2,Inactive,9.212085282507683e-10,1.605327193700376,0.0709283267697128,50.0,1.6989700043360187
DTXSID5020605,2-Ethyl-1-hexanol,104-76-7,C8H18O,130.135765,7,594,1,Inactive,3.156310045701429e-08,4.5994369628169895,0.2032173684813739,50.00000000000001,1.6989700043360187
DTXSID5020607,Di(2-ethylhexyl) phthalate,117-81-7,C24H38O4,390.27701,88,813,11,Inactive,-1.0602410905353637e-08,-0.1069867848338982,0.0047270074689559,50.0,1.6989700043360187
DTXSID5020653,Gentian Violet,548-62-9,C25H30ClN3,407.212826,489,724,68,Inactive,-7.356754356643778e-17,-0.0012249581407375,5.41224440889e-05,50.0,1.6989700043360187
DTXSID5020730,8-Hydroxyquinoline,148-24-3,C9H7NO,145.052764,164,608,27,Inactive,7.610228578412514e-10,0.1096579283910909,0.004845026863268,50.0,1.6989700043360187
DTXSID5020784,Lovastatin,75330-75-5,C24H36O5,404.256274,203,677,30,Inactive,-0.0067334947387422,-14.238002980501529,0.6290790637024776,50.0,1.6989700043360187
DTXSID5020811,Mercuric chloride,7487-94-7,Cl2Hg,271.908348,406,721,56,Inactive,-7.605325215328758e-11,-0.0432069175440264,0.0019090154195984,50.0,1.6989700043360187
DTXSID5020819,Methidathion,950-37-8,C6H11N2O4PS3,301.961857,81,688,12,Inactive,0.0,-4.547422797385942,0.20091922157598,0.0246861801874884,-1.6075461053631557
DTXSID5020863,Methyldopa sesquihydrate,41372-08-1,C20H32N2O11,476.20061,26,607,4,Active,0.9956695822070885,57.54001666690951,2.5422961253635976,50.0,1.6989700043360187
DTXSID5020867,"4,4'-Methylenebis(o-toluidine)",838-88-0,C15H18N2,226.146999,80,644,12,Inactive,0.0211615109550808,15.374815015823748,0.6793069398846625,0.0109439600005779,-1.9608255029375576
DTXSID5020869,"4,4'-Methylenebis(N,N-dimethylaniline)",101-61-1,C17H22N2,254.178299,106,611,17,Inactive,-1.865591260788935e-08,-0.2190641976523868,0.0096789346468477,50.0,1.6989700043360187
DTXSID5020944,Nitrofurazone,59-87-0,C6H6N4O4,198.038905,79,602,13,Active,0.9999999955349076,64.2348175842344,2.8380931622453027,6.3926325996991675,0.8056797451802489
DTXSID5021097,Oxytetracycline hydrochloride,2058-46-0,C22H25ClN2O9,496.124858,42,659,6,Inactive,0.0,-21.624810186457093,0.9554510814100872,10.472325080692125,1.0200431150705338
DTXSID5021124,Phenol,108-95-2,C6H6O,94.041865,2,636,0,Inactive,-0.001436349546551,-14.147392048575972,0.6250755921274963,50.0,1.6989700043360187
DTXSID5021126,Phenothiazine,92-84-2,C12H9NS,199.04557,112,669,17,Inactive,-0.1020719174752854,-19.528200374563003,0.862816367172283,91.91575666949906,1.963389966751172
DTXSID5021201,Gallic acid n-propyl ester,121-79-9,C10H12O5,212.068473,110,617,18,Inactive,0.0,-22.23719976120862,0.9825083492610226,10.471421409968316,1.020005637610689
DTXSID5021209,6-Propyl-2-thiouracil,51-52-5,C7H10N2OS,170.051384,26,720,4,Inactive,8.554151032135441e-10,13.40899466636574,0.5924509091240368,1.2434611322184042,0.0946322147552234
DTXSID5021251,Saccharin,81-07-2,C7H5NO3S,182.999014,11,515,2,Inactive,-7.968537377528305e-11,-3.6591602611634713,0.1616730319682056,16.65,1.2214142378423387
DTXSID5021332,Bis(dimethylaminothiocarbonyl) disulfide,137-26-8,C6H12N2S4,239.988333,310,773,40,Inactive,1.3502359786853969e-08,9.304046829515034,0.4110816015540091,0.0114087563204234,-1.942761695863639
DTXSID5021336,Theophylline,58-55-9,C7H8N4O2,180.064726,10,623,2,Inactive,-0.0511451897496686,-14.406942382385402,0.6365433296465925,50.0,1.6989700043360187
DTXSID5021386,"2,4,6-Trichlorophenol",88-06-2,C6H3Cl3O,195.924948,36,612,6,Inactive,9.223160291938932e-18,5.399451120396243,0.2385644714344985,0.0006100002318584,-3.214669999915779
DTXSID5021388,"2,4,5-Trichlorophenoxyacetic acid",93-76-5,C8H5Cl3O3,253.930427,20,470,4,Inactive,5.3111403359079715e-17,8.548744255828126,0.3777099948393787,0.2522080319657808,-0.5982410867444099
DTXSID5021413,"Tris(2,3-dibromopropyl) phosphate",126-72-7,C9H15Br6O4P,691.580824,142,487,29,Inactive,1.039429414937994e-17,8.41674800036759,0.3718779915092023,0.2365196519505846,-0.6261327687565263
DTXSID5021415,Triisopropanolamine,122-20-3,C9H21NO3,191.152144,2,354,1,Inactive,-0.0014779397193734,-14.97761647082624,0.6617574781284593,0.6241807462843059,-0.2046896318761429
DTXSID5021419,L-Tryptophan,73-22-3,C11H12N2O2,204.089878,14,583,2,Inactive,-0.0004506979669302,-8.216714762545186,0.3630399036024205,50.0,1.6989700043360187
DTXSID5021590,Dodecanoic acid,143-07-7,C12H24O2,200.17763,33,363,9,Inactive,-0.0009810416510869,-6.39516402368874,0.2825581510100352,16.65,1.2214142378423387
DTXSID5021754,"5,5-Dimethylhydantoin",77-71-4,C5H8N2O2,128.058578,6,598,1,Inactive,-1.6627864257717198e-07,-4.575507411322173,0.2021600867916738,50.50000000000001,1.7032913781186614
DTXSID5021758,Tris(2-butoxyethyl) phosphate,78-51-3,C18H39O7P,398.243341,48,505,10,Inactive,3.763950078271517e-13,11.175146909171955,0.4937525974665795,30.000085257360908,1.4771224889446215
DTXSID5021831,3-Nitrotoluene,99-08-1,C7H7NO2,137.047678,4,594,1,Inactive,-1.7535849122e-06,-11.605955574995084,0.5127870584441527,50.0,1.6989700043360187
DTXSID5021837,"N,N-Diethylethanolamine",100-37-8,C6H15NO,117.115364,1,608,0,Inactive,0.0,3.487073857709004,0.1540697217491168,0.0477546542118954,-1.320984295283547
DTXSID5021885,"2-Methyl-2,4-pentanediol",107-41-5,C6H14O2,118.09938,11,609,2,Inactive,0.0,4.642105393148357,0.2051025918683383,0.1163802318554975,-0.934120781929832
DTXSID5021914,5-Methyl-2-hexanone,110-12-3,C7H14O,114.104465,19,366,5,Inactive,7.7425787644e-06,6.794598838545716,0.300206418093875,16.55,1.2187979981117376
DTXSID5021916,2-Heptanone,110-43-0,C7H14O,114.104465,27,355,8,Inactive,0.0,5.389845220010132,0.2381400530080388,4.094851001269301,0.6122381037756014
DTXSID5021968,3-Ethoxy-4-hydroxybenzaldehyde,121-32-4,C9H10O3,166.062994,2,358,1,Active,0.9839842194197022,41.34576137189587,1.826783776314544,7.993029518229405,0.902711416820806
DTXSID5022308,Genistein,446-72-0,C15H10O5,270.052823,188,671,28,Inactive,7.173065762256116e-08,9.484803867796114,0.4190680072708232,0.4709107967075702,-0.3270613522483635
DTXSID5022437,Nordihydroguaiaretic acid,500-38-9,C18H22O4,302.151809,154,395,39,Inactive,-0.0001787638954802,-12.025995916759216,0.5313457415176227,0.7780254759898033,-0.1090061820583224
DTXSID5022439,Phenolphthalin,81-90-3,C20H16O4,320.104859,33,642,5,Inactive,-4.71019065538e-05,-11.539401379744168,0.509846487993981,0.0006100002062728,-3.214670018131594
DTXSID5022489,E-Cinnamic acid,140-10-3,C9H8O2,148.052429,10,389,3,Inactive,0.0,-6.638896171714695,0.2933269920957083,3.8680846501827046,0.587495969729726
DTXSID5022510,4-Chloro-2-methylphenol,1570-64-5,C7H7ClO,142.018542,16,371,4,Inactive,-0.0006965804847684,-10.661353987816872,0.4710516350952659,16.65,1.2214142378423387
DTXSID5022934,Digoxin,20830-75-5,C41H64O14,780.429607,107,370,29,Inactive,0.0,1e-06,4.4183096784288595e-08,0.0579716275091665,-1.2367845069721906
DTXSID5023322,Mifepristone,84371-65-3,C29H35NO2,429.266779,363,736,49,Inactive,0.0,9.373312534999991,0.4141419749232829,0.0109768434965321,-1.959522527747543
DTXSID5023588,D-Glucitol,50-70-4,C6H14O6,182.079038,6,411,1,Inactive,-2.179761725843437e-08,-11.28325086007983,0.498528964792306,0.863134659736214,-0.0639214436611785
DTXSID5023742,Warfarin,81-81-2,C19H16O4,308.104859,36,663,5,Inactive,-1.9377918091e-06,-0.8816752151486463,0.0389551413632204,50.0,1.6989700043360187
DTXSID5023792,4-Nitrotoluene,99-99-0,C7H7NO2,137.047678,15,592,3,Inactive,0.0,-4.036093807006533,0.1783271233054343,0.0746156398507779,-1.1271701324604548
DTXSID5023796,Pentamidine isethionate,140-64-7,C23H36N4O10S2,592.187286,251,662,38,Inactive,-2.141932202077171e-11,-6.3704633071673475,0.2814667968613292,0.0416740997481428,-1.3801337731109178
DTXSID5023825,Indium arsenide,1303-11-3,AsIn,189.825474,6,590,1,Inactive,0.0,5.69285929030683,0.2515281530029588,0.0212919922690652,-1.6717837001877538
DTXSID5023871,Amitraz,33089-61-1,C19H23N3,293.189198,168,686,24,Inactive,-9.107044907353834e-15,-4.671412480797326,0.2063974697583983,0.0306248253419218,-1.5139263794684192
DTXSID5023875,Ammonium sulfamate,7773-06-0,H6N2O3S,114.009913,6,359,2,Inactive,0.0,8.496160868586486,0.3753866979516356,0.0758790571150619,-1.1198780743604686
DTXSID5023877,2-Anisidine,90-04-0,C7H9NO,123.068414,17,593,3,Inactive,-1.3970797615e-06,-14.91040446278225,0.6587878434719854,11.027242682116686,1.0424669324181932
DTXSID5023900,Benomyl,17804-35-2,C14H18N4O3,290.13789,99,735,13,Inactive,0.0,-12.411541774595667,0.548380351469192,12.726075738907827,1.1046945036001783
DTXSID5023902,Benz(a)anthracene,56-55-3,C18H12,228.0939,160,663,24,Inactive,0.8083918831030513,29.139921070388773,1.2874919529394957,9.921276919261324,0.9965675716804088
DTXSID5023950,Carbosulfan,55285-14-8,C20H32N2O3S,380.213364,153,611,25,Inactive,0.0,-12.871282375278644,0.5686931149248344,10.473556382087995,1.0200941749796957
DTXSID5024051,Bis(1-methylethyl) methylphosphonate,1445-75-6,C7H17O3P,180.091531,15,608,2,Inactive,-4.803929567991085e-10,-2.432272029688444,0.1074653104934407,50.0,1.6989700043360187
DTXSID5024055,Dimethyl sulfate,77-78-1,C2H6O4S,125.99868,7,617,1,Inactive,-9.611731392491697e-16,-7.76820978370915,0.343223564714273,0.0006100006228926,-3.2146697215159783
DTXSID5024057,Dimethylamine,124-40-3,C2H7N,45.057849,0,363,0,Inactive,-7.5239497917e-06,-0.0396153041888596,0.0017503268191153,16.65,1.2214142378423387
DTXSID5024059,"3,3'-Dimethylbenzidine",119-93-7,C14H16N2,212.131349,90,643,14,Inactive,2.71055012453053e-14,4.190125554056404,0.1851327228931918,0.4021653320809459,-0.3955953696787762
DTXSID5024182,2-Methoxyethanol,109-86-4,C3H8O2,76.052429,3,706,0,Inactive,0.2042778359065267,22.620356012907912,0.9994373790133576,50.0,1.6989700043360187
DTXSID5024211,Napropamide,15299-99-7,C17H21NO2,271.157229,161,768,21,Inactive,-3.35756601755e-05,-7.679633316610307,0.3393099820956345,50.0,1.6989700043360187
DTXSID5024261,Phosmet,732-11-6,C11H12NO4PS2,316.994537,72,693,10,Inactive,0.0,2.6390196100304375,0.1166000588456083,0.5515633612324736,-0.2584045904712484
DTXSID5024263,Phosphoric acid,7664-38-2,H3O4P,97.976896,5,363,1,Inactive,-1.0397943867085309e-17,-7.81904586684964,0.3454696602958034,0.1874659213852634,-0.7270776692668081
DTXSID5024344,Tri-allate,2303-17-5,C10H16Cl3NOS,303.001818,164,760,22,Inactive,-8.427922177134746e-11,-0.3386222395501352,0.0149613791833559,50.0,1.6989700043360187
DTXSID5024394,Acetic acid,64-19-7,C2H4O2,60.021129,18,584,3,Inactive,-0.0021191660498805,-8.629751164979249,0.3812891309465988,50.0,1.6989700043360187
DTXSID5024681,tert-Butylamine,75-64-9,C4H11N,73.089149,1,360,0,Inactive,3.2952482227e-05,3.118497847121209,0.1377848922009496,16.8,1.2253092817258628
DTXSID5024845,Colchicine,64-86-8,C22H25NO6,399.168188,216,689,31,Inactive,0.0,1e-06,4.4183096784287834e-08,0.000612118146124,-3.2131647457340566
DTXSID5024891,Cytarabine hydrochloride,69-74-9,C9H14ClN3O5,279.062198,111,686,16,Inactive,0.000701699890129,16.996402462879935,0.7509536950021322,0.0006101296857898,-3.2145778439453676
DTXSID5024922,"1,6-Hexanediamine",124-09-4,C6H16N2,116.131349,7,362,2,Inactive,0.0,-4.532461533114329,0.200258186588652,0.8676988193672225,-0.0616309934697671
DTXSID5025021,Dicyclohexyl phthalate,84-61-7,C20H26O4,330.183109,170,497,34,Inactive,-0.0003594950126195,-13.074304414103043,0.5776632573155563,17.4,1.2405492482825995
DTXSID5025023,Dicyclopentadiene,77-73-6,C10H12,132.0939,5,475,1,Inactive,0.0,9.517830665090711,0.4205272334521656,4.1986096370943615,0.6231054982776879
DTXSID5025102,3-(Dimethylamino)propylamine,109-55-7,C5H14N2,102.115698,1,360,0,Inactive,-1.9172603361754856e-14,-13.06945836076454,0.5774491436718794,0.9932243001952316,-0.0029526635520311
DTXSID5025152,Dimethyl succinate,106-65-0,C6H10O4,146.057909,6,590,1,Inactive,-0.0001096842256938,-7.368133105092061,0.3255469381017977,1.7337431835780512,0.2389847666031823
DTXSID5025607,"1,2-Dimethoxy-4-(2-propen-1-yl)benzene",93-15-2,C11H14O2,178.09938,18,604,3,Inactive,1.8322964381822765e-13,12.2200597314988,0.5399200818265898,0.3372460282961751,-0.4720531562571307
DTXSID5025659,Methyl salicylate,119-36-8,C8H8O3,152.047344,18,584,3,Active,0.9998813699283776,58.33238451197019,2.5773053905506713,31.673735747893595,1.5006992891065074
DTXSID5026178,Potassium dichloroisocyanurate,2244-21-5,C3Cl2KN3O3,234.895378,0,355,0,Inactive,-1.4502641722e-06,-12.125715150512343,0.5357516460737922,0.0075188055956507,-2.1238511440382633
DTXSID5026251,Triphenylphosphine,603-35-0,C18H15P,262.091137,40,361,11,Inactive,0.1011034231681606,20.111016412481405,0.8885669845830669,0.0137999848895469,-1.8601213891342696
DTXSID5026259,Tris(2-chloroisopropyl)phosphate,13674-84-5,C9H18Cl3O4P,326.000829,22,525,4,Inactive,0.0011454467113737,1.8880087334205808,0.0834180725983022,15.8,1.1986570869544226
DTXSID5026461,2-Methylpropanenitrile,78-82-0,C4H7N,69.057849,6,354,2,Inactive,0.0,-13.446995793636994,0.5941299166081746,4.1135555235492856,0.6142173636595538
DTXSID5026548,"2,4,6-Tris(dimethylaminomethyl)phenol",90-72-2,C15H27N3O,265.215413,4,357,1,Inactive,0.0,-8.460082701758559,0.3737926528148776,3.9711069492979822,0.5989115835797462
DTXSID5026623,4-tert-Butylcyclohexanol,98-52-2,C10H20O,156.151415,7,361,2,Inactive,-2.490573621289379e-07,-13.025244450180413,0.5754956361813292,4.519884212231275,0.6551273094500718
DTXSID5026706,"1,2-Diphenoxyethane",104-66-5,C14H14O2,214.09938,24,493,5,Inactive,0.0002502329706046,6.721328786440936,0.2969691202903397,16.65,1.2214142378423387
DTXSID5026889,Methyl dodecanoate,111-82-0,C13H26O2,214.19328,9,588,2,Inactive,3.3570996976844076e-10,6.103392756954663,0.2696667928930492,0.0012496420613103,-2.903214365438942
DTXSID5026912,2-[2-(2-Methoxyethoxy)ethoxy]ethanol,112-35-6,C7H16O4,164.104859,1,419,0,Inactive,-0.0001986413598185,-14.210899321472164,0.6278815401123748,1.0151536967849455,0.0065318004879516
DTXSID5026918,1-Dodecanol,112-53-8,C12H26O,186.198365,86,604,14,Inactive,0.0,-4.159463656057856,0.1837779852863319,1.1622191384878036,0.0652880227730428
DTXSID5027061,2-Naphthalenol,135-19-3,C10H8O,144.057515,99,626,16,Inactive,0.0201297279118919,12.735115699554504,0.5626768495125202,50.0,1.6989700043360187
DTXSID5027142,"1,2-Dichloro-4-(trifluoromethyl)benzene",328-84-7,C7H3Cl2F3,213.95639,3,360,1,Inactive,-0.0026306826971618,-11.327133673415966,0.5004678433811034,16.65,1.2214142378423387
DTXSID5027198,N-Methylphthalimide,550-44-7,C9H7NO2,161.047678,1,366,0,Inactive,0.0,-5.322449428041152,0.2351622982086196,0.8828599497983729,-0.0541081841390258
DTXSID5027304,Dimethyltin dichloride,753-73-1,C2H6Cl2Sn,219.886858,54,356,15,Inactive,1.2246405625293992e-08,4.4547111806794515,0.1968229352420093,16.65,1.2214142378423387
DTXSID5027356,Tris(2-methoxyethoxy)vinylsilane,1067-53-4,C11H24O6Si,280.134215,10,358,3,Inactive,-1.06925587247e-05,-12.644964002863944,0.5586936683723733,0.2815672210766207,-0.5504179054040234
DTXSID5027433,"N-[3-(Trimethoxysilyl)propyl]ethane-1,2-diamine",1760-24-3,C8H22N2O3Si,222.139969,9,354,3,Inactive,0.0026296298756237,19.11812814211317,0.8446981060374031,29.557163147101804,1.4706627487795556
DTXSID5027770,2-Acrylamido-2-methyl-1-propanesulfonic acid,15214-89-8,C7H13NO4S,207.056529,25,363,7,Inactive,0.0,-4.00330820471232,0.176878553866138,0.0138000017154112,-1.8601208596137215
DTXSID5027774,Ethylenediaminetetraacetic acid ferric sodium salt,15708-41-5,C10H12FeN2NaO8,366.984071,4,363,1,Inactive,-1.0500199600032268e-16,-13.092584188624432,0.5784709143624298,0.1454049883356936,-0.8374206940993725
DTXSID5027932,Dodecylbenzene sulfonate triethanolamine(1:1),27323-41-7,C24H45NO6S,,175,686,26,Inactive,0.7726579233003972,26.484723800202403,1.1701771149694742,9.424282374178976,0.9742482901457584
DTXSID5027982,Diisononyl adipate,33703-08-1,,,8,613,1,Inactive,-0.0104502583237059,-9.114678021810562,0.4027147011952772,49.99999999999999,1.6989700043360187
DTXSID5028033,Triisononyl trimellitate,53894-23-8,,,6,586,1,Inactive,0.0,3.4258736354728923,0.1513657064068388,0.038170185796767,-1.4182757260788212
DTXSID5028665,DINP branched,68515-48-0,,,6,383,2,Inactive,-1.23795337362e-05,-12.55554052395506,0.5547426621489543,5.217497168267765,0.7174622220295822
DTXSID5029055,"4-Nonylphenol, branched",84852-15-3,,,344,796,43,Inactive,6.569992055297693e-07,11.5072223256232,0.5084247177313276,0.0235647496735713,-1.6277371693549738
DTXSID5029217,1-Propoxy-2-propanol,1569-01-3,C6H14O2,118.09938,7,360,2,Inactive,0.8741289220564998,28.87301063998506,1.2756990235602323,0.0227155453545328,-1.6436768321876258
DTXSID5031131,Dipentyl phthalate,131-18-0,C18H26O4,306.183109,91,716,13,Inactive,-0.0391405424227659,-17.434544011055266,0.7703121454303805,11.430047013315358,1.058048016710369
DTXSID5032315,"4,5-Dichloro-2-octyl-3(2H)-isothiazolone",64359-81-5,C11H17Cl2NOS,281.040791,161,376,43,Inactive,0.0,-9.508709644165483,0.4201242385018547,4.2430674403188275,0.6276799346008276
DTXSID5032361,"2,2-Dibromo-3-nitrilopropionamide",10222-01-2,C3H2Br2N2O,239.853389,23,609,4,Inactive,-3.685469518659003e-09,-9.423670304581517,0.4163669371305442,0.0007491345427362,-3.125440177066154
DTXSID5032365,"2,6-Dichlorobenzonitrile",1194-65-6,C7H3Cl2N,170.964255,15,682,2,Inactive,-1.2605500737e-06,-7.257751245493364,0.3206699257159188,50.0,1.6989700043360187
DTXSID5032442,Imidacloprid,138261-41-3,C9H10ClN5O2,255.052302,57,753,8,Inactive,-2.8267855167679064e-10,-6.578202132842112,0.2906453415019716,0.0236137403561701,-1.62683521633565
DTXSID5032498,Triclosan,3380-34-5,C12H7Cl3O2,287.951163,374,882,42,Inactive,1.1365339779585497e-17,5.264017276975051,0.2325805848227519,0.6181383023539782,-0.2089143449284861
DTXSID5032523,"1,2-Benzisothiazolin-3-one",2634-33-5,C7H5NOS,151.009185,270,635,43,Inactive,-3.609309070501142e-08,-0.1819155284848017,0.0080375914016088,50.0,1.6989700043360187
DTXSID5032525,Bifenazate,149877-41-8,C17H20N2O3,300.147393,107,683,16,Inactive,-2.877516077958063e-07,-3.274164333090379,0.1446627196165954,50.0,1.6989700043360187
DTXSID5032573,Pyridaben,96489-71-3,C19H25ClN2OS,364.137612,298,826,36,Inactive,-0.0001439902910125,-14.375333325312354,0.635146743618674,0.0058081318580046,-2.235963532708485
DTXSID5032577,Tefluthrin,79538-32-2,C17H14ClF7O2,418.057054,91,702,13,Inactive,0.0,-14.20913263417675,0.6278034823966141,10.471030525040437,1.0199894256439352
DTXSID5032579,Triclopyr 2-butoxyethyl ester,64700-56-7,C13H16Cl3NO4,355.014491,8,357,2,Inactive,-7.121606168912147e-15,-7.369994392198512,0.3256291755301654,4.992454892611757,0.6983141496612569
DTXSID5032600,Cyclanilide,113136-77-9,C11H9Cl2NO3,272.995949,147,700,21,Inactive,0.1358273034814829,15.55220387890258,0.6871445291905293,0.0038256759591908,-2.4172918181809515
DTXSID5032654,"N,N'-Bis(1-formamido-2,2,2-trichloroethyl)piperazine",26644-46-2,C10H14Cl6N4O2,431.924792,19,376,5,Inactive,-3.2136761375911063e-09,-9.583355872495044,0.4234223400327216,4.646073111521524,0.6670860396614902
DTXSID5033836,4-Nonylphenol,104-40-5,C15H24O,220.182715,211,648,33,Inactive,-1.7885204422009645e-07,-0.1433692538451256,0.0063344976185303,50.0,1.6989700043360187
DTXSID5034270,Imazapic,104098-48-8,C14H17N3O3,275.126991,8,646,1,Inactive,0.0,-5.894070466381792,0.2604182858695592,10.664362689225998,1.0279349067781756
DTXSID5034303,Fluroxypyr-meptyl,81406-37-3,C15H21Cl2FN2O3,366.091326,134,670,20,Inactive,-6.662560364951536e-13,-0.1331746510796684,0.0058840684978667,50.0,1.6989700043360187
DTXSID5034357,Lufenuron,103055-07-8,C17H8Cl2F8N2O3,509.978423,38,359,11,Inactive,-0.0676540939363809,-19.99004393971169,0.883222046110448,3.303781468746638,0.5190113128443989
DTXSID5034723,Isoxaflutole,141112-29-0,C15H12F3NO4S,359.043914,24,715,3,Inactive,-0.0009932213253373,-2.444795707993783,0.1080186453841008,50.00000000000001,1.6989700043360187
DTXSID5034773,Novaluron,116714-46-6,C17H9ClF8N2O4,492.01231,27,662,4,Inactive,-0.0044487498575201,-7.725287399733291,0.3413271208688552,50.0,1.6989700043360187
DTXSID5034981,Tributyltin benzoate,4342-36-3,C19H32O2Sn,412.142432,211,374,56,Inactive,0.6955428520059868,24.55432552282911,1.0848861410480677,0.0158532066823271,-1.799882878330589
DTXSID5035589,Didecylmethyl(3-(trimethoxysilyl)propyl)ammonium chloride,68959-20-6,C27H60ClNO3Si,509.403099,160,377,42,Inactive,-6.298765798659562e-09,-6.50861027513851,0.287570557717655,0.7298247537369728,-0.1367814105944743
DTXSID5035616,Sodium 2-nitrophenolate,824-39-5,C6H4NNaO3,161.008887,3,363,1,Inactive,-6.605027066728971e-09,-9.68889441488776,0.4280853596657317,0.6831199129865683,-0.1655030547703956
DTXSID5035957,Cyfluthrin,68359-37-5,C22H18Cl2FNO3,433.064777,137,823,17,Inactive,-2.369916654271556e-09,-17.577924132608903,0.7766471232179278,32.100651044823884,1.5065138405764371
DTXSID5037028,Hexadecyltrimethylammonium bromide,57-09-0,C19H42BrN,363.250063,205,379,54,Inactive,-6.37711583897131e-18,-0.056342781275455,0.0024893985581893,16.65,1.2214142378423387
DTXSID5037494,Desethylatrazine,6190-65-4,C6H10ClN5,187.062473,3,372,1,Inactive,-1.4323038557363206e-07,-2.824462326904011,0.1247934923531747,16.65,1.2214142378423387
DTXSID5037523,Diazoxon,962-58-3,C12H21N2O4P,288.123894,29,726,4,Inactive,1.035313058815924e-08,10.6662245881105,0.4712668332994367,88.4830492898634,1.9468600808112375
DTXSID5038830,"alpha,alpha-Dimethylphenethyl butyrate",10094-34-5,C14H20O2,220.14633,8,355,2,Inactive,-1.5831136847756897e-11,-10.222058580739567,0.4516422036074762,5.430949722106846,0.7348757822600128
DTXSID5038888,Basic Blue 7,2390-60-5,C33H40ClN3,513.291076,321,507,63,Inactive,-0.0028151333388542,-8.162233926880532,0.3606327715673602,16.55,1.2187979981117376
DTXSID5040700,Trimethoxyphenylsilane,2996-92-1,C9H14O3Si,198.071221,3,481,1,Inactive,-0.0002715947985068,-11.396620442015776,0.5035379840033761,16.65,1.2214142378423387
DTXSID5040708,4-Hexylaniline,33228-45-4,C12H19N,177.15175,51,368,14,Inactive,0.8764529733231707,29.470418741404508,1.302094363524965,0.1888060799228075,-0.7239840246861965
DTXSID5041273,Pyrazolone T,118-47-8,C10H8N2O6S,284.010307,4,362,1,Inactive,-2.3613994222e-06,-0.8954379241804212,0.0395632204683853,16.65,1.2214142378423387
DTXSID5041275,1-Monolaurin,142-18-7,C15H30O4,274.214409,37,364,10,Inactive,-2.9738936817373487e-11,-9.740026888797903,0.4303445507093236,6.130848621382214,0.7875205929646156
DTXSID5041302,(Dicyclopentadienyloxy)ethyl methacrylate,68169-03-9,C16H22O3,,11,359,3,Inactive,0.0003756670053441,8.039214192755908,0.3551973787481546,16.65,1.2214142378423387
DTXSID5041306,"2,2',4,4'-Tetrahydroxybenzophenone",131-55-5,C13H10O5,246.052823,146,737,20,Active,0.9962520856038308,32.71927412781961,1.4456388555010986,0.1869244396953,-0.7283339124740023
DTXSID5041487,"3,7-Dimethyloctan-3-yl acetate",20780-48-7,C12H24O2,200.17763,3,356,1,Inactive,4.561161429176455e-07,3.0148979621810343,0.1332075284577968,16.65,1.2214142378423387
DTXSID5041512,4-Chlorophenylurea,140-38-5,C7H7ClN2O,170.024691,3,370,1,Inactive,-1.1410535716726294e-09,-10.010845660683207,0.442310162718534,0.2288905860500956,-0.6403720688832154
DTXSID5041514,(4Z)-4-Decenal,21662-09-9,C10H18O,154.135765,7,372,2,Inactive,7.973874164549999e-09,0.4941154399953428,0.0218315503079251,16.65,1.2214142378423387
DTXSID5041516,2-Ethyl-3-hydroxy-4-pyrone,4940-11-8,C7H8O3,140.047344,8,361,2,Inactive,-6.1758185200420585e-12,-10.734773918141016,0.4742955549826732,0.0517145987881422,-1.286386840307452
DTXSID5041641,"2,5-Dimethylbenzenesulfonic acid",609-54-1,C8H10O3S,186.035065,4,357,1,Inactive,-1.3975172896195058e-14,-6.908286532540046,0.305229492480809,0.0138000118611333,-1.860120540321768
DTXSID5041643,Sodium 2-formylbenzenesulfonate,1008-72-6,C7H5NaO4S,207.980624,4,369,1,Inactive,-2.959043501904256e-12,-15.874944670434656,0.7014042168190286,4.318958782063276,0.6353790593825547
DTXSID5041691,Butam,35256-85-0,C15H23NO,233.177964,37,605,6,Inactive,-3.14212345413e-05,-4.4569433406919785,0.1969215589838808,50.00000000000001,1.6989700043360187
DTXSID5041726,C.I. Direct Red 81 disodium salt,2610-11-9,C29H19N5Na2O8S2,675.047043,82,500,16,Inactive,-5.789436508265354e-10,-10.624265547465354,0.4694129529456364,0.0138000003194799,-1.860120903544534
DTXSID5041728,C.I. Direct Yellow 12,2870-32-8,C30H26N4Na2O8S2,680.098745,48,376,13,Inactive,-0.0115557269446396,-15.726446267820323,0.6948430975240075,16.65,1.2214142378423387
DTXSID5042243,Oleyl sarcosine,110-25-8,C21H39NO3,353.292994,103,387,27,Inactive,0.0001699879140502,9.00592352960936,0.3979095909406254,16.65,1.2214142378423387
DTXSID5042299,4-Isopropylphenol,99-89-8,C9H12O,136.088815,16,363,4,Inactive,-9.173377265500187e-12,-9.074299200466491,0.4009306398237967,0.038044879758141,-1.4197037841605744
DTXSID5044443,"N,N-Dibutyl-N-methylbutan-1-aminium chloride",56375-79-2,C13H30ClN,235.206678,4,359,1,Inactive,-6.886194507517413e-18,-11.207544400956088,0.495184018981646,0.3873696573216866,-0.4118744005860545
DTXSID5044493,1-[3-(Triethoxysilyl)propyl]urea,23779-32-0,C10H24N2O4Si,264.150534,2,585,0,Inactive,0.0,-2.1686245709198397,0.0958165493057359,0.0042055425291813,-2.376177970797974
DTXSID5044570,"1,2-Ethanediamine dihydroiodide",5700-49-2,C2H10I2N2,315.89334,6,357,2,Inactive,-3.758401423119298e-11,-5.754923850342803,0.2542703574659024,0.00447329288576,-2.3493726657653675
DTXSID5044572,Fluorotelomer alcohol 6:2,647-42-7,C8H5F13O,364.013281,62,711,9,Inactive,0.0,3.3797248358560994,0.1493267095268913,0.0006100000225893,-3.2146701489065403
DTXSID5044576,"Citric acid, triethyl ester, acetate",77-89-4,C14H22O8,318.131468,13,585,2,Inactive,2.21534311961e-05,15.041546713802068,0.6645821142413033,2.443340676325226,0.3879840251122162
DTXSID5044578,"Sodium 2,5-dimethylbenzenesulfonate",827-19-0,C8H9NaO3S,208.01701,0,355,0,Inactive,0.1729154700960108,21.526992241380416,0.951129181675524,0.0257512792283323,-1.5892011919429276
DTXSID5044784,1-Methyltrimethylene dimethacrylate,1189-08-8,C12H18O4,226.120509,7,357,2,Inactive,0.0,8.668801142380264,0.3830144798775321,3.916639568186088,0.5929136070979745
DTXSID5044788,Naphthalene-2-sulfonic acid,120-18-3,C10H8O3S,208.019415,16,359,4,Inactive,-0.0037039429125769,-8.602680863049942,0.3800930811764763,16.65,1.2214142378423387
DTXSID5044815,Dibutyl azelate,2917-73-9,C17H32O4,300.23006,7,472,1,Inactive,-2.8058584648607467e-11,-8.913892610704641,0.3938433799435112,0.0140049500530602,-1.853718435695752
DTXSID5044865,"2,2'-(Tetradecylimino)diethanol",18924-66-8,C18H39NO2,301.298079,156,378,41,Inactive,0.0,7.4458199997340095,0.3289793856866337,4.244725039589024,0.6278495632120618
DTXSID5047033,gamma-Cyclodextrin,17465-86-0,C48H80O40,1296.422587,2,359,1,Inactive,-0.0002128027114807,-7.434707597465928,0.3284884053417171,6.6,0.8195439355418687
DTXSID5047249,Fandosentan potassium salt,221246-12-4,C25H17F3KNO6S,555.036574,147,635,23,Inactive,0.0001259409923007,0.8956622488938004,0.0395731318289076,25.0,1.3979400086720375
DTXSID5047291,"N-[(3R)-9-Amino-3,4,6,7-tetrahydro-4-oxo-1-phenylpyrrolo[3,2,1-jk][1,4]benzodiazepin-3-yl]-3-pyridinecarboxamide",197894-84-1,C23H19N5O2,397.153875,49,611,8,Inactive,0.1769171069989332,25.993810137262656,1.148487029087078,50.0,1.6989700043360187
DTXSID5047295,UK-373911,291305-06-1,C17H18Cl2N2O2S,384.046604,293,618,47,Inactive,-1.5099045073375588e-18,-7.917712374829642,0.3498290521672515,0.0875564265073172,-1.0577119718622503
DTXSID5047297,CP-085958,134002-60-1,C25H20FNO5S,465.104622,81,600,14,Inactive,-1.2134287277690421e-08,-9.306033122042267,0.4111693621089817,25.0,1.3979400086720375
DTXSID5047299,CP-422935,NOCAS_47299,C26H38N2O4S,474.255229,18,610,3,Inactive,0.0,-11.380961585682236,0.5028461272384601,10.471940378136196,1.020027160899445
DTXSID5047320,SB236057A,180084-01-9,C33H35ClN4O3,570.239769,372,673,55,Inactive,0.0,3.2016543248467646,0.1414590029045383,0.0128012039701413,-1.8927491824615608
DTXSID5047322,SB243213A,200940-23-4,C22H20ClF3N4O2,464.122688,181,633,29,Inactive,-0.0094740386086765,-17.364873485001965,0.7672338858347554,0.0265144367319979,-1.5765175945225447
DTXSID5047324,SB281832,219790-72-4,C22H19FN4O3,406.144119,63,598,11,Inactive,0.0,-11.196817495178635,0.494710071065485,10.469642429563592,1.0199318494420493
DTXSID5047328,"Potassium 5-carbamoyl-3-[5'-fluoro-2'-(2,2,3,3,3-pentafluoropropoxy)-3-biphenylyl]-1,2,4-triazol-1-ide hydrate (1:1:1)",NOCAS_47328,C18H13F6KN4O3,486.052891,306,636,48,Inactive,3.491667638522513e-13,8.916388360023609,0.3939536498772205,0.028674761087079,-1.542500191874662
DTXSID5047372,AVE3295,478263-98-8,C25H21FN3NaO3S,485.118535,96,610,16,Inactive,-1.4926174283392568e-09,-0.5280558149582297,0.0233311411798054,43.25,1.635986111800833
DTXSID5047374,SSR161421,477706-73-3,C25H20N4O2,408.158626,155,596,26,Inactive,-4.78343781234042e-13,-12.76856734899359,0.5641548469772812,0.45978049602916,-0.337449455525565
DTXSID5047376,AVE2865,648917-13-9,C20H17ClF3N3O4,455.085968,20,585,3,Inactive,-5.3149981862e-06,-0.4802631827683716,0.021219514686185,25.0,1.3979400086720375
DTXSID5047451,"C.I. Acid Yellow 11, sodium salt",6359-82-6,C16H13N4NaO4S,380.05552,31,371,8,Inactive,0.0,-5.571944256023437,0.2461857523405402,2.1452728073040235,0.3314825278369047
DTXSID5047538,"Pentane-1,5-diyl dibenzoate",6624-73-3,C19H20O4,312.136159,83,633,13,Inactive,-0.0006896434246879,-16.7014853948721,0.7379233456430037,87.38005784706803,1.9414123278838968
DTXSID5047611,gamma-Heptalactone,105-21-5,C7H12O2,128.08373,1,359,0,Inactive,-1.6314284657497646e-07,-2.822197562896453,0.1246934280658352,16.65,1.2214142378423387
DTXSID5047796,Formalin,NOCAS_47796,,,1,359,0,Inactive,-4.811095296582481e-10,-10.62169531732653,0.4692993922186549,8.165976381440919,0.912008119473249
DTXSID5047879,2-Hydroxybenzophenone,117-99-7,C13H10O2,198.06808,32,356,9,Inactive,-3.9731365261e-06,-7.940733593655427,0.3508462009067234,16.65,1.2214142378423387
DTXSID5048180,4-Propylaniline,2696-84-6,C9H13N,135.104799,8,357,2,Inactive,0.3389711369090784,30.134100931241377,1.3314178979525355,0.0078641615057852,-2.104347576006148
DTXSID5048182,Cyclohexylphenylketone,712-50-5,C13H16O,188.120115,27,609,4,Inactive,-7.4022492395e-05,-8.383562200110365,0.3704117400845733,50.00000000000001,1.6989700043360187
DTXSID5048184,Melengestrol acetate,2919-66-6,C25H32O4,396.23006,84,404,21,Inactive,0.0,6.319870589273345,0.2792314539100383,2.518661572019548,0.4011698160576473
DTXSID5048186,Tetrac,67-30-1,C14H8I4O4,747.66014,280,747,37,Inactive,7.6896075915e-06,0.029529258972567,0.0013046941071532,31.5,1.4983105537896004
DTXSID5048188,4-Thiocresol,106-45-6,C7H8S,124.034671,30,357,8,Inactive,-0.0062445538285787,-12.345948018571978,0.5454822161983522,16.65,1.2214142378423387
DTXSID5048211,Ethyl 4-methylbenzoate,94-08-6,C10H12O2,164.08373,2,356,1,Inactive,0.0013680553740546,12.235068090830175,0.5405831976195014,16.65,1.2214142378423387
DTXSID5048506,PharmaGSID_48506,588941-45-1,C19H22ClN3O3S,407.10704,159,604,26,Inactive,-1.2445666125321636e-09,-0.5845041150045354,0.0258252018840598,50.0,1.6989700043360187
DTXSID6020014,Dehydroacetic acid,520-45-6,C8H8O4,168.042259,2,362,1,Inactive,-1.3576326280966671e-11,-7.038728758989469,0.3109928339967819,0.061318801502808,-1.2124063421706257
DTXSID6020068,2-Aminoanthraquinone,117-79-3,C14H9NO2,223.063329,111,650,17,Inactive,-0.500913969263819,-23.89285491829048,1.0556603213077758,50.0,1.6989700043360187
DTXSID6020141,"2,3-Benzofuran",271-89-6,C8H6O,118.041865,4,605,1,Inactive,-4.4372000306e-06,-11.990035565988244,0.5297569018591118,87.51965012267883,1.942105572813697
DTXSID6020143,Benzoic acid,65-85-0,C7H6O2,122.036779,10,611,2,Inactive,-6.88197806805e-05,-12.998480727720567,0.574313132041578,0.0018142123239173,-2.741311887226553
DTXSID6020147,1H-Benzotriazole,95-14-7,C6H5N3,119.048347,9,607,1,Inactive,0.0,-4.001083179188102,0.1767802453480539,1.7358739522269062,0.2395181863705653
DTXSID6020197,Bromocriptine mesylate,22260-51-1,C33H44BrN5O8S,749.209398,75,366,20,Inactive,-9.990914362872525e-08,-2.7658183482551597,0.1222024197687168,5.6,0.7481880270062005
DTXSID6020220,tert-Butylhydroquinone,1948-33-0,C10H14O2,166.09938,202,728,28,Active,0.9991306293987072,60.16250388356505,2.6581657318726473,10.470624081805347,1.0199725677539986
DTXSID6020224,gamma-Butyrolactone,96-48-0,C4H6O2,86.036779,21,589,4,Inactive,-0.0161351877119487,-15.704009753246872,0.6938517828291066,50.0,1.6989700043360187
DTXSID6020278,"1-Chloro-2,4-dinitrobenzene",97-00-7,C6H3ClN2O4,201.978134,173,372,47,Inactive,0.8125821506793136,26.731400574440137,1.1810760587600555,0.2584991179647993,-0.587540934441118
DTXSID6020307,Chloromethyl methyl ether,107-30-2,C2H5ClO,80.002893,19,388,5,Inactive,-4.466228407409757e-13,-9.847830060526764,0.4351076286794731,1.481044481293557,0.1705681022013174
DTXSID6020359,Cyclohexanone,108-94-1,C6H10O,98.073165,7,594,1,Inactive,-0.0105718057141061,-15.881411419455866,0.7016899378169125,50.0,1.6989700043360187
DTXSID6020430,"1,2-Dichlorobenzene",95-50-1,C6H4Cl2,145.969006,7,586,1,Inactive,4.5873069824e-06,1.027180785894957,0.0453840280781577,49.99999999999999,1.6989700043360187
DTXSID6020480,Dimethoxane,828-00-2,C8H14O4,174.089209,17,584,3,Inactive,0.0949024341881106,15.755833925020296,0.6961415352263374,50.0,1.6989700043360187
DTXSID6020511,"3,3'-Dimethylbenzidine dihydrochloride",612-82-8,C14H18Cl2N2,284.084704,79,401,20,Inactive,-4.569808838512744e-09,-11.082712712309736,0.4896685684004381,1.0585679800520382,0.0247187531570186
DTXSID6020561,Endrin,72-20-8,C12H8Cl6O,377.870631,126,648,19,Inactive,0.0,-7.645308413637104,0.3377934015854582,0.0223492571180999,-1.6507369080967824
DTXSID6020692,Methenamine,100-97-0,C6H12N4,140.106196,2,582,0,Inactive,0.0,5.276942621664607,0.2331516665781408,0.0286601826788552,-1.542721045754237
DTXSID6020856,N-Methyl-2-pyrrolidone,872-50-4,C5H9NO,99.068414,8,608,1,Inactive,-0.0169776929318688,-12.512293173062938,0.5528318602588237,50.0,1.6989700043360187
DTXSID6020939,Nitrilotriacetic acid,139-13-9,C6H9NO6,191.042987,15,627,2,Inactive,0.0,-5.743021488951818,0.253744474280603,0.0005580001257235,-3.2533657032110677
DTXSID6021030,N-Nitrosodiphenylamine,86-30-6,C12H10N2O,198.079313,42,597,7,Inactive,2.678238385995142e-08,8.38284062918349,0.3703798588464744,0.001195011656089,-2.9226278586066767
DTXSID6021032,N-Nitrosodi-n-propylamine,621-64-7,C6H14N2O,130.110613,5,631,1,Inactive,0.0,2.3532229953653223,0.1039726793592377,0.0008695050045082,-3.0607279140361308
DTXSID6021082,C.I. Acid Orange 10,1936-15-8,C16H10N2Na2O7S2,451.972482,31,362,9,Inactive,-5.7951970726596425e-09,-1.6439855021005858,0.0726363705512762,16.65,1.2214142378423387
DTXSID6021086,Oxamyl,23135-22-0,C7H13N3O3S,219.067762,31,687,5,Inactive,0.0,-2.487734795498004,0.1099158272431288,0.0006100000667603,-3.214670117458631
DTXSID6021113,Peppermint oil,8006-90-4,,,9,356,3,Inactive,3.077058646257084e-07,0.292443240826834,0.0129210480133628,8.3,0.919078092376074
DTXSID6021240,Retinol acetate,127-47-9,C22H32O2,328.24023,66,382,17,Active,0.9933361711347716,44.45890448920909,1.9643320799701336,0.2254644311942382,-0.6469219617881321
DTXSID6021244,Rifampicin,13292-46-1,C43H58N4O12,822.405123,106,653,16,Inactive,1.99264272064e-05,12.7303900100658,0.5624680539164681,0.0222070525906099,-1.653509078938088
DTXSID6021248,Rotenone,83-79-4,C23H22O6,394.141638,336,788,43,Inactive,0.0,-13.487729877868675,0.5959296745942023,0.0001459741082898,-3.8357241690377024
DTXSID6021402,"1,2,4-Trimethylbenzene",95-63-6,C9H12,120.0939,3,590,1,Inactive,-2.2481759405097217e-11,-6.264362528806332,0.2767789359021162,0.0299654148600018,-1.523379705280617
DTXSID6021456,FD&C Yellow 6,2783-94-0,C16H10N2Na2O7S2,451.972482,59,642,9,Active,0.9630020572650548,37.96562605059886,1.6774389302696886,10.470220149355738,1.0199558133546045
DTXSID6021666,Tetradecanoic acid,544-63-8,C14H28O2,228.20893,21,372,6,Inactive,-0.0001337653144419,-11.565001895056422,0.5109775980397501,16.65,1.2214142378423387
DTXSID6021793,1-Naphthol,90-15-3,C10H8O,144.057515,57,503,11,Inactive,1.229399714e-06,14.479568654332866,0.6397521832491293,30.375731561696647,1.4825267461745046
DTXSID6021824,Dichlorophen,97-23-4,C13H10Cl2O2,268.005785,191,412,46,Inactive,4.6973501187812434e-08,10.289844555916115,0.454637197909319,0.1542290371669182,-0.8118338526523599
DTXSID6021828,Acetophenone,98-86-2,C8H8O,120.057515,6,593,1,Inactive,-0.0009647099886914,-15.829991142631188,0.6994180307492928,23.117345567721102,1.3639379650653691
DTXSID6021872,4-Methylbenzenamine,106-49-0,C7H9N,107.073499,19,601,3,Inactive,1.5269229227501045e-07,10.42459743292139,0.4605909973160042,0.0103498440754803,-1.9850661929769715
DTXSID6021907,Propanedinitrile,109-77-3,C3H2N2,66.021798,37,369,10,Inactive,0.0,9.874681685443983,0.436294016622006,4.190521482586015,0.6222680713952095
DTXSID6021957,Phenyl salicylate,118-55-8,C13H10O3,214.062994,11,368,3,Inactive,-3.6650013060779265e-11,-9.989404548827952,0.4413628279982705,2.693379256059772,0.4302975109373471
DTXSID6021959,"2,4,6-Tribromophenol",118-79-6,C6H3Br3O,327.773404,84,489,17,Active,0.9994411590453668,43.67686882333451,1.929779322456033,0.1555581982216881,-0.8081070957824216
DTXSID6022000,Ethanolamine,141-43-5,C2H7NO,61.052764,3,643,0,Inactive,0.0126720461449257,15.97436703896076,0.7057970049501406,1.3190654158195798,0.120266333851904
DTXSID6022008,1-Nonanol,143-08-8,C9H20O,144.151415,1,365,0,Inactive,0.0,-4.520181488497624,0.1997156161888367,0.0138000022184272,-1.860120843783499
DTXSID6022056,"1,3-Dichlorobenzene",541-73-1,C6H4Cl2,145.969006,22,590,4,Inactive,-6.398804333627592e-09,-2.424028207846449,0.1071010729151234,50.0,1.6989700043360187
DTXSID6022137,(Z)-3-Hexen-1-ol,928-96-1,C6H12O,100.088815,2,362,1,Inactive,-1.19657832342e-05,-5.374854235117999,0.2374777048716578,16.55,1.2187979981117376
DTXSID6022187,"2,3,6-Trimethylphenol",2416-94-6,C9H12O,136.088815,18,612,3,Inactive,-3.234255237146874e-07,-2.7465661411364697,0.1213517976382805,50.0,1.6989700043360187
DTXSID6022341,Prometon,1610-18-0,C10H19N5O,225.15896,39,674,6,Inactive,5.571366004904095e-08,10.971804514286523,0.4847683007530076,50.0,1.6989700043360187
DTXSID6022345,"o,p'-DDT",789-02-6,C14H9Cl5,351.914689,287,710,40,Inactive,0.0,3.2095507867557367,0.1418078930453158,0.0848433740529554,-1.0713820687806157
DTXSID6022391,Apigenin,520-36-5,C15H10O5,270.052823,169,424,40,Inactive,0.0,-12.664628677968384,0.5595625146157444,4.243530616683024,0.6277273399187104
DTXSID6022422,"4,4'-Diaminobiphenyl methane",101-77-9,C13H14N2,198.115698,44,611,7,Inactive,-7.72890825481267e-07,-0.7089830739565101,0.0313250677750423,50.0,1.6989700043360187
DTXSID6022474,Corticosterone,50-22-6,C21H30O4,346.214409,91,663,14,Active,0.99999999984348,58.25464303358739,2.5738705312871306,0.2407669127169706,-0.6184031960345002
DTXSID6022927,Didanosine,69655-05-6,C10H12N4O3,236.09094,10,657,2,Inactive,-8.233853660825418e-08,-5.652062888120207,0.2497256416166965,0.4372769045029079,-0.3592434600249605
DTXSID6023159,Iopanoic acid,96-83-3,C11H12I3NO2,570.80021,52,366,14,Inactive,-0.000907865443961,-17.94082076329915,0.792681020174407,0.9461446427398572,-0.0240424653509793
DTXSID6023523,Propofol,2078-54-8,C12H18O,178.135765,22,363,6,Inactive,-2.0067683808358251e-19,-4.789606143706932,0.2116196318060229,16.65,1.2214142378423387
DTXSID6023602,Butanedioic acid,110-15-6,C4H6O4,118.026609,0,365,0,Inactive,-0.0144211127530138,-11.795796508216243,0.5211748187702827,16.55,1.2187979981117376
DTXSID6023652,6-Thioguanine,154-42-7,C5H5N5S,167.026566,168,640,26,Inactive,6.329952031815618e-17,0.000371469241057,1.641266143e-05,50.0,1.6989700043360187
DTXSID6023733,Valproic acid,99-66-1,C8H16O2,144.11503,17,689,2,Inactive,-0.0003242418364195,-0.9083916419974684,0.0401355558364122,50.0,1.6989700043360187
DTXSID6023862,Aldicarb sulfone,1646-88-4,C7H14N2O4S,222.067428,5,363,1,Inactive,-3.26528794827e-05,-13.204304057955907,0.5834070441618304,4.537578672664717,0.6568241679192028
DTXSID6023868,Hydramethylnon,67485-29-4,C25H24F6N4,494.190516,203,389,52,Inactive,-1.3595550274360008e-15,-7.2970677078042385,0.322407048775416,0.2383195191214642,-0.6228403861068146
DTXSID6024046,Paraoxon,311-45-5,C10H14NO6P,275.055874,36,376,10,Inactive,-4.328316924408148e-09,-11.987547366344527,0.5296469654934349,0.0142396602939984,-1.846500371247037
DTXSID6024048,Difenzoquat metilsulfate,43222-48-6,C18H20N2O4S,360.114378,172,693,25,Inactive,-6.241974884739313e-17,-8.166113878840795,0.3608041998603389,0.5971490848771871,-0.22391722891007
DTXSID6024123,Haloxyfop-methyl,69806-40-2,C16H13ClF3NO4,375.04852,48,376,13,Inactive,-3.2966363811e-06,-14.5540635091579,0.6430435966297953,0.7679883362291346,-0.1146453757364448
DTXSID6024175,Metalaxyl,57837-19-1,C15H21NO4,279.147058,28,689,4,Inactive,-2.6285440564345826e-07,-6.538005734410795,0.288869340139701,0.1291463193034577,-0.8889179667959409
DTXSID6024177,Methamidophos,10265-92-6,C2H8NO2PS,141.001337,10,742,1,Inactive,-5.934734501974299e-16,-8.253037357264379,0.3646447483203551,10.866281998331422,1.0360809715176975
DTXSID6024200,m-Cresol,108-39-4,C7H8O,108.057515,3,371,1,Inactive,0.0,7.049627753891713,0.3114743853433991,0.0138000064175341,-1.860120711635065
DTXSID6024204,Metribuzin,21087-64-9,C8H14N4OS,214.088832,20,679,3,Inactive,-0.0005923816595982,-15.130743344182138,0.6685230975942184,19.82915473365338,1.2973042017325789
DTXSID6024206,Molinate,2212-67-1,C9H17NOS,187.103085,29,724,4,Inactive,-7.252906431180926e-16,-7.826385724006766,0.3457939579149595,0.0134667664542675,-1.8707366715117408
DTXSID6024254,Phenanthrene,85-01-8,C14H10,178.07825,49,657,7,Inactive,-1.388033100865547e-16,-3.0432066467935845,0.1344582938098689,0.0113550814000482,-1.9448097481492144
DTXSID6024337,Thiobencarb,28249-77-6,C12H16ClNOS,257.064113,62,659,9,Inactive,0.0325407041714426,16.55232676171783,0.7313330553181364,0.0131863417277785,-1.879875673582041
DTXSID6024460,C.I. Solvent Yellow 1,60-09-3,C12H11N3,197.095297,197,638,31,Inactive,-4.923953566188647e-17,-3.7816997792492337,0.1670872073556888,0.0198690924054089,-1.7018219704505777
DTXSID6024466,4-Aminobenzoic acid,150-13-0,C7H7NO2,137.047678,7,571,1,Inactive,0.0043483386753701,10.482684179787777,0.4631574496746862,50.0,1.6989700043360187
DTXSID6024624,Bisphenol A diglycidyl ether,1675-54-3,C21H24O4,340.167459,109,382,29,Inactive,0.0003079593165728,3.8666730300583567,0.1708415887202638,16.65,1.2214142378423387
DTXSID6024676,Butyl acrylate,141-32-2,C7H12O2,128.08373,6,368,2,Inactive,0.0,-7.393444065251448,0.3266652547042232,0.484926098766531,-0.3143244414871357
DTXSID6024834,(2E)-3-Phenylprop-2-enal,14371-10-9,C9H8O,132.057515,12,357,3,Inactive,2.700053893768259e-07,9.976160849226286,0.440777680336988,0.1765526291820413,-0.7531258106369905
DTXSID6024836,"3,7-Dimethyl-2,6-octadienal",5392-40-5,C10H16O,152.120115,34,631,5,Inactive,-8.1443377515e-06,-10.270052496306276,0.453762723424017,50.0,1.6989700043360187
DTXSID6024882,Cycloheximide,66-81-9,C15H23NO4,281.162708,259,632,41,Active,0.996391761371936,26.82751393973883,1.1853226448813117,0.0089851620153597,-2.0464740875319283
DTXSID6024888,Cyclophosphamide monohydrate,6055-19-2,C7H17Cl2N2O3P,278.035385,7,638,1,Inactive,0.0,-6.759801292283178,0.2986689547395015,0.0018296393439529,-2.7376345093775023
DTXSID6024917,Diacetone alcohol,123-42-2,C6H12O2,116.08373,19,584,3,Inactive,-2.2323564534569043e-16,-8.080366610697386,0.3570156200129704,1.1583994180718222,0.0638583306829577
DTXSID6025010,"1,3-Dichloro-2-propanol",96-23-1,C3H6Cl2O,127.97957,4,603,1,Inactive,-3.5411363334e-06,-10.350086953183954,0.4572988935783214,50.0,1.6989700043360187
DTXSID6025014,Benzal chloride,98-87-3,C7H6Cl2,159.984656,8,591,1,Inactive,-0.0001283232118516,-13.22876578353964,0.5844878389508072,91.6489330612771,1.962127413452114
DTXSID6025018,Dicyclohexylamine,101-83-7,C12H23N,181.18305,6,370,2,Inactive,-6.515315853317903e-10,-5.103745452137415,0.2254992792741562,16.65,1.2214142378423387
DTXSID6025068,Dihexyl phthalate,84-75-3,C20H30O4,334.214409,55,622,9,Inactive,-0.0004570625068628,-13.106656129291247,0.5790926562788545,0.043166735506168,-1.3648507937172545
DTXSID6025141,"1,3-Dimethylolurea",140-95-4,C3H8N2O3,120.053492,3,363,1,Inactive,-0.0007545055721032,-15.311813629373953,0.6765233435296067,9.546757962027158,0.9798559120811384
DTXSID6025143,"2,3-Dimethylphenol",526-75-0,C8H10O,122.073165,17,470,4,Inactive,0.0793989850522075,21.948629848231892,0.9697584368669384,0.3968156352863908,-0.4014112241569087
DTXSID6025145,"2,5-Dimethylphenol",95-87-4,C8H10O,122.073165,10,588,2,Inactive,-0.0002552343513099,-11.065812898488446,0.4889218822907356,51.00000000000001,1.7075701760979365
DTXSID6025220,1-Dodecanethiol,112-55-0,C12H26S,202.175522,83,467,18,Inactive,0.0004611756344228,18.88272769550244,0.8342973853217366,12.041182672236385,1.0806691449617838
DTXSID6025226,Econazole nitrate,24169-02-6,C18H16Cl3N3O4,443.020639,184,376,49,Active,0.9998620971992556,79.8353144380001,3.52737142461821,0.1718749109008892,-0.7647875139617331
DTXSID6025272,Ethyl anthranilate,87-25-2,C9H11NO2,165.078979,13,368,4,Inactive,-8.3963867676e-06,-12.029119155412989,0.5314837358733427,4.841252460251607,0.6849577306961119
DTXSID6025355,Glutaraldehyde,111-30-8,C5H8O2,100.052429,83,597,14,Inactive,4.9028275427675926e-21,3.805495765901809,0.1681385877370372,0.0044346685271239,-2.353138836310476
DTXSID6025436,8-Hydroxyquinoline sulfate,134-31-6,C18H16N2O6S,388.072907,94,366,26,Inactive,0.0,-9.386134236194216,0.4147084773880865,0.2791499381434676,-0.5541624640483849
DTXSID6025438,Hydroxyurea,127-07-1,CH4N2O2,76.027277,17,651,3,Inactive,0.0,9.295543931863978,0.4107059172041455,10.4002681358886,1.0170445362637488
DTXSID6025486,Isoproterenol hydrochloride,51-30-9,C11H18ClNO3,247.097521,88,630,14,Inactive,3.938150793546127e-10,9.894473456121055,0.4371684783413634,0.0132707202036099,-1.8771055072812932
DTXSID6025567,Methyl 2-aminobenzoate,134-20-3,C8H9NO2,151.063329,5,593,1,Inactive,0.0,4.059435507998503,0.1793584319394725,0.0006100004541811,-3.2146698416313817
DTXSID6025692,Myrcene,123-35-3,C10H16,136.125201,13,593,2,Inactive,-1.814918739e-06,-10.954115660368185,0.4839867524083305,4.9190189957463755,0.6918784996749852
DTXSID6026080,Terephthalic acid,100-21-0,C8H6O4,166.026609,8,362,2,Active,0.9999804644430936,53.82628425994582,2.378211926995775,0.0354298417773942,-1.450630787135014
DTXSID6026298,m-Xylene,108-38-3,C8H10,106.07825,6,358,2,Inactive,0.0286460103918001,15.025447492836737,0.6638708008032405,0.1842308548863065,-0.7346376326371142
DTXSID6026799,"2,4,6-Trichloro-s-triazine",108-77-0,C3Cl3N3,182.91578,14,354,4,Inactive,0.0003647227302983,5.257186941919042,0.2322787994679032,16.65,1.2214142378423387
DTXSID6027050,Sodium dimethyldithiocarbamate,128-04-1,C3H6NNaS2,142.983936,159,642,25,Inactive,-7.711729454293035e-12,-8.91205911061653,0.3937623702316642,0.3263763657401571,-0.4862812978356465
DTXSID6027052,"2,6-Di-tert-butylphenol",128-39-2,C14H22O,206.167065,82,590,14,Inactive,-1.13882102993e-05,-9.636637777602646,0.425776499602942,50.0,1.6989700043360187
DTXSID6027131,"1H-1,2,4-Triazole",288-88-0,C2H3N3,69.032697,23,591,4,Inactive,-1.0777561483639657e-07,-7.55764099409886,0.3339199835031712,50.0,1.6989700043360187
DTXSID6027218,"2,6-Diethylaniline",579-66-8,C10H15N,149.120449,14,591,2,Inactive,0.0,1.2373214510762294,0.0546686934261765,0.0441185527209069,-1.355378742733054
DTXSID6027345,Triphenylborane,960-71-4,C18H15B,242.12668,75,409,18,Inactive,-1.064074212910378e-10,-6.559083202794186,0.2898006079652521,0.3103256253751265,-0.5081823607371028
DTXSID6027397,"Sorbitan, mono-(9Z)-9-octadecenoate",1338-43-8,C24H44O6,428.313789,14,664,2,Inactive,0.0076635144461282,15.057012180517702,0.6652654264540144,0.0675745626480264,-1.1702167564344668
DTXSID6027713,Poly(oxyethylene) monoleate,9004-96-0,(C2H4O)nC18H34O2,,42,362,12,Inactive,-2.40773724447708e-14,-8.56997441763991,0.3786480091334549,0.2359387542185541,-0.6272007180337666
DTXSID6027921,"Dipropylene glycol, dibenzoate",27138-31-4,C20H22O5,,32,607,5,Active,0.9999544907484932,44.0398168239958,1.945815489096914,2.156778817847008,0.3338056095838361
DTXSID6027923,Dodecylbenzenesulfonic acid,27176-87-0,C18H30O3S,,276,668,41,Inactive,-3.231733959729445e-11,-0.266864308640344,0.0117908915769283,50.0,1.6989700043360187
DTXSID6028022,1-(Bromomethyl)-3-phenoxybenzene,51632-16-7,C13H11BrO,261.999328,54,405,13,Inactive,-6.5900400478951695e-16,-9.070183071589282,0.4007487765032383,4.582308358640671,0.6610843109446232
DTXSID6029755,"1,2-Propanediol monobutyl ether",29387-86-8,,,1,362,0,Inactive,-1.1840276430505482e-10,-11.478489594819305,0.507155216705342,0.2202746752042848,-0.6570354304536342
DTXSID6031380,Glycoluril,496-46-8,C4H6N4O2,142.049075,8,360,2,Inactive,-1.4145833568067498e-16,-9.201290896758538,0.406541526231869,0.8718974419560622,-0.059534596503229
DTXSID6032352,Chlorpyrifos-methyl,5598-13-0,C7H7Cl3NO3PS,320.894984,119,822,14,Inactive,-3.2234094795e-06,-1.235633491294872,0.0545941141357887,50.0,1.6989700043360187
DTXSID6032354,Clodinafop-propargyl,105512-06-9,C17H13ClFNO4,349.051714,59,753,8,Inactive,-0.0005657448694657,-1.4833413027207203,0.0655386123422411,50.0,1.6989700043360187
DTXSID6032356,Cycloate,1134-23-2,C11H21NOS,215.134385,23,684,3,Inactive,-1.2377281471561586e-08,-2.5042033258812277,0.1106434579149457,50.00000000000001,1.6989700043360187
DTXSID6032358,Cymoxanil,57966-95-7,C7H10N4O3,198.07529,41,742,6,Inactive,2.8646820106721125e-15,4.4982098506058215,0.1987448411853539,0.0013560823554776,-2.867713934773213
DTXSID6032431,S-Metolachlor,87392-12-9,C15H22ClNO2,283.133907,44,364,12,Inactive,-7.13248912586e-05,-17.214755384959762,0.7606012032915173,0.446664917081501,-0.3500181574817306
DTXSID6032514,"1,2-Benzenedicarboxaldehyde",643-79-8,C8H6O2,134.036779,135,624,22,Inactive,-6.823594634027383e-09,-8.046755670632539,0.3555305845950744,0.0110021053432333,-1.9585242010726789
DTXSID6032516,2-Hydroxyethyl octyl sulfide,3547-33-9,C10H22OS,190.139137,19,361,5,Inactive,0.0,-12.97025205902908,0.5730659020406903,4.267883423776531,0.6302125482636743
DTXSID6032518,"4,5-Dichloro-3H-1,2-dithiol-3-one",1192-52-5,C3Cl2OS2,185.876762,238,493,48,Inactive,0.0336523478538726,19.414913483190535,0.8578110014863821,31.331623822867513,1.4959829036284655
DTXSID6032562,Octylbicycloheptenedicarboximide,113-48-4,C17H25NO2,275.188529,183,782,23,Inactive,-1.235206650216354e-10,-14.520550574434962,0.6415628913914062,0.1967339744950954,-0.7061206341750293
DTXSID6032641,Quinclorac,84087-01-4,C10H5Cl2NO2,240.969734,5,638,1,Inactive,0.0154734898081844,22.53540969558068,0.9956841876534196,50.0,1.6989700043360187
DTXSID6032645,Sulfentrazone,122836-35-5,C11H10Cl2F2N4O3S,385.981873,25,646,4,Inactive,6.264095806298159e-08,2.9014331771594732,0.1281943028795807,50.0,1.6989700043360187
DTXSID6032647,2-(Thiocyanomethylthio)benzothiazole,21564-17-0,C9H6N2S3,237.969312,366,758,48,Inactive,-8.600803783124204e-08,-0.1126149324608273,0.0049756764602727,50.0,1.6989700043360187
DTXSID6032649,Tetramethrin,7696-12-0,C19H25NO4,331.178358,142,717,20,Inactive,0.0,-13.437515451879346,0.5937110457507484,12.741560153439565,1.1052226088898651
DTXSID6034005,Sulfamic acid,5329-14-6,H3NO3S,96.983364,2,357,1,Inactive,-3.216941631432067e-07,-11.8313486978366,0.5227456246051723,0.4379143584943695,-0.3586108147698728
DTXSID6034186,Spironolactone,52-01-7,C24H32O4S,416.202131,219,692,32,Active,0.9997453019104116,28.370595907691236,1.2535007848174422,0.0405298213225828,-1.3922253108595244
DTXSID6034265,Clopyralid-olamine,57754-85-5,C8H10Cl2N2O3,252.006848,11,665,2,Inactive,3.555255559871975e-18,6.1310272639768915,0.2708877709913984,0.0634125388822681,-1.1978248583808384
DTXSID6034392,Boscalid,188425-85-6,C18H12Cl2N2O,342.032668,63,739,9,Inactive,-1.33594793e-06,-2.934078276469001,0.1296366644619063,50.0,1.6989700043360187
DTXSID6034764,Nicosulfuron,111991-09-4,C15H18N6O6S,410.100853,5,465,1,Inactive,-4.2094809579330635e-08,-9.04010446499603,0.3994198105169921,0.8696220545641702,-0.060669454600163
DTXSID6034849,Propamocarb hydrochloride,25606-41-1,C9H21ClN2O2,224.129156,8,648,1,Inactive,-0.0001026916924169,-11.898756607187094,0.5257239147880317,50.0,1.6989700043360187
DTXSID6034924,Sodium trichloroacetate,650-51-1,C2Cl3NaO2,183.886157,15,576,3,Inactive,0.0585649015445828,19.922529238401783,0.8802390375281103,11.815260017331408,1.0724432835519395
DTXSID6034928,Spirodiclofen,148477-71-8,C21H24Cl2O4,410.105165,153,738,21,Inactive,-0.083575995940906,-20.680112677104376,0.9137114199224804,85.22552912973538,1.9305697062624532
DTXSID6034972,Thymol,89-83-8,C10H14O,150.104465,26,618,4,Inactive,-0.0035889600814611,-5.640894550540812,0.2492321898765065,50.0,1.6989700043360187
DTXSID6035152,"1-(Hydroxymethyl)-5,5-dimethylhydantoin",116-25-6,C6H10N2O3,158.069142,11,592,2,Inactive,-0.0055567907691381,-13.482121372955158,0.5956818734787932,50.0,1.6989700043360187
DTXSID6036467,"Disodium 4,4'-bis(2-sulfostyryl)biphenyl",27344-41-8,C28H20Na2O6S2,562.049669,60,376,16,Inactive,-0.0057316968578527,-11.166580063020971,0.4933740876739544,16.65,1.2214142378423387
DTXSID6040111,Ethyl butyrate,105-54-4,C6H12O2,116.08373,10,584,2,Active,0.999999978649463,103.14352078496904,4.55720016151449,9.361622950683143,0.9713511454716964
DTXSID6040371,Fenaminosulf,140-56-7,C8H10N3NaO3S,251.034057,93,653,14,Active,0.9991427846577468,64.3817063364009,2.844583162198798,10.660021309867416,1.0277580728658422
DTXSID6040747,17alpha-Hydroxyprogesterone,68-96-2,C21H30O3,330.219495,86,652,13,Active,0.9954854129671163,26.52346544570414,1.17188884084226,0.2001495876619103,-0.6986453002695504
DTXSID6040795,Chloramine-T trihydrate,7080-50-4,C7H13ClNNaO5S,281.010066,5,357,1,Inactive,5.7455723158e-06,6.91376720287287,0.305471645468567,16.65,1.2214142378423387
DTXSID6041210,gamma-Terpinene,99-85-4,C10H16,136.125201,1,354,0,Inactive,-1.208275026694525e-07,-11.054186363646252,0.4884081859765371,0.8927179794861753,-0.0492857183761313
DTXSID6041422,7-(Dimethylamino)-4-methylcoumarin,87-01-4,C12H13NO2,203.094629,96,409,23,Inactive,-1.8647946568013947e-10,-12.135861734676736,0.5361999535839574,0.4072701848517537,-0.3901173822742115
DTXSID6041424,"2,6-Dimethyl-2-heptanol",13254-34-7,C9H20O,144.151415,0,474,0,Inactive,4.77109039448452e-15,9.588214620956787,0.4236370145862573,0.0138000006623464,-1.8601208927543136
DTXSID6041426,"3,4-Dihydro-2H-pyran",110-87-2,C5H8O,84.057515,0,354,0,Inactive,-2.356219782331569e-12,-8.235726583226008,0.3638799047156068,2.726188651911717,0.4355559056620459
DTXSID6041472,"3,5-Dimethyl-1-hexyn-3-ol",107-54-0,C8H14O,126.104465,0,358,0,Inactive,0.0,-6.943119824340993,0.3067685351837656,2.104875383863088,0.3232263891490567
DTXSID6041557,Dihydromyrcenol,53219-21-9,,,6,359,2,Inactive,-4.641577396820495e-09,-5.789781152977574,0.2558104610418537,0.8877925776246336,-0.0516884902074072
DTXSID6041636,(+/-)-alpha-Methylbenzyl acetate,93-92-5,C10H12O2,164.08373,2,361,1,Inactive,-2.2763739050889138e-08,-12.373094561306058,0.546681634523331,1.5686449767228434,0.1955246630918404
DTXSID6041682,Bromophenol blue,115-39-9,C19H10Br4O5S,665.698247,95,385,25,Inactive,0.0917598159243688,20.12734644369029,0.8892884959324595,3.0755924860124244,0.4879287912072468
DTXSID6041715,"C.I. Acid Violet 12, disodium salt",6625-46-3,C19H15N3Na2O9S2,539.00451,48,367,13,Inactive,-1.7964331291e-06,-14.164846474521871,0.6258467827183782,0.6346010050391205,-0.1974992444281711
DTXSID6041719,"C.I. Acid Yellow 17, disodium salt",6359-98-4,C16H10Cl2N4Na2O7S2,549.916335,23,365,6,Inactive,-0.0004544721162685,-9.386141380677795,0.4147087930534961,16.65,1.2214142378423387
DTXSID6042074,Isopropyl-o-cresol,499-75-2,C10H14O,150.104465,20,374,5,Inactive,-7.177682835976159e-07,-11.80114530238675,0.5214111450607974,0.8289267575477925,-0.0814838412206272
DTXSID6042232,Hydroxycitronellal,107-75-5,C10H20O2,172.14633,7,358,2,Inactive,0.0,6.434441701292748,0.2842935604410751,30.750446811916483,1.4878514305680204
DTXSID6042234,Octyl beta-D-glucopyranoside,29836-26-8,C14H28O6,292.188589,1,355,0,Inactive,-1.0829471068468653e-07,-4.235137542741418,0.187121491945715,16.65,1.2214142378423387
DTXSID6042369,Rhodamine B,81-88-9,C28H31ClN2O3,478.202321,129,367,35,Inactive,-1.66274223499049e-09,-10.098791923384994,0.4461959009553034,1.2503602240382186,0.0970351496276727
DTXSID6042490,Triethoxymethylsilane,2031-67-6,C7H18O3Si,178.102521,2,472,0,Inactive,0.0,-5.9451526504066585,0.2626752549502827,0.5411342880909983,-0.2666949468345047
DTXSID6042494,Trimethoxypropylsilane,1067-25-0,C6H16O3Si,164.086871,1,356,0,Inactive,0.0,1.0355767712406e-311,4.5754988711e-313,16.649999999999206,1.221414237842318
DTXSID6043709,Cyclopamine,4449-51-8,C27H41NO2,411.31373,85,669,13,Inactive,-1.86026978783e-05,-1.1012832136738824,0.0486581028166646,50.0,1.6989700043360187
DTXSID6043915,"17-((1-Oxohexyl)oxy)pregn-4-ene-3,20-dione",630-56-8,C27H40O4,428.29266,161,407,40,Inactive,0.0018347136176315,14.515945689356537,0.6413594333083055,28.35980125765975,1.4527031830341557
DTXSID6044303,Atorvastatin calcium,134523-03-8,C66H68CaF2N4O10,1154.452942,100,434,23,Inactive,-1.3768068945643302e-09,-0.0487062157356002,0.0021519914438424,15.0,1.1760912590556811
DTXSID6044430,"1,2-Diphenylethanone",451-40-1,C14H12O,196.088815,22,379,6,Inactive,-2.4044061173967938e-11,-7.153731132636938,0.3160739950020708,0.7983069076897154,-0.0978301127951559
DTXSID6045400,Ronidazole,7681-76-7,C6H8N4O4,200.054555,1,357,0,Inactive,-2.6245475961624844e-10,-0.0947379738191917,0.0041858170664006,16.65,1.2214142378423387
DTXSID6047103,Octadecyl sulfate sodium salt,1120-04-3,C18H37NaO4S,372.231025,111,370,30,Inactive,-2.0326889497057885e-13,-4.024971066794857,0.1778356861981553,0.013800001035418,-1.8601208810135208
DTXSID6047280,CP-607366,289716-94-5,C14H12Cl2FNO,299.027998,198,622,32,Inactive,2.3049103096762818e-07,15.160000001160196,0.6698157473010645,0.0125198642028621,-1.9024003816900827
DTXSID6047282,"(2R)-2-[4-[[[[2-(1,3-Benzodioxol-5-yloxy)-3-pyridinyl]carbonyl]amino]methyl]-3-fluorophenoxy]propanoic acid",445295-04-5,C23H19FN2O7,454.117629,16,608,3,Inactive,0.4635294482790101,22.610235492544355,0.9989902230826272,0.0022172099431536,-2.654193182466779
DTXSID6047284,"(R)-N-(Quinuclidin-3-yl)furo(2,3-C)pyridine-5-carboxamide",478149-53-0,C15H17N3O2,271.132077,20,620,3,Inactive,0.0,-4.4777837565850405,0.1978423530963088,0.0184191541526306,-1.7347303174225364
DTXSID6047286,Candoxatril,123122-55-4,C29H41NO7,515.288303,20,600,3,Inactive,-3.341273931462045e-07,-4.651915397193675,0.2055360282265269,30.249999999999996,1.4807253789884876
DTXSID6047288,UK-337312,203942-49-8,C34H42Cl2F6N2O4S,758.214653,390,658,59,Inactive,-6.893445587285669e-12,-0.0264224672957225,0.0011674264298065,50.0,1.6989700043360187
DTXSID6047313,GW473178E methyl benzene sulphonic acid,263553-33-9,C28H37N3O5S,527.245392,103,611,17,Inactive,0.0,-8.96053682909305,0.3959042659589938,7.0755485421564535,0.8497601148107282
DTXSID6047319,Carabersat,184653-84-7,C20H20FNO4,357.137636,20,580,3,Inactive,2.701732433807205e-09,3.9626057354370583,0.1750801927267896,48.75,1.6879746200345556
DTXSID6047363,Volinanserin,139290-65-6,C22H28FNO3,373.205322,105,672,16,Inactive,0.0014681893468303,0.4660088679577111,0.0205897149153119,50.0,1.6989700043360187
DTXSID6047369,SR146131 trifluoroacetate (1:1),221671-62-1,C34H37ClF3N3O7S,723.199284,368,613,60,Inactive,-3.278404151255287e-07,-0.2177481786622128,0.0096207888524349,25.0,1.3979400086720375
DTXSID6047448,Potassium chlorate,3811-04-9,ClKO3,121.917303,4,366,1,Inactive,7.12683364475728e-12,2.470782861797737,0.109166838315769,16.65,1.2214142378423387
DTXSID6047525,Pravastatin sodium,81131-70-6,C23H35NaO7,446.228048,38,667,6,Inactive,3.6308563006911785e-12,6.314982100287506,0.2790154653280481,5.465649271945473,0.7376417597851542
DTXSID6047527,"Adipic acid, polypropyleneglycol, laurate",66456-53-9,,,20,597,3,Inactive,-8.229773503185939e-10,-10.592780019690371,0.4680218248246501,0.0043186847240586,-2.3646484994948387
DTXSID6048171,FR145237,146011-65-6,C30H22ClF3N2O2,534.13219,75,614,12,Inactive,-3.750718486356298e-09,-0.057729888661819,0.0025506852580913,44.25,1.6459132750338443
DTXSID6048175,Difpas-pyrazole,151506-44-4,C18H16F2N2O2S,362.090055,84,632,13,Active,0.982503913271414,46.833085998884926,2.069230771395608,10.27061474821675,1.0115964390956258
DTXSID6048200,"2,4,6-Trimethylbenzoic acid",480-63-7,C10H12O2,164.08373,4,355,1,Inactive,-8.076097360462718e-10,-7.37482958391068,0.3258428092735547,1.1584917169576912,0.0638929329965786
DTXSID6048202,Isopropyl phenyl ketone,611-70-1,C10H12O,148.088815,3,361,1,Active,0.9634069814914452,31.677925206401028,1.3996288353198476,0.2419797246570912,-0.6162210217817021
DTXSID6048204,4-Butylcyclohexanol,70568-60-4,C10H20O,156.151415,3,355,1,Inactive,-5.49081516154e-05,-10.86194134018773,0.4799142054987715,8.356972079485956,0.9220489511984724
DTXSID6048206,4-Chloropentylbenzene,79098-20-7,C11H15Cl,182.086228,11,361,3,Inactive,0.0199554569860988,17.079399216998542,0.7546207486221364,0.3322694920981704,-0.4785095323946545
DTXSID6048208,Methyl 2-methylbenzoate,89-71-4,C9H10O2,150.06808,2,363,1,Inactive,0.0101200311407597,17.791646410431667,0.7860900353039295,28.496777739533975,1.45479575512937
DTXSID7020005,Acetamide,60-35-5,C2H5NO,59.037114,8,608,1,Inactive,0.00210934531065,11.499089120602887,0.5080653675467486,50.0,1.6989700043360187
DTXSID7020182,Bisphenol A,80-05-7,C15H16O2,228.11503,236,981,24,Inactive,-2.6259328763e-06,-10.683600896503284,0.4720345724149088,0.3611268596890564,-0.4423402086628295
DTXSID7020267,Chlordane,57-74-9,C10H6Cl8,405.797772,307,649,47,Inactive,0.0036592448067285,15.377194241724409,0.6794120614529031,0.2575220029168671,-0.5891856585173777
DTXSID7020348,Coumarin,91-64-5,C9H6O2,146.036779,11,588,2,Inactive,0.0098835573745992,6.90284290289824,0.3049889760654873,50.0,1.6989700043360187
DTXSID7020392,Diallyl phthalate,131-17-9,C14H14O4,246.089209,56,664,8,Inactive,1.08864131185e-05,7.738020825641617,0.3418897230581584,50.0,1.6989700043360187
DTXSID7020425,Dichlone,117-80-6,C10H4Cl2O2,225.958835,174,375,46,Inactive,-3.6773873235795495e-08,-9.772894630741318,0.4317967493326905,2.639626992491328,0.4215425607531623
DTXSID7020479,Dimethoate,60-51-5,C5H12NO3PS2,228.999623,39,761,5,Inactive,-8.033318454774795e-17,-3.5859804849475907,0.1584397228330068,6.226733914146615,0.7942603074932169
DTXSID7020508,Dimethylarsinic acid,75-60-5,C2H7AsO2,137.966199,30,649,5,Inactive,0.0,3.6469398559602935,0.1611330966223703,0.0017490639878802,-2.757194301970743
DTXSID7020683,"Hexachloro-1,3-butadiene",87-68-3,C4Cl6,257.813116,83,487,17,Inactive,9.990501993420808e-07,11.520605923916088,0.5090160465500242,30.0624334367076,1.478024132117821
DTXSID7020685,beta-Hexachlorocyclohexane,319-85-7,C6H6Cl6,287.860066,41,595,7,Inactive,-0.0264602256671417,-13.540942112062234,0.5982807558876846,50.0,1.6989700043360187
DTXSID7020716,Hydroquinone,123-31-9,C6H6O2,110.036779,121,627,19,Active,0.9962350734236288,53.34789599475613,2.357075251974431,9.374102219361818,0.971929684949365
DTXSID7020764,Chlorpropham,101-21-3,C10H12ClNO2,213.055656,78,687,11,Inactive,0.0,14.601734766430422,0.6451498604036958,10.470821239515743,1.0199807452703429
DTXSID7020766,Propham,122-42-9,C10H13NO2,179.094629,11,377,3,Inactive,-9.9935560953e-06,-3.949660992133227,0.1745082538805486,16.65,1.2214142378423387
DTXSID7020768,Kaempferol,520-18-3,C15H10O6,286.047738,97,410,24,Inactive,-7.806549236786179e-12,-10.612546836925688,0.4688951840236753,0.0098300000331057,-2.007446480705237
DTXSID7020843,"Methyl (9Z,12Z)-octadecadienoate",112-63-0,C19H34O2,294.25588,188,493,38,Inactive,-9.820089095722524e-16,-12.446124986758994,0.5499083448793157,0.4639201539729146,-0.3335567601195234
DTXSID7020845,Methyl methanesulfonate,66-27-3,C2H6O3S,110.003765,8,597,1,Inactive,0.0,2.672586319315118,0.1180831400106634,0.0041315183439239,-2.383890314637595
DTXSID7020895,Mirex,2385-85-5,C10Cl12,539.626232,37,648,6,Inactive,-0.0575558861953945,-19.709139825382163,0.8708108324399219,17.421471084345203,1.2410848244281782
DTXSID7020970,Nitrofen,1836-75-5,C12H7Cl2NO3,282.980299,126,696,18,Inactive,6.694202580906663e-10,11.96445377964004,0.5286266193169742,1.1789765910364869,0.0715051821225627
DTXSID7020972,Nitrofurantoin,67-20-9,C8H6N4O5,238.033819,103,601,17,Active,0.9999580062042528,68.80511397328819,3.040023009935747,10.470956921525442,1.019986372867737
DTXSID7021029,N-Nitrosodimethylamine,62-75-9,C2H6N2O,74.048013,6,594,1,Inactive,-1.5279140251e-06,-11.687324959727514,0.5163822098450636,50.0,1.6989700043360187
DTXSID7021100,Parathion,56-38-2,C10H14NO5PS,291.033031,126,752,17,Inactive,-2.0328838475403665e-15,-7.877096016025634,0.3480344956551887,0.0321306456717392,-1.4930805471264783
DTXSID7021106,Pentachlorophenol,87-86-5,C6HCl5O,263.847003,258,618,42,Inactive,0.0,-20.50980756853713,0.9061868128277952,5.357445102670594,0.728957729554392
DTXSID7021150,Phenylmercuric acetate,62-38-4,C8H8HgO2,338.023072,503,740,68,Inactive,-2.0093059352420915e-12,-16.346088763427197,0.7222208218790637,0.0235970820108715,-1.6271416980861613
DTXSID7021152,4-Phenylphenol,92-69-3,C12H10O,170.073165,138,539,26,Inactive,-8.7104954861e-06,-6.640473593711719,0.2933966874844725,16.65,1.2214142378423387
DTXSID7021233,FD&C Red 3,16423-68-0,C20H6I4Na2O5,879.61894,205,487,42,Inactive,0.8198862769191745,31.88872658623014,1.4089426930870987,10.0,1.0
DTXSID7021237,Reserpine,50-55-5,C33H40N2O9,608.273381,262,688,38,Inactive,-3.5203460352e-06,-0.0464317272303238,0.002051497498079,42.25,1.6258267132857112
DTXSID7021239,Retinoic acid,302-79-4,C20H28O2,300.20893,268,717,37,Inactive,0.263775683191769,20.689938615526422,0.914145560310778,0.0168797037786097,-1.7726351790636812
DTXSID7021364,2-Methylaniline hydrochloride,636-21-5,C7H10ClN,143.050177,11,360,3,Inactive,-2.57729848112781e-13,-4.193660018173505,0.1852888864633582,0.0138000022925708,-1.8601208414501569
DTXSID7021520,2-[2-(2-Butoxyethoxy)ethoxy]ethanol,143-22-6,C10H22O4,206.151809,19,365,5,Inactive,-6.0665868187e-06,-12.18471143762856,0.5383582847373616,0.2233366223261983,-0.6510400562833081
DTXSID7021605,Hexanedioic acid,124-04-9,C6H10O4,146.057909,7,605,1,Inactive,-8.6545621303e-06,-0.0930169455754001,0.0041097767089367,50.0,1.6989700043360187
DTXSID7021607,Hexanoic acid,142-62-1,C6H12O2,116.08373,4,594,1,Inactive,-1.6175101078034786e-08,-10.880985152804923,0.4807556201147789,50.0,1.6989700043360187
DTXSID7021653,Pentanal,110-62-3,C5H10O,86.073165,13,608,2,Inactive,-1.72285889022e-05,-13.544150842635418,0.5984225275411542,19.231561312825296,1.284014543833867
DTXSID7021655,Pentanoic acid,109-52-4,C5H10O2,102.06808,3,355,1,Inactive,-4.048882027971937e-16,-8.678837560874666,0.3834579199272379,3.8459452047867666,0.5850030923236085
DTXSID7021780,Diethyl phthalate,84-66-2,C12H14O4,222.089209,8,606,1,Inactive,0.3843982192619818,24.011993485122563,1.060924232136859,9.921312661735897,0.9965691362704956
DTXSID7021788,3-(Trifluoromethyl)-4-nitrophenol,88-30-2,C7H4F3NO3,207.014327,108,373,29,Inactive,-0.000276717739669,-11.591999425333508,0.5121704325329193,0.2157369195655066,-0.6660755267030617
DTXSID7021815,"3,4-Dichloroaniline",95-76-1,C6H5Cl2N,160.979905,26,380,7,Inactive,-3.0804692614e-06,-12.754864768777818,0.5635494245494134,0.8408590441591584,-0.0752768002478985
DTXSID7021863,Diethyl malonate,105-53-3,C7H12O4,160.073559,2,364,1,Inactive,0.0,-5.87544687154023,0.2595954377762031,0.1438803180810524,-0.8419986107430653
DTXSID7021869,p-Cresol,106-44-5,C7H8O,108.057515,5,601,1,Inactive,-2.635003029891e-13,-11.1551067676006,0.4928671619519614,13.955842244991985,1.144756051596029
DTXSID7021940,1-Octanol,111-87-5,C8H18O,130.135765,5,595,1,Inactive,-1.7536763609057897e-07,-3.083607485079892,0.1362433279580392,51.5,1.711807229041191
DTXSID7021946,1-Decanol,112-30-1,C10H22O,158.167065,23,608,4,Inactive,-0.000489626006837,-11.401858230004606,0.5037694056970222,50.0,1.6989700043360187
DTXSID7021948,Propoxur,114-26-1,C11H15NO3,209.105193,25,663,4,Inactive,-1.9125454640347343e-16,-11.15914766725074,0.4930457014122991,0.1435417018425723,-0.8430219090410247
DTXSID7021992,Sodium saccharin hydrate,82385-42-0,C7H6NNaO4S,222.991523,4,640,1,Inactive,0.0,7.990989235520704,0.3530666507952135,0.014496725225703,-1.838730092732757
DTXSID7022043,"2,6-Pyridinedicarboxylic acid",499-83-2,C7H5NO4,167.021858,2,358,1,Inactive,3.00342167459e-05,1.1015279925892587,0.0486689179071735,16.65,1.2214142378423387
DTXSID7022049,"2,4,6-Trimethylphenol",527-60-6,C9H12O,136.088815,21,596,4,Inactive,-6.940184957132848e-13,-10.048504965604865,0.4439740674327165,14.345260017762683,1.1567084245413135
DTXSID7022174,O-Ethyl O-(p-nitrophenyl phenyl)phosphonothioate,2104-64-5,C14H14NO4PS,323.038116,101,651,16,Inactive,-5.794303584597566e-17,-5.350419170193825,0.2363980880331827,0.0006100006151756,-3.214669727010092
DTXSID7022253,Resmethrin,10453-86-8,C22H26O3,338.188195,150,725,21,Inactive,0.0,-0.0557165461755292,0.0024617295521596,50.0,1.6989700043360187
DTXSID7022332,4-(Butan-2-yl)phenol,99-71-8,C10H14O,150.104465,82,664,12,Inactive,-8.1718124638e-06,-0.8891300569149366,0.0392845193584919,50.0,1.6989700043360187
DTXSID7022411,"4,4'-Methylenebis(2,6-di-t-butylphenol)",118-82-1,C29H44O2,424.334131,10,367,3,Inactive,-6.940159024565696e-16,-9.1127003344791,0.4026273208445022,0.5437241508083186,-0.2646213763419612
DTXSID7022413,Isoeugenol,97-54-1,C10H12O2,164.08373,39,615,6,Inactive,-0.0001239397962489,-13.207990360012138,0.583569916402357,0.4330074601369383,-0.363504621271584
DTXSID7022679,Biotin,58-85-5,C10H16N2O3S,244.088164,0,364,0,Inactive,0.0,-8.989300015019337,0.3971751125865994,3.303780030270759,0.5190111237513012
DTXSID7023192,Lactic acid,50-21-5,C3H6O3,90.031694,1,358,0,Inactive,-1.4647833610882455e-09,-3.1887434809223936,0.140888561837861,16.65,1.2214142378423387
DTXSID7023645,Tetracycline,60-54-8,C22H24N2O8,444.153266,32,653,5,Active,0.9999254504275538,90.81501399621948,4.01248855286142,50.00000000000001,1.6989700043360187
DTXSID7023936,Butylate,2008-41-5,C11H23NOS,217.150036,4,651,1,Inactive,-0.0220336300123705,-17.40183258208728,0.7688668531983357,50.00000000000001,1.6989700043360187
DTXSID7024031,"(E)-1,2-Dichloroethylene",156-60-5,C2H2Cl2,95.953356,3,360,1,Inactive,-0.0002574137326014,-16.670609796829908,0.7365591661064327,2.7159736561168737,0.4339255531421312
DTXSID7024035,"2,4-Dichlorophenoxybutyric acid",94-82-6,C10H10Cl2O3,248.0007,32,681,5,Inactive,-4.9483053417287024e-08,-13.47755944434398,0.5954803133454426,51.0,1.7075701760979365
DTXSID7024081,Endothal,145-73-3,C8H10O5,186.052823,140,583,24,Inactive,-0.0001337443047405,-15.860793271255895,0.7007789641794804,0.5796819879355779,-0.2368101939568412
DTXSID7024085,2-Cloroethylphosphonic acid,16672-87-0,C2H6ClO3P,143.974309,16,643,2,Inactive,6.548147986126762e-10,7.211395014172709,0.3186217638609235,0.0006100008255096,-3.214669577261272
DTXSID7024087,2-Ethoxyethanol,110-80-5,C4H10O2,90.06808,1,581,0,Inactive,2.62775455368e-05,11.755769500655976,0.519406301621262,0.0195127523164447,-1.7096814680970518
DTXSID7024112,Fomesafen,72178-02-0,C15H10ClF3N2O6S,437.990019,33,607,5,Inactive,0.718147651529296,25.590062036726987,1.1306481876846382,0.0301475208131913,-1.5207483963404336
DTXSID7024160,Lactofen,77501-63-4,C19H15ClF3NO7,461.048914,141,742,19,Inactive,5.544296871661886e-07,0.0210212042661595,0.000928781902614,50.0,1.6989700043360187
DTXSID7024241,Oxyfluorfen,42874-03-3,C15H11ClF3NO4,361.03287,181,718,25,Inactive,0.0,-2.768407057161005,0.1223167969448501,0.0006100000631063,-3.2146701200601333
DTXSID7024245,Pendimethalin,40487-42-1,C13H19N3O4,281.137556,146,703,21,Inactive,0.0,-15.490732885643244,0.6844285503459259,10.473547993997094,1.0200938271605864
DTXSID7024299,Hexythiazox,78587-05-0,C17H21ClN2O2S,352.101227,191,687,28,Inactive,9.782593289144108e-18,7.973104208647125,0.3522764349218685,0.1943252387208532,-0.7114707901085907
DTXSID7024320,"1,2,4,5-Tetrachlorobenzene",95-94-3,C6H2Cl4,213.891061,7,606,1,Inactive,-2.2799010808949434e-11,-11.170334941397448,0.4935399898286755,0.0132208409155639,-1.878740920540663
DTXSID7024376,Vernolate,1929-77-7,C10H21NOS,203.134385,6,584,1,Inactive,-2.3620297040819538e-12,-3.717759766543068,0.1642621395859037,50.0,1.6989700043360187
DTXSID7024538,Anthralin,1143-38-0,C14H10O3,226.062994,59,627,9,Inactive,0.2412591516970356,19.740759828885626,0.8722079021150347,0.00120634528791,-2.91852836784167
DTXSID7024586,Benzothiazole,95-16-9,C7H5NS,135.01427,8,422,2,Inactive,0.0,-12.79610951137267,0.5653717450033248,4.149423068194313,0.6179877170211217
DTXSID7024821,1-Chloro-4-(trifluoromethyl)benzene,98-56-6,C7H4ClF3,179.995362,3,359,1,Inactive,-3.578106732427856e-08,-4.141861752796672,0.1830002786909554,16.65,1.2214142378423387
DTXSID7024827,Chlorpromazine hydrochloride,69-09-0,C17H20Cl2N2S,354.072425,415,742,56,Inactive,-8.414893024501048e-10,-9.7206809956211,0.4294897892387144,0.5536849234830009,-0.2567373019120914
DTXSID7024873,Cyanuric acid,108-80-5,C3H3N3O3,129.017441,7,589,1,Inactive,0.0025078286247741,1.339805650656419,0.0591967627350883,49.74999999999999,1.696793085081744
DTXSID7024902,Dazomet,533-74-4,C5H10N2S2,162.028541,176,673,26,Inactive,-2.22179075401e-05,-0.8608281903914359,0.0380340552507081,50.0,1.6989700043360187
DTXSID7025003,"2,5-Dichlorophenol",583-78-8,C6H4Cl2O,161.96392,11,484,2,Inactive,9.176812150779976e-07,3.674070189451919,0.1623317987728208,16.65,1.2214142378423387
DTXSID7025055,Bis(2-ethylhexyl) decanedioate,122-62-3,C26H50O4,426.37091,23,606,4,Inactive,-8.752938322241401e-07,-4.493260346530158,0.1985261567677446,50.0,1.6989700043360187
DTXSID7025130,Dimethylnaphthalene,28804-88-8,C12H12,,17,359,5,Inactive,-3.5532702806e-06,-15.813576024809812,0.6986927600098656,2.4079209382178,0.381642223175725
DTXSID7025132,"1,2-Dimethyl-3-nitrobenzene",83-41-0,C8H9NO2,151.063329,6,594,1,Inactive,-4.097333624573545e-16,-5.675714614455057,0.2507706481304647,4.508228955414658,0.6540059640617819
DTXSID7025217,(2-Dodecenyl)succinic anhydride,19780-11-1,C16H26O3,266.188195,27,372,7,Inactive,-5.7376330734620766e-08,-4.770915329009311,0.2107938137312608,16.65,1.2214142378423387
DTXSID7025219,Sodium dodecylbenzenesulfonate,25155-30-0,,,278,729,38,Inactive,0.0,-11.60343204620581,0.5126755611274183,10.471046200910866,1.019990075812886
DTXSID7025427,2-Hydroxy-2-methylpropanenitrile,75-86-5,C4H7NO,85.052764,8,365,2,Inactive,0.0,-6.0345663047580675,0.2666258270943278,0.095173325978368,-1.0214847533342006
DTXSID7025429,6-Hydroxy-2-naphthyl disulfide,6088-51-3,C20H14O2S2,350.043522,169,408,41,Active,0.9796067150085168,42.23732574680209,1.8661758513804492,0.3733113037906089,-0.4279288595257155
DTXSID7025502,Linalool,78-70-6,C10H18O,154.135765,7,486,1,Inactive,-0.0004689274968032,-9.89457093993485,0.4371727854781432,16.65,1.2214142378423387
DTXSID7025506,Linolenic acid,463-40-1,C18H30O2,278.22458,56,375,15,Inactive,-2.1432701775908936e-10,-13.0901745348099,0.5783644483947258,4.3706176992509285,0.6405428201325348
DTXSID7025895,"N-Phenyl-1,4-benzenediamine",101-54-2,C12H12N2,184.100048,213,662,32,Active,0.9956428584943104,37.73912902318705,1.6674315901861991,1.7141832836282298,0.2340572556343044
DTXSID7026029,Sodium dehydroacetate,4418-26-2,C8H7NaO4,190.024203,5,602,1,Inactive,-0.0050594246112375,-6.743632209054285,0.2979545545702862,50.0,1.6989700043360187
DTXSID7026102,Tetrachlorophthalic anhydride,117-08-8,C8Cl4O3,283.860155,6,360,2,Inactive,-1.4799546999965774e-09,-11.42512846147722,0.5047975565863695,0.8280724667472541,-0.0819316553270522
DTXSID7026156,"Toluene 2,4-diisocyanate",584-84-9,C9H6N2O2,174.042927,76,614,12,Inactive,4.137322973483584e-15,6.447765680623185,0.2848822551093837,0.0006065091972339,-3.217162609013943
DTXSID7026235,Trimellitic anhydride,552-30-7,C9H4O5,192.005873,2,363,1,Inactive,0.0183115348972719,16.7394784117971,0.7396019947869281,0.0136561509448207,-1.864671691502254
DTXSID7026285,Veratraldehyde,120-14-9,C9H10O3,166.062994,10,357,3,Inactive,0.0,4.142230671452645,0.1830165786596377,0.0138000004593548,-1.8601208991425844
DTXSID7026314,Pyrithione zinc,13463-41-7,C10H8N2O2S2Zn,315.931862,182,383,48,Inactive,1.8108563264411818e-07,4.312071544269843,0.1905206743812479,0.6598498061375127,-0.1805549065622438
DTXSID7026368,Salicylic acid,69-72-7,C7H6O3,138.031694,7,376,2,Inactive,-8.478796031333268e-09,-8.914623241085504,0.3938756614563425,0.7075285828879256,-0.1502560107298061
DTXSID7026811,Benzenethiol,108-98-5,C6H6S,110.019021,27,369,7,Inactive,0.0,-8.317702207963823,0.3675018416773501,3.89149916284556,0.5901169413576813
DTXSID7026867,Decanedioic acid,111-20-6,C10H18O4,202.120509,9,360,2,Inactive,-0.1051278032325644,-19.11936644556939,0.8447528181188576,0.2846631997151001,-0.545668673329615
DTXSID7026946,Linalyl acetate,115-95-7,C12H20O2,196.14633,46,472,10,Active,0.9994826938684184,65.31300194347509,2.885730686140939,0.1196816727497972,-0.9219723494517916
DTXSID7026994,n-Dodecylbenzene,123-01-3,C18H30,246.234751,12,605,2,Inactive,2.064886390659816e-09,15.507347377551143,0.6851626300499143,0.0086353673037883,-2.0637191850663124
DTXSID7027041,"2,4,7,9-Tetramethyl-5-decyne-4,7-diol",126-86-3,C14H26O2,226.19328,43,607,7,Inactive,-0.0008219986153756,-14.495240871976812,0.6404446303581162,50.0,1.6989700043360187
DTXSID7027047,Isomethyl-alpha-ionone,127-51-5,C14H22O,206.167065,29,640,5,Inactive,4.007070234752196e-08,0.8691762179593358,0.0384028969606985,50.0,1.6989700043360187
DTXSID7027205,Octamethylcyclotetrasiloxane,556-67-2,C8H24O4Si4,296.075165,6,669,1,Inactive,-4.1148787792e-06,-11.754930133694556,0.5193692157895681,50.0,1.6989700043360187
DTXSID7027388,Diisooctyl adipate,1330-86-5,C22H42O4,,8,473,2,Inactive,0.0121116989717508,19.11415733797331,0.8445226636137801,29.169728859780463,1.4649323922602844
DTXSID7027461,Thiocarbazide,2231-57-4,CH6N4S,106.031317,50,395,13,Inactive,-6.076788209729387e-08,-5.822510445310774,0.2572565425326927,0.965859987845311,-0.015085824840467
DTXSID7027540,N-Butylbenzenesulfonamide,3622-84-2,C10H15NO2S,213.08235,17,420,4,Inactive,-1.1031171746446838e-11,-8.845707181985702,0.3908307365471442,1.1324287565163236,0.0540108891616176
DTXSID7027625,Bis(2-ethylhexyl) terephthalate,6422-86-2,C24H38O4,390.27701,8,601,1,Inactive,0.0,5.417033270902715,0.2393413052920019,0.0004596519274781,-3.3375709143977788
DTXSID7027756,3-Phenoxybenzenemethanol,13826-35-2,C13H12O2,200.08373,49,411,12,Inactive,0.0,-3.026571329686896,0.1337232939841068,0.1499475687780392,-0.8240605714172355
DTXSID7027833,2-Ethyl-6-methylaniline,24549-06-2,C9H13N,135.104799,9,356,3,Inactive,-0.2152205706109839,-21.062423677225457,0.930603103842528,16.65,1.2214142378423387
DTXSID7027837,Tripropylene glycol,24800-44-0,C9H20O4,,6,475,1,Inactive,0.0,-6.507261121436047,0.2875109479290422,0.4578692782577725,-0.3392584954343657
DTXSID7027887,Bis(2-ethylhexyl) tetrabromophthalate,26040-51-7,C24H34Br4O4,701.919062,14,486,3,Inactive,-0.001042318327579,-11.019691577397976,0.4868840994971761,12.25,1.0881360887005511
DTXSID7027916,Neodecanoic acid,26896-20-8,,,6,362,2,Inactive,0.0,-5.2553166700370895,0.2321961650643299,0.6086752501213724,-0.2156143571171159
DTXSID7028774,Alkyl (C12-C14) glycidyl ether,68609-97-2,,,24,358,7,Inactive,-3.1966774548198713e-07,-10.998202611060254,0.4859346504176823,0.5715735691567569,-0.2429278621672297
DTXSID7029110,"3,7-Dimethyl-3-octanol",78-69-3,C10H22O,158.167065,4,361,1,Inactive,-7.688529935384585e-07,-15.434610537452354,0.6819488912040461,0.6693238929070451,-0.1743636716758996
DTXSID7029162,"3-Bromo-1-chloro-5,5-dimethylhydantoin",126-06-7,C5H6BrClN2O2,239.930118,15,364,4,Inactive,0.0,-5.743744723498981,0.253776429022598,0.0138000064830057,-1.860120709574636
DTXSID7029164,"Sodium 1,4-diisobutyl sulfosuccinate",127-39-9,C12H21NaO7S,332.090568,5,355,1,Inactive,0.1264335144753282,21.035841398364084,0.929428616442849,0.0094660207478245,-2.023832547971147
DTXSID7029241,"2,4-Bis(1-methyl-1-phenylethyl)phenol",2772-45-4,C24H26O,330.198365,351,643,55,Inactive,-1.2366991507056942e-10,-0.1620912002943514,0.0071616911904867,50.0,1.6989700043360187
DTXSID7029320,4-(Dimethylamino)benzoic acid 2-ethylhexyl ester,21245-02-3,C17H27NO2,277.204179,30,377,8,Inactive,-4.657464158106717e-10,-10.127059786862274,0.4474448627032051,0.1302022091778001,-0.8853816469076992
DTXSID7029611,Ethylenebis(oxyethylene) dibenzoate,120-56-9,C20H22O6,358.141638,18,392,5,Inactive,-1.2352820052e-06,-15.773312664890078,0.6969138000816713,3.303779513062871,0.5190110557623469
DTXSID7029661,"3,5,5-Trimethyl-1-hexanol",3452-97-9,C9H20O,144.151415,4,359,1,Inactive,-1.13646254276e-05,-11.86402175204589,0.5241892213215397,0.3962775000094596,-0.4020005854986079
DTXSID7029871,Clotrimazole,23593-75-1,C22H17ClN2,344.108026,395,653,60,Inactive,-1.4591811969489794e-08,-15.542670915938194,0.6867233333652328,0.0260578895118308,-1.5840607617041191
DTXSID7029879,Ketoconazole,65277-42-1,C26H28Cl2N4O4,530.148761,359,640,56,Inactive,1.0834721671612032e-10,0.1525397842215513,0.0067396800497151,50.0,1.6989700043360187
DTXSID7029904,Fluorotelomer alcohol 8:2,678-39-7,C10H5F17O,464.006894,186,726,26,Inactive,-5.308060317753867e-13,-8.323355709965622,0.3677516309034658,0.010913250584866,-1.9620458726192105
DTXSID7030060,"2,2-Dichloropropane",594-20-7,C3H6Cl2,111.984656,5,357,1,Inactive,-3.357590878074407e-12,-8.29456957983977,0.3664797705300702,0.1186128198253288,-0.9258683693316812
DTXSID7030307,"3,5-Dichloroaniline",626-43-7,C6H5Cl2N,160.979905,7,361,2,Inactive,0.0,-4.437197011204651,0.1960491049970077,0.9144642590235694,-0.0388332638476749
DTXSID7030698,alpha-Cyclodextrin,10016-20-3,C36H60O30,972.316941,11,589,2,Inactive,-1.3940801112558197e-08,-4.895607143666341,0.2163030842464608,26.25,1.4191293077419758
DTXSID7032004,Flutamide,13311-84-7,C11H11F3N2O3,276.072177,208,723,29,Inactive,0.0,-8.107175124794015,0.3582001031859447,1.3715039775797466,0.1371970714654701
DTXSID7032345,Chlorhexidine diacetate,56-95-1,C26H38Cl2N10O4,624.245455,214,391,55,Inactive,1.9435128581601077e-10,0.0810344611695726,0.0035803534407178,16.65,1.2214142378423387
DTXSID7032393,Fenoxycarb,72490-01-8,C17H19NO4,301.131408,174,663,26,Inactive,0.0,-16.13664763818432,0.7129670643718475,10.471212530660324,1.0199969744090016
DTXSID7032424,Mesotrione,104206-82-8,C14H13NO7S,339.041273,25,711,4,Inactive,0.0006492233083383,17.97533666590789,0.7942060396399659,10.119700531244328,1.0051676607693487
DTXSID7032470,Propetamphos,31218-83-4,C10H20NO4PS,281.085066,102,694,15,Inactive,-4.162536195560228e-09,-10.919236599698364,0.4824456874950107,5.6853157499192335,0.7547545894528842
DTXSID7032551,Fluazinam,79622-59-6,C13H4Cl2F6N4O4,463.951379,460,792,58,Inactive,-1.7416418270826437e-13,-0.0239439820003918,0.0010579192741245,46.25,1.6651117370750514
DTXSID7032553,Flumetralin,62924-70-3,C16H12ClF4N3O4,421.045246,167,694,24,Inactive,-4.2333098641509936e-10,-0.2008001676508238,0.0088719732416175,50.0,1.6989700043360187
DTXSID7032555,Flumioxazin,103361-09-7,C19H15FN2O4,354.101585,71,675,11,Inactive,0.0,2.546711040406372,0.112521580379889,0.0006100000275236,-3.214670145393526
DTXSID7032559,lambda-Cyhalothrin,91465-08-6,C23H19ClF3NO3,449.100556,92,551,17,Inactive,-0.0004632461326896,-2.037792031592685,0.0900359625581101,14.250000000000002,1.153814864344529
DTXSID7032630,N-Benzyl-1H-purin-6-amine,1214-39-7,C12H11N5,225.101445,16,370,4,Inactive,-2.803060210591279e-16,-5.15418493094988,0.2277278516482764,0.0489673723184259,-1.31009320041769
DTXSID7032638,Pyraclostrobin,175013-18-0,C19H18ClN3O4,387.098584,355,851,42,Inactive,-5.792207638271991e-09,-0.0234526674847936,0.0010362114773303,50.0,1.6989700043360187
DTXSID7032688,Phenothrin,26002-80-2,C23H26O3,350.188195,50,482,10,Active,0.998761474482775,45.0910205390851,1.9922609245807077,0.1903669941977391,-0.7204083473399633
DTXSID7034252,Tepraloxydim,149979-41-9,C17H24ClNO4,341.139386,8,662,1,Inactive,0.6339837192774349,22.666909798480376,1.0014942694269806,0.0012568026838033,-2.9007329005653695
DTXSID7034383,Bispyribac-sodium,125401-92-5,C19H17N4NaO8,452.094408,3,363,1,Inactive,-4.3366982394075755e-17,-9.34422120782456,0.4128566299991075,0.3140905325738906,-0.5029451540595784
DTXSID7034545,Dimethomorph,110488-70-5,C21H22ClNO4,387.123736,129,727,18,Inactive,-0.0012103166333226,-10.789564446355044,0.4767163701936158,50.0,1.6989700043360187
DTXSID7034549,1-Methyl-2-nitro-3-((tetrahydrofuran-3-yl)methyl)guanidine,165252-70-0,C7H14N4O3,202.10659,6,417,1,Inactive,-0.0001062929963755,-0.5150021036776062,0.0227543877908995,15.9,1.2013971243204515
DTXSID7034674,Ipconazole,125225-28-7,C18H24ClN3O,333.16079,176,414,43,Inactive,-1.2265470485e-06,-11.954635436073463,0.5281928144929108,0.0897646182876012,-1.0468948115555523
DTXSID7034676,Isazofos,42509-80-8,C9H17ClN3O3PS,313.041677,94,688,14,Inactive,-9.893374970681784e-12,-13.284876774062912,0.5869669962757591,0.0052594244043713,-2.279061782782328
DTXSID7034961,Thiacloprid,111988-49-9,C10H9ClN4S,252.023645,24,742,3,Inactive,-0.0183583095572102,-18.95868186073194,0.8376532755552414,0.0301707543949219,-1.520413830512593
DTXSID7035010,Sodium warfarin,129-06-6,C19H15NaO4,330.086803,8,365,2,Inactive,-1.58446277106863e-08,-12.73672924282288,0.5627481408509124,0.3473703703895308,-0.4592072282755386
DTXSID7035272,"2,6-Diisopropylnaphthalene",24157-81-1,C16H20,212.156501,17,354,5,Inactive,0.6040870643432442,34.74177348756352,1.534999140458824,0.0137996103013141,-1.860133177829094
DTXSID7037185,Amiodarone hydrochloride,19774-82-4,C25H30ClI2NO3,681.00036,393,705,56,Inactive,-1.0676626260477362e-11,-0.0017218130634788,7.60750332281e-05,50.0,1.6989700043360187
DTXSID7037262,Pregnenolone carbonitrile,1434-54-4,C22H31NO2,341.235479,28,374,7,Inactive,0.897352806351605,33.39828895868402,1.4756398334911476,9.999999999999998,1.0
DTXSID7037551,Fenuron,101-42-8,C9H12N2O,164.094963,4,366,1,Inactive,0.0,-7.522120311054887,0.3323505697263953,0.2579078441509741,-0.5885354487900324
DTXSID7037717,Bisphenol AF,1478-61-1,C15H10F6O2,336.058499,417,807,52,Inactive,1.3168255324455433e-15,7.554669299169868,0.3337886848185102,0.0108218475333219,-1.9656985890417096
DTXSID7038810,Divinyltetramethyldisiloxane,2627-95-4,C8H18OSi2,186.089618,3,356,1,Inactive,-5.656622900667366e-07,-12.938075590764782,0.5716442460291923,1.1241528953580595,0.050825383381163
DTXSID7038864,"2,2'-Methylenebis(ethyl-6-tert-butylphenol)",88-24-4,C25H36O2,368.27153,192,371,52,Inactive,-0.0002358740905925,-0.637954645684241,0.0281868118542528,16.65,1.2214142378423387
DTXSID7040285,2-Hydroxyacetophenone,118-93-4,C8H8O2,136.052429,0,357,0,Inactive,0.0906615935557373,19.311909037425785,0.8532599460899463,0.0307835461210115,-1.5116813529229889
DTXSID7040360,"Ethyl 5,5-diphenyl-2-isoxazoline-3-carboxylate",163520-33-0,C18H17NO3,295.120843,26,480,5,Inactive,0.6932820535588079,22.99290843032129,1.0158978985291531,0.1843564481673047,-0.7343416676347351
DTXSID7040362,5-Chloro-N-(2-chloro-4-nitrophenyl)-2-hydroxybenzamide,50-65-7,C13H8Cl2N2O4,325.986112,324,716,45,Inactive,-5.062426994167222e-12,-0.0068631669311143,0.0003032359687641,25.0,1.3979400086720375
DTXSID7040788,2-tert-Butyl-4-methoxyphenol,121-00-6,C11H16O2,180.11503,71,633,11,Inactive,-6.923960443248565e-07,-0.0175040458631466,0.000773382952488,50.0,1.6989700043360187
DTXSID7041097,1-(2-Chlorophenyl)-N-methyl-N-(1-methylpropyl)-3-isoquinolinecarboxamide,85532-75-8,C21H21ClN2O,352.134241,133,642,21,Inactive,0.0,4.765658239830053,0.21056153925125,0.0900253207733581,-1.0456353224992911
DTXSID7041413,R-(-)-Carvone,6485-40-1,C10H14O,150.104465,4,365,1,Inactive,-5.323777231435226e-10,-8.192476362963614,0.3619689760478117,0.9237690160925284,-0.0344366084087021
DTXSID7041544,Tonalide,21145-77-7,C18H26O,258.198365,98,449,22,Inactive,-2.554713139248122e-12,-13.986134802314506,0.6179507476087581,4.418109767592446,0.6452365016819732
DTXSID7041623,Benodanil,15310-01-7,C13H10INO,322.98071,86,614,14,Inactive,-9.874104566595026e-08,-12.166025138825129,0.5375326661887894,0.515701176898806,-0.2876018774742741
DTXSID7041675,(+/-)-Bornyl acetate,76-49-3,C12H20O2,196.14633,0,358,0,Inactive,-2.17259651490111e-08,-15.535924578708396,0.6864252592944692,0.7724968518863735,-0.1121032817557649
DTXSID7041708,"C.I. Acid Orange 24, monosodium salt",1320-07-6,C20H17N4NaO5S,,47,368,13,Inactive,0.0,-10.954105062550468,0.4839862841639246,4.239583951766424,0.6273232395367023
DTXSID7041889,Diphenyl phosphite,4712-55-4,C12H11O3P,234.044581,22,395,6,Inactive,1.762426997218322e-09,3.2739506818638486,0.1446532798437755,16.55,1.2187979981117376
DTXSID7041962,Ethyltriethoxysilane,78-07-9,C8H20O3Si,192.118171,9,357,3,Inactive,-0.0002638488317685,-18.728204146173287,0.8274700563862749,4.4068635324486065,0.6441296019003925
DTXSID7042011,N-Dodecanoyl-N-methylglycine,97-78-9,C15H29NO3,271.214744,59,480,12,Inactive,-8.083767985948851e-13,-16.020906579050006,0.7078532659542001,4.390551351443396,0.6425190609833998
DTXSID7042061,Isobornyl acetate,125-12-2,C12H20O2,196.14633,2,358,1,Inactive,0.7079469392429082,23.89306066649442,1.0556694119005836,0.0381846872496759,-1.4181107621203377
DTXSID7042190,"N,N-Dimethyldecylamine oxide",2605-79-0,C12H27NO,201.209264,27,608,4,Inactive,-6.736582567360216e-07,-8.372430970625807,0.3699199278949289,0.0079254316783007,-2.100977073539458
DTXSID7042196,Butyl lactate,138-22-7,C7H14O3,146.094294,1,362,0,Inactive,-3.72679490709e-05,-14.159286748587418,0.6256011368093221,0.2705203654309407,-0.5678000345819978
DTXSID7042198,N-Butyl-p-toluenesulfonamide,1907-65-9,C11H17NO2S,227.098,12,365,3,Inactive,-8.100332850469589e-14,-10.601666085103304,0.4684144387128211,9.6749625996197,0.9856492948475196
DTXSID7042273,"2,4-Diisopropylphenol",2934-05-6,C12H18O,178.135765,68,377,18,Inactive,-3.668696051067414e-13,-12.289300572160736,0.5429793565909816,0.7344059493977682,-0.1340638135876476
DTXSID7042356,2-(3-Phenylpropyl)pyridine,2110-18-1,C14H15N,197.120449,20,370,5,Inactive,-1.0392521645731813e-07,-8.352675744565001,0.3690470808298888,0.5935520854651779,-0.2265411647673688
DTXSID7044390,N-Methylhydrazinecarbothioamide,6610-29-3,C2H7N3S,105.036068,63,359,18,Inactive,0.0,-9.430895312965337,0.4166861603752339,0.0138000004408693,-1.8601208997243337
DTXSID7044394,4-tert-Butylcyclohexanone,98-53-3,C10H18O,154.135765,28,358,8,Inactive,-9.681240492301724e-14,-9.29560844552674,0.4107087676175512,0.5613777780299671,-0.2507447827774139
DTXSID7044718,C.I. Acid Orange 156,68555-86-2,C21H19N4NaO5S,462.097385,69,389,18,Inactive,0.0668855539417077,14.364893696100864,0.6346854884708306,0.1506476088273433,-0.8220377573283716
DTXSID7044928,Isopropyl triethanolamine titanate,36673-16-2,C18H42N2O8Ti,462.242058,52,631,8,Inactive,0.7030210844535758,23.449801916083754,1.0360848676307066,0.2541576975589096,-0.594896732482096
DTXSID7047271,PD 0343701,676116-04-4,C26H34N4O4S2,530.202148,366,651,56,Inactive,-1.5792234845e-05,-0.327002189991209,0.0144479694090556,50.0,1.6989700043360187
DTXSID7047277,Elzasonan,361343-19-3,C22H23Cl2N3OS,447.093889,292,631,46,Inactive,-1.6600110325655618e-18,-2.6741103618319464,0.1181504769286878,0.724652158267392,-0.1398704099751204
DTXSID7047279,CP-532623,261947-38-0,C27H27F9N2O3,598.187796,41,608,7,Inactive,0.0,-10.366346597388194,0.4580172950118754,0.0288463731933868,-1.5399087822001858
DTXSID7047304,CP-100829,135080-03-4,C14H7Cl2FN2O3S,371.953847,295,630,47,Inactive,-1.0952506402238132e-18,-5.827711283197834,0.2574863316564161,0.0713440368974418,-1.1466423203876162
DTXSID7047306,CP-634384,290352-28-2,C19H19NO5,341.126323,70,648,11,Inactive,0.565441751673133,24.679307966739383,1.0904082524636918,17.03393847415132,1.231315074259458
DTXSID7047308,CP-105696,158081-99-3,C28H28O4,428.198759,215,608,35,Inactive,0.0,-11.187093407790876,0.4942804307712927,5.235925179559595,0.7189934319320856
DTXSID7047356,Ilepatril,473289-62-2,C22H28N2O5S,432.171893,4,583,1,Inactive,0.0,-7.033835204531578,0.3107766216065497,0.0006100006960302,-3.214669669445089
DTXSID7047358,Nelivaptan,439687-69-1,C30H32ClN3O8S,629.159864,250,655,38,Inactive,-0.0137448188689023,-15.744478601430783,0.695639821865165,0.0741597318557939,-1.1298318491677606
DTXSID7047433,Equilin,474-86-2,C18H20O2,268.14633,137,571,24,Inactive,0.0034751527093056,17.352466590602518,0.7666857108187121,0.0138000084166566,-1.8601206487214867
DTXSID7047487,Sodium nonyl sulfate,1072-15-7,C9H19NaO4S,246.090175,10,360,3,Inactive,-2.173120509619285e-18,-5.357215132513841,0.2366983546941103,1.5930156463375658,0.2022200413910225
DTXSID7048166,PharmaGSID_48166,NOCAS_48166,C19H21N3O8,419.132865,275,603,46,Inactive,0.0,1e-06,4.4183096784287834e-08,0.000612118146124,-3.2131647457340566
DTXSID7048168,Fabesetron hydrochloride,129299-90-7,C18H20ClN3O,329.12949,293,679,43,Inactive,-1.1616244045950194e-08,-14.24422784209281,0.629354097364634,0.0056176578351081,-2.2504447166919115
DTXSID8020040,Aldrin,309-00-2,C12H8Cl6,361.875717,243,643,38,Inactive,0.0,-1.538155278808922,0.0679604635528778,0.0037328236422188,-2.42796252789326
DTXSID8020044,Allyl alcohol,107-18-6,C3H6O,58.041865,15,354,4,Inactive,0.0,7.783953427609703,0.3439191676564684,29.99563352121499,1.4770580388643166
DTXSID8020121,Sodium azide,26628-22-8,N3Na,64.998991,54,612,9,Inactive,-0.0081727055054271,-17.3045037602418,0.7645665644428362,21.206978484944564,1.326478795777642
DTXSID8020123,Azobenzene,103-33-3,C12H10N2,182.084398,28,627,4,Active,0.9999842103567947,56.334195329039886,2.4890192044879447,17.715242075647964,1.2483470912669834
DTXSID8020127,3'-Azido-3'-deoxythymidine,30516-87-1,C10H13N5O4,267.096754,8,607,1,Inactive,-0.034207569730433,-15.04692576158438,0.6648197772300766,50.0,1.6989700043360187
DTXSID8020179,Diisopropanolamine,110-97-4,C6H15NO2,133.110279,10,355,3,Inactive,0.000273888739048,13.848754109925435,0.6118808431806394,5.642005421115157,0.7514334991109581
DTXSID8020337,Clomiphene citrate (1:1),50-41-9,C32H36ClNO8,597.212945,447,806,55,Inactive,-4.318386792482527e-17,-5.396912430732751,0.2384523042633912,0.1645204080287451,-0.7837802220633443
DTXSID8020381,Deltamethrin,52918-63-5,C22H19Br2NO3,502.973169,107,552,19,Inactive,-0.0371150844451651,-19.5411434747538,0.8633882334207017,29.429597641987367,1.468784324516901
DTXSID8020462,Diethylene glycol,111-46-6,C4H10O3,106.062994,3,640,0,Inactive,8.7798331643e-06,7.2321099394613695,0.3195370134098317,0.0006100000686894,-3.214670116085239
DTXSID8020466,"N,N'-Diethylthiourea",105-55-5,C5H12N2S,132.07212,2,358,1,Inactive,-1.6045695686327802e-15,-4.514842174976405,0.199479708782767,0.3300617186928544,-0.4814048432084332
DTXSID8020541,"5,5-Diphenylhydantoin",57-41-0,C15H12N2O2,252.089878,35,699,5,Inactive,0.0,-12.596844506567852,0.5565676000103119,10.47196162984478,1.0200280422538135
DTXSID8020591,Ethyl methylphenylglycidate,77-83-8,C12H14O3,206.094294,12,354,3,Inactive,0.0,-4.1396704214863975,0.1829034588875871,0.0138000002167799,-1.8601209067765667
DTXSID8020597,Ethylene glycol,107-21-1,C2H6O2,62.036779,16,603,3,Inactive,-0.0074317732936584,-6.314990624613171,0.2790158419591539,50.5,1.7032913781186614
DTXSID8020620,Fenthion,55-38-9,C10H15O3PS2,278.020024,118,752,16,Inactive,-0.0033572496159728,-10.038141405174231,0.4435161732391801,50.00000000000001,1.6989700043360187
DTXSID8020755,Isoniazid,54-85-3,C6H7N3O,137.058912,16,641,2,Inactive,4.2983529472e-06,4.678620975390045,0.2067159633726574,49.99999999999999,1.6989700043360187
DTXSID8020759,Isophorone,78-59-1,C9H14O,138.104465,11,606,2,Inactive,2.70087330314e-05,2.0306908386569136,0.089722209863345,50.0,1.6989700043360187
DTXSID8020834,Methyl carbamate,598-55-0,C2H5NO2,75.032028,12,360,3,Inactive,-0.0581269972478126,-18.50043532998377,0.8174065247361308,3.3037969321252074,0.5190133455588299
DTXSID8020913,Naphthalene,91-20-3,C10H8,128.0626,16,638,3,Inactive,0.0,-2.237344175208478,0.0988527942329988,0.0006331440897301,-3.1984974428206416
DTXSID8020915,1-Naphthaleneacetic acid,86-87-3,C12H10O2,186.06808,6,365,2,Inactive,8.02711845290832e-13,7.894655982834134,0.3488103493682175,0.1069135633191682,-0.970967195623634
DTXSID8020961,4-Nitrobenzenamine,100-01-6,C6H6N2O2,138.042927,39,599,7,Inactive,-1.986420688993583e-07,-0.0304647282006306,0.0013460260345954,50.0,1.6989700043360187
DTXSID8020969,Nitroethane,79-24-3,C2H5NO2,75.032028,4,356,1,Active,0.9250210087312098,32.37557737673646,1.4304532686835465,0.1228075967080412,-0.9107747675080546
DTXSID8021062,N-Nitrosopyrrolidine,930-55-2,C4H8N2O,100.063663,14,361,4,Inactive,9.55039028435e-05,9.951078130658836,0.4396694481549093,16.55,1.2187979981117376
DTXSID8021195,"1,3-Propane sultone",1120-71-4,C3H6O3S,122.003765,4,585,1,Inactive,-1.7854619896885786e-13,-10.43535609565653,0.4610663483529004,16.04947061924414,1.2054607120721856
DTXSID8021199,Pebulate,1114-71-2,C10H21NOS,203.134385,20,369,5,Inactive,2.0514802843681566e-10,3.5467686535246368,0.1567072226901572,16.65,1.2214142378423387
DTXSID8021224,C.I. Acid Red 114,6459-94-5,C37H28N4Na2O10S3,830.076295,99,378,26,Inactive,-2.7319731532399147e-08,-0.7022934540242498,0.0310294996501252,11.65,1.066325925362038
DTXSID8021272,Sodium chlorite,7758-19-2,ClNaO2,89.948451,12,639,2,Inactive,-8.394910537308936e-07,-4.605505179591749,0.2034854810904411,49.99999999999999,1.6989700043360187
DTXSID8021301,Tamoxifen citrate,54965-24-1,C32H37NO8,563.251917,403,700,58,Inactive,0.0,-9.327282167978186,0.4121082107621422,0.0146384723932438,-1.8345042419798057
DTXSID8021515,Butanoic acid,107-92-6,C4H8O2,88.052429,5,600,1,Inactive,-8.31060838384e-05,-4.279451964004434,0.1890794403093185,50.00000000000001,1.6989700043360187
DTXSID8021517,Maleic acid,110-16-7,C4H4O4,116.010959,3,360,1,Inactive,-1.1986074338569362e-11,-13.162073641259727,0.5815411735737023,0.0163528341073764,-1.786406968965135
DTXSID8021519,2-(2-Butoxyethoxy)ethanol,112-34-5,C8H18O3,162.125594,3,588,1,Inactive,1.38907712831291e-09,5.698282259027805,0.2517677565548158,0.0006100000866169,-3.2146701033216187
DTXSID8021640,Nonanedioic acid,123-99-9,C9H16O4,188.104859,0,360,0,Inactive,-5.5461777926e-06,-16.169978218397837,0.7144397126232978,0.6085586653872668,-0.2156975491908922
DTXSID8021642,1-Octadecanoic acid,57-11-4,C18H36O2,284.27153,23,613,4,Inactive,-7.50168268605e-05,-6.690482629830155,0.2956062415673823,25.0,1.3979400086720375
DTXSID8021771,4-(2-Methylbutan-2-yl)phenol,80-46-6,C11H16O,164.120115,127,678,19,Inactive,1.2215857731e-06,7.85664820901066,0.3471310482188196,0.0381232877699199,-1.4188096526621852
DTXSID8021777,Riboflavin,83-88-5,C17H20N4O6,376.138284,46,371,12,Inactive,3.909611927149511e-08,5.385956836325441,0.2379682521753636,16.65,1.2214142378423387
DTXSID8021800,"N,N-Diethylaniline",91-66-7,C10H15N,149.120449,6,588,1,Inactive,6.762198763925204e-07,13.83039119724537,0.6110695128324547,0.013243880066113,-1.8779847607847469
DTXSID8021804,Benzocaine,94-09-7,C9H11NO2,165.078979,17,365,5,Inactive,-7.9949889248e-06,-9.94269493909119,0.4392990527905148,1.010581134273073,0.0045711864832745
DTXSID8021808,o-Cresol,95-48-7,C7H8O,108.057515,4,584,1,Inactive,-0.0016180270323955,-7.466138273456443,0.3298771099410016,50.0,1.6989700043360187
DTXSID8021856,4-Butylaniline,104-13-2,C10H15N,149.120449,19,358,5,Inactive,-2.42733269352e-05,-12.471086596409284,0.551011226094386,0.3068102516665298,-0.5131301330939156
DTXSID8021931,1-Hexanol,111-27-3,C6H14O,102.104465,1,358,0,Inactive,-8.595553844187006e-08,-2.6382205909926264,0.1165647557101282,16.75,1.224014811372864
DTXSID8021937,1-Heptanol,111-70-6,C7H16O,116.120115,8,469,2,Active,0.9999631973538582,48.504494081997095,2.143078756497794,0.2183102429291845,-0.6609258870885564
DTXSID8022111,"N-(3,4-Dichlorophenyl)propanamide",709-98-8,C9H9Cl2NO,217.006119,120,743,16,Inactive,-0.0008860994859612,-14.11275883824214,0.6235453896433659,50.0,1.6989700043360187
DTXSID8022113,"3,4-Dichloro-1-butene",760-23-6,C4H6Cl2,123.984656,24,469,5,Inactive,0.0,-7.39502472008555,0.3267350929297408,4.4161495102448365,0.6450437681575486
DTXSID8022292,Permethrin,52645-53-1,C21H20Cl2O3,390.07895,103,803,13,Inactive,0.0,-3.646230176717053,0.1611017407956805,0.776057671834063,-0.1101060034471999
DTXSID8022325,"2,2-Bis(4-hydroxyphenyl)-1,1,1-trichloroethane",2971-36-0,C14H11Cl3O2,315.982463,394,861,46,Inactive,0.0722962756934402,12.923981915609549,0.5710215438157622,0.0042715499800994,-2.369414507724424
DTXSID8022377,17alpha-Estradiol,57-91-0,C18H24O2,272.17763,195,664,29,Active,1.0,75.27691285576527,3.325967126328678,0.0068992755346202,-2.1611965103982933
DTXSID8022406,"2,4-Dihydroxybenzophenone",131-56-6,C13H10O3,214.062994,95,584,16,Inactive,-0.0003314522028807,-9.919018172936838,0.4382529399399781,16.65,1.2214142378423387
DTXSID8022408,Phenol red,143-74-8,C19H14O5S,354.056195,43,373,12,Inactive,2.96905230441e-05,6.498655593528297,0.2871307290566142,16.65,1.2214142378423387
DTXSID8022589,Aminoglutethimide,125-84-8,C13H16N2O2,232.121178,10,383,3,Inactive,-1.4797758336465158e-10,-8.828531974259626,0.3900718826818927,0.3410330835922843,-0.4672034880907053
DTXSID8022828,Cladribine,4291-63-8,C10H12ClN5O3,285.062867,169,657,26,Inactive,0.0,0.0003095261821269,1.36758252621e-05,25.0,1.3979400086720375
DTXSID8022959,Docusate sodium,577-11-7,C20H37NaO7S,444.215769,333,686,49,Active,0.9979648772879736,57.16536748077831,2.525742964112608,10.471180429138755,1.0199956429934651
DTXSID8023216,"3,5,3'-Triiodothyronine",6893-02-3,C15H12I3NO4,650.79004,153,711,22,Inactive,-2.94952702071e-05,-0.902387841244486,0.0398702893266696,12.5,1.0969100130080565
DTXSID8023632,L-Tartaric acid,87-69-4,C4H6O6,150.016438,0,586,0,Inactive,-2.82249117311e-05,-12.20423867043568,0.5392210583544078,4.436950627379478,0.6470845960873122
DTXSID8023719,Troglitazone,97322-87-7,C24H27NO5S,441.160994,273,714,38,Inactive,-1.6162002915e-06,-0.5636892813091257,0.0249055380723467,50.0,1.6989700043360187
DTXSID8023846,Acephate,30560-19-1,C4H10NO3PS,183.011901,16,757,2,Inactive,0.0,-2.3637282213560677,0.1044368327759276,0.0154566379414746,-1.8108849659321609
DTXSID8023848,Acetochlor,34256-82-1,C14H20ClNO2,269.118257,177,734,24,Inactive,-4.6008645377e-06,-6.912809348089502,0.3054293244779681,0.0006100000890707,-3.214670101574621
DTXSID8023890,Asulam,3337-71-1,C8H10N2O4S,230.036128,7,653,1,Inactive,1.42189030557e-05,11.331412375135232,0.5006568896732768,0.1747495851125639,-0.7575838466754885
DTXSID8023892,Abamectin,71751-41-2,,,435,803,54,Inactive,-2.6376726995915613e-18,-0.0144897223605771,0.0006402008054348,50.0,1.6989700043360187
DTXSID8023927,p-Bromodiphenyl ether,101-55-3,C12H9BrO,247.983678,56,602,9,Inactive,-0.0081510695031172,-18.221989175793496,0.8051039113563293,50.0,1.6989700043360187
DTXSID8024072,Diphenamid,957-51-7,C16H17NO,239.131014,10,366,3,Inactive,-2.1054262904707253e-17,-5.713267387484116,0.252429845935726,0.3357305409046832,-0.4740091498360912
DTXSID8024105,Fluorene,86-73-7,C13H10,166.07825,19,627,3,Inactive,-0.0001806240939072,-7.330121727695925,0.3238674777354002,50.0,1.6989700043360187
DTXSID8024107,1-Methyl-3-phenyl-5-(3-(trifluoromethyl)phenyl)-4-pyridone,59756-60-4,C19H14F3NO,329.102749,78,605,13,Inactive,-0.0174176335097164,-18.75249305443641,0.8285432155708492,50.00000000000001,1.6989700043360187
DTXSID8024109,Flutolanil,66332-96-5,C17H16F3NO2,323.113313,95,683,14,Inactive,0.0016308589144625,17.182682971068267,0.7591841447244436,1.9688826647503728,0.2942198351986392
DTXSID8024151,Imazalil,35554-44-0,C14H14Cl2N2O,296.048318,352,830,42,Inactive,0.0,-13.031942729776986,0.5757915869170327,10.47247121596238,1.0200491753578325
DTXSID8024157,Isopropalin,33820-53-0,C15H23N3O4,309.168856,138,601,23,Inactive,0.0,-3.257147600752602,0.1439108676847631,0.0013423635705083,-2.872129842377926
DTXSID8024159,Isoxaben,82558-50-7,C18H24N2O4,332.173607,105,687,15,Inactive,-3.55239277112e-05,-0.2297201093383967,0.0101497458241955,50.0,1.6989700043360187
DTXSID8024234,Norflurazon,27314-13-2,C12H9ClF3N3O,303.038624,81,678,12,Inactive,-2.660911678051069e-08,-1.3532654048327235,0.0597914563565526,50.0,1.6989700043360187
DTXSID8024280,Propiconazole,60207-90-1,C15H17Cl2N3O2,341.069782,252,800,32,Inactive,0.0,2.4954803138886694,0.110258048231828,0.0045700003254404,-2.340083769003018
DTXSID8024284,1-Methoxy-2-propanol,107-98-2,C4H10O2,90.06808,5,593,1,Inactive,-0.0001176475357436,-6.88045076049229,0.3039996218703577,50.0,1.6989700043360187
DTXSID8024311,Sodium fluoroacetate,62-74-8,C2H2FNaO2,99.993652,2,363,1,Inactive,-2.218154492512711e-09,-8.599884055231996,0.379969509545969,0.2392711446365621,-0.6211096728062356
DTXSID8024315,Myclobutanil,88671-89-0,C15H17ClN4,288.114174,125,722,17,Inactive,6.392071335554672e-11,9.917056236217997,0.4381662555000448,0.0474996968622644,-1.3233091619849418
DTXSID8024317,Terbacil,5902-51-2,C9H13ClN2O2,216.066555,45,656,7,Inactive,-1.2233576946e-06,-1.5450946636320704,0.0682670670641424,50.0,1.6989700043360187
DTXSID8024523,"4-Androstene-3,17-dione",63-05-8,C19H26O2,286.19328,144,699,21,Active,0.9999999999971376,68.95543576514115,3.046664692213974,0.0110620040162255,-1.9561661881897372
DTXSID8024652,Bronopol,52-51-7,C3H6BrNO4,198.948021,184,633,29,Inactive,0.0109616142071403,21.913494524533608,0.9682060494594298,0.0576504181625764,-1.239197538238478
DTXSID8024993,"Dichloro-1,3,5-triazinetrione",2782-57-2,C3HCl2N3O3,196.939496,5,362,1,Inactive,-7.786023544791559e-12,-15.169912658280278,0.6702537191899907,4.418988897567885,0.6453229104260497
DTXSID8024999,"3,4-Dichloronitrobenzene",99-54-7,C6H3Cl2NO2,190.954084,13,590,2,Inactive,0.0,-15.252779325693982,0.6739150251765217,10.47419606815813,1.020120699269703
DTXSID8025096,Dimethyl adipate,627-93-0,C8H14O4,174.089209,2,606,0,Inactive,-0.0101869324791342,-9.386701907040257,0.4147335588440187,50.00000000000001,1.6989700043360187
DTXSID8025337,Formamide,75-12-7,CH3NO,45.021464,6,583,1,Inactive,8.662326540390384e-17,4.816691601518526,0.2128163512099594,0.0270082178328396,-1.5685040722693848
DTXSID8025595,"N,N'-Methylenebisacrylamide",110-26-9,C7H10N2O2,154.074228,23,590,4,Inactive,0.0607603866310171,17.809209415598502,0.7868660232610387,0.0365855832712489,-1.4366900167692884
DTXSID8025599,Methylene bis(thiocyanate),6317-18-6,C3H2N2S2,129.96594,304,703,43,Inactive,-2.4237378463424883e-08,-0.1398309830221852,0.0061781658563113,50.0,1.6989700043360187
DTXSID8025886,"Ethyl 2,3-epoxy-3-phenylpropionate",121-39-1,C11H12O3,192.078644,21,363,6,Inactive,-2.670553832763395e-13,-3.3762527404023572,0.1491733015974143,0.4393573020542817,-0.3571821512917899
DTXSID8026141,Thioglycolic acid,68-11-1,C2H4O2S,91.993201,2,359,1,Inactive,6.792387317136691e-08,8.932738084991506,0.3946760313578736,28.823566449051356,1.459747716703997
DTXSID8026193,"1,2,3-Trichlorobenzene",87-61-6,C6H3Cl3,179.930033,4,632,1,Inactive,0.0,3.115066068437256,0.1376332655912142,0.04282382734676,-1.3683145205703693
DTXSID8026224,Triethylene glycol dimethyl ether,112-49-2,C8H18O4,178.120509,2,598,0,Inactive,-1.865407669794727e-11,-12.701352035218807,0.5611850662633838,9.921256855236104,0.9965666933958576
DTXSID8026228,Triethyl phosphate,78-40-0,C6H15O4P,182.070796,8,355,2,Inactive,-3.09124229399e-05,-2.201761352818146,0.0972806349474686,16.65,1.2214142378423387
DTXSID8026307,"2,6-Dimethylaniline",87-62-7,C8H11N,121.089149,7,602,1,Inactive,-5.570134301739582e-10,-0.483649923984365,0.0213691514011146,51.5,1.711807229041191
DTXSID8026488,Camphene,79-92-5,C10H16,136.125201,3,362,1,Inactive,-8.92737420155422e-16,-13.781582243640653,0.6089129821113975,4.242917106012222,0.627664547026304
DTXSID8026513,"1,2,3,6-Tetrahydrophthalimide",85-40-5,C8H9NO2,151.063329,1,359,0,Inactive,0.0,-5.287239855043664,0.2336066302371381,4.311726544472698,0.6346512095088213
DTXSID8026640,"1,3-Diisopropylbenzene",99-62-7,C12H18,162.140851,4,587,1,Inactive,0.0664313317120391,17.005531221810713,0.7513570318414913,0.0006614787940443,-3.1794840740420836
DTXSID8026694,2-Ethylhexyl acetate,103-09-3,C10H20O2,172.14633,3,363,1,Inactive,-1.1447537219592657e-08,-3.605444748786165,0.1592997142860214,16.65,1.2214142378423387
DTXSID8026698,"4,4'-Dithiodimorpholine",103-34-4,C8H16N2O2S2,236.06532,70,366,19,Inactive,-0.0077274314916852,-14.444145411252377,0.6381870746716907,16.65,1.2214142378423387
DTXSID8026727,Geraniol,106-24-1,C10H18O,154.135765,13,588,2,Inactive,-0.0064453736727631,-14.031867985215294,0.6199713812551172,12.5482690847459,1.0985838231247915
DTXSID8026773,"1,3-Butanediol",107-88-0,C4H10O2,90.06808,12,582,2,Inactive,-2.3839015520465913e-08,-11.903158352202404,0.5259183975140629,5.910107303523375,0.7715953659751712
DTXSID8027032,2-Amino-2-methylpropan-1-ol,124-68-5,C4H11NO,89.084064,3,355,1,Inactive,7.419412847284276e-09,0.8476915595720659,0.0374536382197964,16.65,1.2214142378423387
DTXSID8027034,"2-(Hydroxymethyl)-2-nitro-1,3-propanediol",126-11-4,C4H9NO5,151.048072,22,587,4,Inactive,2.6286122822046713e-07,5.6801322612883505,0.2509658334480589,50.0,1.6989700043360187
DTXSID8027036,Neopentyl glycol,126-30-7,C5H12O2,104.08373,7,475,1,Inactive,4.0872361231172663e-14,10.511033300908023,0.4644100016368915,0.0309407556719229,-1.5094690836509177
DTXSID8027246,2-Pyrrolidinone,616-45-5,C4H7NO,85.052764,7,365,2,Inactive,-6.278065205340624e-13,-6.957192859062512,0.3073903254389151,0.8877694109285486,-0.0516998231468812
DTXSID8027292,Dibutyltin dichloride,683-18-1,C8H18Cl2Sn,303.980758,203,389,52,Inactive,0.0,-0.0119649041658726,0.0005286465187754,16.65,1.2214142378423387
DTXSID8027377,Dimethylaniline,1300-73-8,C8H11N,,15,467,3,Inactive,3.472888671132067e-13,14.771033021110403,0.6526299815756325,4.286522216403189,0.6321050789518956
DTXSID8027402,Dimethyl isophthalate,1459-93-4,C10H10O4,194.057909,25,366,7,Inactive,-2.151636304960427e-08,-14.256871285578097,0.6299127238518311,0.9002899294123136,-0.0456176078196336
DTXSID8027454,"N,N-Dimethylacetoacetamide",2044-64-6,C6H11NO2,129.078979,4,366,1,Inactive,-3.1678690437792293e-11,-7.639975919271261,0.3375577954707905,1.2068731068872165,0.0816616098854954
DTXSID8027581,"1,5,9-Cyclododecatriene",4904-61-4,C12H18,162.140851,10,585,2,Inactive,0.0,6.132034702719787,0.27093228275488,0.0006100003373636,-3.2146699248005035
DTXSID8027793,N-(Cyclohexylthio)phthalimide,17796-82-6,C14H15NO2S,261.08235,145,361,40,Inactive,0.4915805768697142,24.10642346869263,1.065096441240274,0.0656779505212737,-1.182580407825109
DTXSID8027826,Dicyclohexyl sodium sulfosuccinate,23386-52-9,C16H25NaO7S,384.121869,11,361,3,Inactive,-3.3209613484779677e-08,-11.476640683572452,0.5070735260807768,0.6160214958789225,-0.2104041329999943
DTXSID8027955,Isooctyl acrylate,29590-42-9,,,22,586,4,Active,0.999927511377018,72.69395105410307,3.211843875055718,50.0,1.6989700043360187
DTXSID8029105,4-Toluenesulfonamide,70-55-3,C7H9NO2S,171.0354,3,359,1,Inactive,0.0565242799777263,22.513227611923732,0.9947041145043274,10.176945515202217,1.0076174494205803
DTXSID8029153,Benzyl benzoate,120-51-4,C14H12O2,212.08373,11,364,3,Inactive,-0.0102295864521077,-10.699349368538668,0.4727303886790528,16.65,1.2214142378423387
DTXSID8029157,alpha-Amylcinnamaldehyde,122-40-7,C14H18O,202.135765,76,478,16,Inactive,0.0,-12.403088931250048,0.54800687867355,3.98405341520149,0.6003251524855331
DTXSID8029159,"2,6,8-Trimethyl-4-nonanol",123-17-1,C12H26O,186.198365,10,362,3,Inactive,0.0087363361724663,15.59408203082572,0.6889948356300966,0.4221130039159873,-0.374571268452167
DTXSID8029600,Methacrylamide,79-39-0,C4H7NO,85.052764,2,569,0,Inactive,-1.9991579966289357e-11,-8.527608693344025,0.3767761602365533,2.0911971303184274,0.3203949742687343
DTXSID8029650,Menthol,1490-04-6,C10H20O,156.151415,3,360,1,Inactive,0.0,5.2845045525e-313,2.334857761e-314,16.650000000031135,1.2214142378431507
DTXSID8031077,Curcumin,458-37-7,C21H20O6,368.125988,255,473,54,Inactive,0.0,-5.791190144956342,0.2558727146708199,0.0002691493619957,-3.570006645319028
DTXSID8031863,Perfluorononanoic acid,375-95-1,C9HF17O2,463.970508,239,764,31,Inactive,-1.4801539470541614e-16,-6.747877699562749,0.2981421334883185,0.0006100015451555,-3.214669064904542
DTXSID8032386,Ethalfluralin,55283-68-6,C13H14F3N3O4,333.09364,116,760,15,Inactive,1.1235554266479625e-15,10.4322914614454,0.4609309433229416,0.0054309302371282,-2.2651257758899037
DTXSID8032544,"Dipropyl 2,5-pyridinedicarboxylate",136-45-8,C13H17NO4,251.115758,22,643,3,Inactive,-6.452143512778093e-07,-9.384884732251235,0.4146532704344415,0.0022843331588252,-2.641240556079513
DTXSID8032548,"4-(4-Chlorophenyl)-2-phenyl-2-(1H-1,2,4-triazol-1-ylmethyl)butyronitrile",114369-43-6,C19H17ClN4,336.114174,201,717,28,Inactive,-0.0013766247314015,-21.62681104205412,0.955539485406582,50.0,1.6989700043360187
DTXSID8032673,Pyrithiobac sodium,123343-16-8,C13H10ClN2NaO4S,347.99475,7,657,1,Inactive,-0.0006682149061613,-22.061110024213175,0.9747281593686332,0.036936632480251,-1.4325427018007757
DTXSID8032675,Sulprofos,35400-43-2,C12H19O2PS3,322.02848,34,387,9,Inactive,0.0,-3.445901857019647,0.1522506152578562,0.39744312198346,-0.4007250143689609
DTXSID8033562,Hydroxyflutamide,52806-53-8,C11H11F3N2O4,292.067091,130,676,19,Inactive,0.0014075242043271,22.04157657031492,0.9738651108845152,0.8128093667192062,-0.0900113002729689
DTXSID8034324,Phoxim,14816-18-3,C12H15N2O3PS,298.054101,75,412,18,Inactive,-8.297270093806187e-13,-0.1832494916970611,0.0080965300273228,16.65,1.2214142378423387
DTXSID8034376,Denatonium benzoate,3734-33-6,C28H34N2O3,446.256943,21,479,4,Inactive,-5.2235509628606205e-14,-10.58283640493128,0.4675824851313634,4.296840998124572,0.6331492831894331
DTXSID8034401,Buprofezin,69327-76-0,C16H23N3OS,305.156184,227,676,34,Inactive,-2.2567239467e-06,-0.0645183515149376,0.0028506205693471,50.0,1.6989700043360187
DTXSID8034580,Ethofumesate,26225-79-6,C13H18O5S,286.087495,138,671,21,Inactive,-0.0001788481830374,-18.806681305955436,0.8309374203322857,24.787098672988975,1.3942256956241583
DTXSID8034586,Etoxazole,153233-91-1,C21H23F2NO2,359.169685,207,684,30,Inactive,0.0113958046900632,14.583803852362973,0.6443576170920229,0.0006586508425446,-3.181344748291049
DTXSID8034588,Famoxadone,131807-57-3,C22H18N2O4,374.126657,312,725,43,Inactive,6.989872307155324e-18,0.0008112510977757,3.58435857693e-05,50.5,1.7032913781186614
DTXSID8034665,Imazapyr,81334-34-1,C13H15N3O3,261.111341,9,685,1,Inactive,-2.32666640718e-05,-13.065725838691156,0.5772842292878616,50.0,1.6989700043360187
DTXSID8034742,"Milbemectin (mixture of 70% Milbemycin A4, 30% Milbemycin A3)",NOCAS_34742,,,404,734,55,Inactive,5.6751596256616195e-14,0.0112167921409406,0.0004955926127724,48.75,1.6879746200345556
DTXSID8034871,Pyraflufen-ethyl,129630-19-9,C15H13Cl2F3N2O4,412.020447,37,658,6,Inactive,-0.2356676435818831,-21.80844128018965,0.9635644717970774,15.427828037183373,1.1883047894551808
DTXSID8034877,Pyrimethanil,53112-28-0,C12H13N3,199.110947,57,658,9,Inactive,0.0,-5.044803976823282,0.2228950623657432,10.629265607923177,1.026503259495604
DTXSID8034956,Tetraconazole,112281-77-3,C13H11Cl2F4N3O,371.02153,290,726,40,Inactive,-1.2972350827e-06,-6.026571880772629,0.2662726086856446,1.1493709394774916,0.0604602122999262
DTXSID8035001,10-Undecenoic acid,112-38-9,C11H20O2,184.14633,19,607,3,Inactive,-0.0010550620485733,-10.952719328799231,0.4839250581554765,91.48177359272309,1.9613345758523544
DTXSID8035180,Allethrin,584-79-2,C19H26O3,302.188195,242,770,31,Inactive,-0.0001717287229585,-16.53813262413203,0.7307059143634135,0.000432707282748,-3.3638057952781413
DTXSID8035423,"1,4-Dimethylnaphthalene",571-58-4,C12H12,156.0939,6,360,2,Inactive,-5.6189898135571577e-08,-14.104826259472258,0.6231949037478273,0.611573610024791,-0.2135512630698616
DTXSID8037706,Potassium perfluorooctanesulfonate,2795-39-3,C8F17KO3S,537.893375,198,779,25,Inactive,-9.235759605283327e-14,-7.683144296560446,0.3394651080625792,0.0015730748468202,-2.8032506131759996
DTXSID8037708,Ammonium perfluorooctanoate,3825-26-1,C8H4F15NO2,431.000251,55,706,8,Inactive,-2.887386890443379e-11,-13.667293696086842,0.6038633601534918,0.0683327739651898,-1.1653709487589186
DTXSID8037752,Diphenyl isophthalate,744-45-6,C20H14O4,318.089209,30,636,5,Inactive,7.662069090815508e-13,14.496657367605245,0.6405072155215618,10.129503254839634,1.0055881483245743
DTXSID8037754,"2,4,6-Tris(allyloxy)-1,3,5-triazine",101-37-1,C12H15N3O3,249.111341,25,375,7,Inactive,-2.0302939783e-06,-12.82031945984855,0.5664414154999772,0.3749532088434565,-0.4260229253629312
DTXSID8040222,Trifloxysulfuron-sodium,199119-58-9,C14H13F3N5NaO6S,459.043633,20,651,3,Inactive,-0.0947508766448021,-17.61697927661764,0.7783727004255903,92.706938388248,1.9671122389014064
DTXSID8040484,Forskolin,66575-29-9,C22H34O7,410.230453,97,381,25,Inactive,-6.971262503558979e-11,-0.4171636804458906,0.0184315832680305,16.65,1.2214142378423387
DTXSID8040694,Butyl benzoate,136-60-7,C11H14O2,178.09938,5,591,1,Inactive,0.0,7.933009269650643,0.3505049163516268,0.0088084060006011,-2.0551026758985813
DTXSID8040721,4-Cyclohexylcyclohexanone,92-68-2,C12H20O,180.151415,58,627,9,Inactive,1.98445509397258e-09,8.5991547596618,0.3799372870092067,0.0439618664462952,-1.3569238774378245
DTXSID8040775,Terpineol,8000-41-7,,,4,356,1,Inactive,-0.0049528641544264,-18.004574667237577,0.7954978650824948,0.9785801750979584,-0.0094035867906453
DTXSID8041248,"2,5-Di-tert-butylbenzene-1,4-diol",88-58-4,C14H22O2,222.16198,255,686,37,Inactive,-1.0099875956880973e-17,-4.877422728764708,0.2154996404828963,0.0419609742179867,-1.3771544372424411
DTXSID8041298,gamma-Caprolactone,695-06-7,C6H10O2,114.06808,5,356,1,Inactive,-0.0189418283150914,-12.185530700505618,0.5383944823083504,16.65,1.2214142378423387
DTXSID8041379,"2,6-Di-tert-butyl-4-methoxyphenol",489-01-0,C15H24O2,236.17763,37,363,10,Inactive,-2.101735728787904e-15,-6.915311491321523,0.3055398769145566,0.1346110400248471,-0.8709193203107631
DTXSID8041610,Arabinose,147-81-9,C5H10O5,150.052823,3,365,1,Inactive,-0.0893042761133691,-17.642585669628176,0.7795040701662712,0.0280210505465917,-1.552515586465126
DTXSID8041909,Dysprosium(III) chloride,10025-74-8,Cl3Dy,268.83574,5,360,1,Inactive,-0.0826551953278671,-17.84107067178607,0.788273752226843,15.65,1.1945143418824673
DTXSID8041955,Ethyl diethanolamine,139-87-7,C6H15NO2,133.110279,3,359,1,Inactive,-0.0001257184057443,-15.72812680692672,0.6949173489459951,0.2996369335833977,-0.5234046560497787
DTXSID8041957,Ethyl orthoformate,122-51-0,C7H16O3,148.109944,2,362,1,Inactive,-0.0618642990017793,-19.42762007447241,0.8583724180387877,16.65,1.2214142378423387
DTXSID8042006,Glyceryl monooctanoate,26402-26-6,,,2,358,1,Inactive,-7.311744578327408e-12,-10.846206113716436,0.4792189744646676,0.892570709783419,-0.0493573688826158
DTXSID8042052,1H-Indene,95-13-6,C9H8,116.0626,14,361,4,Inactive,-0.5036875811798243,-23.13870672310955,1.0223397186104008,4.363563825220174,0.6398413327120922
DTXSID8042187,"N,N'-Dibutylthiourea",109-46-6,C9H20N2S,188.13472,43,361,12,Inactive,-2.1578219312904517e-13,-17.621923440642078,0.7785911489031994,4.377119798729791,0.6411884331142099
DTXSID8042189,"N,N-Diisopropylaniline",4107-98-6,C12H19N,177.15175,1,360,0,Inactive,-8.587655427484495e-08,-11.146947955313529,0.4925066803590369,0.3635465185664367,-0.4394400099380781
DTXSID8042399,Sodium abietate,14351-66-7,C20H29NaO2,324.206524,60,362,17,Active,0.9985789858581632,43.08737539433324,1.9037336772287676,0.2682466639159062,-0.5714656704875376
DTXSID8042422,Styrene glycol,93-56-1,C8H10O2,138.06808,3,355,1,Inactive,-2.087945569834777e-13,-9.87779346932974,0.4364315048706021,0.330507199261589,-0.4808190760708398
DTXSID8042424,Sulfaquinoxaline,59-40-5,C14H12N4O2S,300.068097,11,361,3,Inactive,-0.0098134697560761,-18.062949312333583,0.7980770376765199,2.024849821276028,0.306392818064396
DTXSID8042426,Sulfosuccinic acid,5138-18-1,C4H6O7S,197.983424,4,361,1,Inactive,-7.940906580833209e-16,-5.731458835408258,0.2532336004400047,0.2543352223856718,-0.5945934910690025
DTXSID8042503,Tripropylene glycol butyl ether,55934-93-5,C13H28O4,248.198759,2,354,1,Inactive,0.0,-5.63290833502519,0.2488793341434396,3.871910282726725,0.5879252855764046
DTXSID8042507,1-Phenylurea,64-10-8,C7H8N2O,136.063663,1,355,0,Inactive,0.0,13.222153561157134,0.5841956904893216,3.86948143553372,0.5876527674023322
DTXSID8044175,Clove leaf oil,8000-34-8,,,71,634,11,Active,0.945078864855795,27.56068164872696,1.2177162647266486,2.6903879353379345,0.4298149067791077
DTXSID8044202,Octyl acetate,112-14-1,C10H20O2,172.14633,3,355,1,Inactive,4.63409155865e-05,11.276410703591532,0.4982267454961638,0.0105465458073385,-1.9768897567119796
DTXSID8044593,1-Benzylquinolinium chloride,15619-48-4,C16H14ClN,255.081477,130,624,21,Inactive,-0.5961458704090843,-23.04711944502092,1.018293109038401,10.471228647134074,1.019997642840686
DTXSID8044888,Barium bis(2-ethylhexanoate),2457-01-4,C16H30BaO4,424.119656,5,354,1,Inactive,-1.4153505879167346e-08,-0.7287519165717814,0.0321985164616262,16.65,1.2214142378423387
DTXSID8045191,Ranitidine,66357-35-5,C13H22N4O3S,314.141262,7,362,2,Inactive,-0.093078865748432,-19.99206902358477,0.8833115205872085,16.65,1.2214142378423387
DTXSID8047185,Isopentyl benzoate,94-46-2,C12H16O2,192.11503,2,357,1,Inactive,0.0050635625661195,11.124011186822012,0.4914932628968575,0.6455978107753091,-0.1900379509777687
DTXSID8047262,CI-1029,207736-05-8,C28H37NO4S,483.24433,56,678,8,Inactive,-0.00507615676738,-2.0199321958711542,0.0892468597078742,50.0,1.6989700043360187
DTXSID8047264,CP-283097,171866-31-2,C20H22FNO4,359.153286,39,667,6,Inactive,-1.38859055715e-05,-6.505342789665455,0.2874261900907578,25.0,1.3979400086720375
DTXSID8047266,CP-544439,230954-09-3,C18H19FN2O6S,410.094786,69,632,11,Inactive,-5.8197641988e-06,-0.4169362896526002,0.0184215364386026,50.0,1.6989700043360187
DTXSID8047268,CI-959,104795-68-8,C14H14N5NaO3S,355.071505,241,639,38,Inactive,-1.087197586703753e-14,-0.0054988729639559,0.0002429572363709,50.00000000000001,1.6989700043360187
DTXSID8047341,SSR146977,264618-44-2,C35H42Cl2N4O2,620.268482,193,687,28,Inactive,0.0,-7.499961169725019,0.331371510240361,2.617565857514256,0.4178976172640509
DTXSID8047347,SR271425,155990-20-8,C22H27N3O3S,413.177313,368,696,53,Inactive,0.0,-0.001607267934955,7.10140747283e-05,50.0,1.6989700043360187
DTXSID8047391,SAR102608,1068967-96-3,C20H16FN5O,361.133888,99,646,15,Active,0.9996118028116024,31.833691603546463,1.4065110771206644,0.0004269619138503,-3.3696108634816273
DTXSID8047395,"Diisononyl cyclohexane-1,2-dicarboxylate",166412-78-8,,,18,594,3,Inactive,2.0886354729038885e-08,0.1157531973380009,0.0051143347210756,50.0,1.6989700043360187
DTXSID8047553,Perfluoroundecanoic acid,2058-94-8,C11HF21O2,563.964121,206,765,27,Inactive,-2.5836038055184556e-07,-12.442751213847176,0.5497592811442247,0.9558981302891778,-0.0195883878605077
DTXSID8048521,PharmaGSID_48521,1191914-21-2,C31H49N5O4,555.378455,12,590,2,Inactive,-1.578964266511228e-15,-7.1735642238092305,0.3169502823888678,0.0005490001372313,-3.26042754699102
DTXSID9020087,(E)-Anethole,4180-23-8,C10H12O,148.088815,8,605,1,Inactive,0.0,-3.739610233976789,0.1652275609033097,0.1518270337055391,-0.8186508928421316
DTXSID9020089,Anilazine,101-05-3,C9H5Cl3N4,273.957979,39,691,6,Inactive,-3.1008024039831496e-08,-13.97498092860348,0.6174579349270641,11.164711546305004,1.047847507034299
DTXSID9020112,Atrazine,1912-24-9,C8H14ClN5,215.093773,57,761,7,Inactive,0.0,-3.1776503970991037,0.1403984350416603,0.0045700037671658,-2.3400834419304375
DTXSID9020114,Auramine hydrochloride,2465-27-2,C17H22ClN3,303.150225,155,408,38,Inactive,1.9541207197627048e-11,10.63022636340636,0.4696763202532713,0.0145273640779515,-1.837813179249835
DTXSID9020160,Bifenthrin,82657-04-3,C23H22ClF3O2,422.126042,149,825,18,Inactive,0.0,-7.549453073565608,0.3335582158177885,10.473423603514396,1.020088669173907
DTXSID9020164,Pentaerythritol dibromide,3296-90-0,C5H10Br2O2,259.904756,7,614,1,Inactive,-1.3156872474e-06,-12.06654489485064,0.5331373209411401,0.5059587365887266,-0.2958849005565482
DTXSID9020168,Bis(chloroethyl) ether,111-44-4,C4H8Cl2O,141.99522,3,626,0,Inactive,0.0021717055006741,0.4261744234014764,0.0188297057961354,50.0,1.6989700043360187
DTXSID9020243,Captan,133-06-2,C9H8Cl3NO2S,298.934133,252,741,34,Inactive,0.0,5.17007580049505,0.2284299594753771,0.0248751391910966,-1.604234480441289
DTXSID9020247,Carbaryl,63-25-2,C12H11NO2,201.078979,104,752,14,Inactive,-3.966373383560889e-07,-6.282166082283888,0.2775655520285193,50.0,1.6989700043360187
DTXSID9020249,Carbofuran,1563-66-2,C12H15NO3,221.105193,48,663,7,Inactive,-3.1911005899e-06,-12.435201776225115,0.5494257236111023,0.652120128894951,-0.1856723942825179
DTXSID9020293,2-Chloroacetophenone,532-27-4,C8H7ClO,154.018542,172,576,30,Inactive,0.0,8.841596869923352,0.3906491302314798,0.0128338427604276,-1.89164328596558
DTXSID9020295,4-Chloroaniline,106-47-8,C6H6ClN,127.018877,22,607,4,Inactive,-5.233456103584459e-09,-0.0203396963708857,0.0008986707733178,51.0,1.7075701760979365
DTXSID9020299,Chlorobenzilate,510-15-6,C16H14Cl2O3,324.032,222,627,35,Inactive,0.0,-5.611973829989596,0.2479543828813207,10.471179426795054,1.0199956014210405
DTXSID9020370,Daminozide,1596-84-5,C6H12N2O3,160.084792,8,667,1,Inactive,5.968075542434056e-17,4.939273677977973,0.2182324069581861,0.0047138346247227,-2.3266256578808897
DTXSID9020372,Mitotane,53-19-0,C14H10Cl4,317.953661,160,417,38,Inactive,0.4041882568580596,28.999476252540376,1.281286665959648,0.1051926720443869,-0.978014513048568
DTXSID9020374,"p,p'-DDE",72-55-9,C14H8Cl4,315.938011,232,712,33,Inactive,0.0,-5.003948059301723,0.2210899214076772,0.068281877063493,-1.165694548671653
DTXSID9020407,Diazinon,333-41-5,C12H21N2O3PS,304.101051,90,742,12,Inactive,-3.137937172565894e-14,-5.910186772613743,0.2611303541876107,0.0021118316892768,-2.67534069756393
DTXSID9020409,"Dibenz[a,h]anthracene",53-70-3,C22H14,278.10955,49,510,10,Inactive,0.0,-2.1993366939997e-311,9.7173506012e-313,15.0,1.1760912590556811
DTXSID9020453,Dieldrin,60-57-1,C12H8Cl6O,377.870631,203,672,30,Inactive,-2.979883815937639e-07,-0.5889972775546781,0.0260237237198803,50.00000000000001,1.6989700043360187
DTXSID9020582,Ethoxyquin,91-53-2,C14H19NO,217.146664,136,652,21,Inactive,0.0,11.575795010125216,0.5114544712874385,10.469761360772916,1.0199367828363763
DTXSID9020617,Eugenol,97-53-0,C10H12O2,164.08373,21,641,3,Inactive,0.0,10.250239250729212,0.4528873128770747,10.469744961756504,1.0199361025908895
DTXSID9020663,Glycerol,56-81-5,C3H8O3,92.047344,9,647,1,Inactive,-1.0476070764e-06,-8.382965236384244,0.3703853643784853,0.0542642013271892,-1.2654865846514756
DTXSID9020740,Indomethacin,53-86-1,C19H16ClNO4,357.076786,45,644,7,Inactive,-7.83505875184e-05,-0.4538510689392611,0.0200525457045958,50.0,1.6989700043360187
DTXSID9020790,Malaoxon,1634-78-2,C10H19O7PS,314.058911,42,776,5,Inactive,-3.890115024006493e-11,-4.6843614237744795,0.2069695941592121,0.6213501045390935,-0.206663624259934
DTXSID9020794,Maneb,12427-38-2,C4H6MnN2S4,264.879427,217,848,26,Active,0.9999999991474806,71.57800606015304,3.162537969382083,7.724353230298172,0.8878621256021395
DTXSID9020827,Methoxychlor,72-43-5,C16H15Cl3O2,344.013763,233,840,28,Inactive,0.0,8.552240632816163,0.3778644756022355,0.2981154580185551,-0.5256155041481634
DTXSID9020877,1-Methylnaphthalene,90-12-0,C11H10,142.07825,3,580,1,Inactive,-0.0200258129888669,-18.25866126625755,0.8067241978785847,10.05411681968008,1.0023439270276933
DTXSID9021138,"1,4-Benzenediamine",106-50-3,C6H8N2,108.068748,66,382,17,Inactive,0.0,7.269189461255848,0.3211753015099922,3.854485496487893,0.5859664158633571
DTXSID9021217,Pyrimethamine,58-14-0,C12H13ClN4,248.082874,144,633,23,Inactive,-1.8962614089733043e-14,-0.0664681181837911,0.0029367672987839,50.00000000000001,1.6989700043360187
DTXSID9021348,Thiourea,62-56-6,CH4N2S,76.009519,5,367,1,Inactive,-6.27070083704e-05,-1.8730527570381643,0.0827572712462943,16.65,1.2214142378423387
DTXSID9021390,"1,2,3-Trichloropropane",96-18-4,C3H5Cl3,145.945683,7,610,1,Inactive,0.034176014601793,17.435887663659503,0.770371512163438,49.99999999999999,1.6989700043360187
DTXSID9021392,Triethanolamine,102-71-6,C6H15NO3,149.105193,5,587,1,Inactive,-0.0079314088102252,-11.989871124623052,0.5297496363303583,50.0,1.6989700043360187
DTXSID9021427,Urethane,51-79-6,C3H7NO2,89.047678,1,592,0,Inactive,0.0,1.7593670632170078,0.0777342852332053,0.0006100000159804,-3.214670153611799
DTXSID9021477,Sodium tetrafluoroborate,13755-29-8,BF4Na,109.992687,3,357,1,Inactive,-7.699595068303446e-15,-6.578476826382191,0.290657478313239,0.0507810864012948,-1.2942980121460212
DTXSID9021554,Decanoic acid,334-48-5,C10H20O2,172.14633,22,613,4,Inactive,-0.0002625837102028,-14.644307477435635,0.6470308546144087,52.0,1.7160033436347992
DTXSID9021639,Nonanal,124-19-6,C9H18O,142.135765,8,489,2,Inactive,0.0477511971402178,16.80490330037096,0.7424926689708881,0.0039301636152257,-2.4055893692910884
DTXSID9021689,Undecane,1120-21-4,C11H24,156.187801,3,612,0,Inactive,-4.06300576127e-05,-9.638736293946836,0.4258692185536807,49.99999999999999,1.6989700043360187
DTXSID9021764,1-Amino-2-propanol,78-96-6,C3H9NO,75.068414,1,360,0,Inactive,3.408061636792363e-10,13.103929919084957,0.5789722038694556,30.2295891452332,1.480432244658114
DTXSID9021847,Diphenyl ether,101-84-8,C12H10O,170.073165,29,473,6,Inactive,-0.0001953630231852,-14.887568685111525,0.6577788880970152,0.891281656373479,-0.0499850316767811
DTXSID9021897,3-Methylpyridine,108-99-6,C6H7N,93.057849,7,466,2,Inactive,1.5928045587e-06,8.043483671615704,0.3553860175458355,0.013800003587379,-1.860120800701756
DTXSID9021922,2-(Ethylamino)ethanol,110-73-6,C4H11NO,89.084064,3,359,1,Inactive,0.0106945627009757,17.077207026833904,0.7545238908719226,16.65,1.2214142378423387
DTXSID9021928,Ethylene glycol monoethyl ether acetate,111-15-9,C6H12O3,132.078644,2,606,0,Inactive,-7.347819529577924e-07,-13.202750464239369,0.5833384015802892,3.9341558012091737,0.5948515549390847
DTXSID9021976,2-Phenoxyethanol,122-99-6,C8H10O2,138.06808,8,645,1,Inactive,0.6086702198017018,28.87166744598264,1.2756396770896232,0.8029219404185539,-0.0953266745137699
DTXSID9022100,4-Propylphenol,645-56-7,C9H12O,136.088815,17,378,4,Inactive,-1.3684344945797716e-14,-10.270266920999145,0.453772197370975,0.7863491699562732,-0.1043845673032947
DTXSID9022310,Daidzein,486-66-8,C15H10O4,254.057909,101,668,15,Inactive,0.0,3.2596395346454563,0.1440209690411311,1.1229381656605977,0.0503558425911599
DTXSID9022312,4-Octylphenol,1806-26-4,C14H22O,206.167065,200,621,32,Inactive,-2.573191892287871e-09,-0.1955269230111312,0.0086389849633348,50.0,1.6989700043360187
DTXSID9022360,"4-(1,1,3,3-Tetramethylbutyl)phenol",140-66-9,C14H22O,206.167065,315,709,44,Inactive,0.0,-1.47445447012391,0.0651459645575105,0.0473511376862409,-1.324669581921091
DTXSID9022364,5alpha-Dihydrotestosterone,521-18-6,C19H30O2,290.22458,145,709,20,Active,1.0,132.57597400947293,5.85761709093177,0.0001775720689044,-3.750625345283943
DTXSID9022366,Estriol,50-27-1,C18H24O3,288.172545,73,562,13,Inactive,0.4936012597463031,24.337398607865516,1.075301638169114,0.0915534401562551,-1.0383253322709842
DTXSID9022522,Diisobutyl phthalate,84-69-5,C16H22O4,278.151809,120,693,17,Inactive,6.35877119269e-05,14.320335668476726,0.6327167768237963,0.0284984700243199,-1.545178455003109
DTXSID9022524,Thalidomide,50-35-1,C13H10N2O4,258.064057,6,645,1,Inactive,8.167439699835328e-18,8.521698511754579,0.3765150301113741,0.0068869066500373,-2.161975803706771
DTXSID9022526,Benzyl 4-hydroxybenzoate,94-18-8,C14H12O3,228.078644,101,385,26,Inactive,-9.838339722753637e-09,-10.005698638421698,0.4420827513358029,0.5383514529531496,-0.2689341104950135
DTXSID9022528,Ethylparaben,120-47-8,C9H10O3,166.062994,21,613,3,Inactive,5.4683348851182455e-08,13.77865394588522,0.6087836008482561,0.1199984354350925,-0.9208244163385042
DTXSID9022607,Anastrozole,120511-73-1,C17H19N5,293.164046,12,359,3,Active,0.9987516885297728,45.21381468174436,1.9976863500703652,0.1921183567258095,-0.7164311367320413
DTXSID9022817,Carminic acid,1260-17-9,C22H20O13,492.090391,66,621,11,Inactive,0.0,-1.8796651384317575,0.0830494267333821,0.0260565195707723,-1.5840835944620024
DTXSID9023380,Norethindrone,68-22-4,C20H26O2,298.19328,156,677,23,Active,1.0,93.07424760757118,4.112308490170087,0.0024889335576914,-2.6039866967675005
DTXSID9023833,Poly[oxy(dimethylsilylene)],9016-00-6,(C2H6OSi)n,,4,361,1,Inactive,0.0,-8.556926921529767,0.3780715303500278,4.162606114470459,0.6193653178276639
DTXSID9023881,Clofentezine,74115-24-5,C14H8Cl2N4,302.012602,58,673,9,Active,0.9999817459012188,141.9185831256075,6.2704024937277145,34.808045090790465,1.541679632875697
DTXSID9023889,Quizalofop-ethyl,76578-14-8,C19H17ClN2O4,372.087685,50,661,8,Inactive,-1.047705714379669e-11,-7.153152194267817,0.3160484157120758,0.0005255144134572,-3.2794153679343245
DTXSID9023914,Dicrotophos,141-66-2,C8H16NO5P,237.07661,9,683,1,Inactive,-5.141892506295279e-09,-5.129959033168318,0.2266574764619074,50.5,1.7032913781186614
DTXSID9024063,"2,6-Dimethylphenol",576-26-1,C8H10O,122.073165,8,601,1,Inactive,2.2092739718457185e-08,4.603585310352784,0.2034006553220428,50.0,1.6989700043360187
DTXSID9024065,"1,3-Dinitrobenzene",99-65-0,C6H4N2O4,168.017107,19,621,3,Active,0.9998219823316504,73.94645537620525,3.2671833947418976,49.99999999999999,1.6989700043360187
DTXSID9024194,(+/-)-2-(4-Chloro-2-methylphenoxy)propionic acid,93-65-2,C10H11ClO3,214.039672,6,472,1,Inactive,-2.7688613868183914e-07,-11.725866394735933,0.518085089798246,0.496456193048062,-0.3041190673233887
DTXSID9024304,Sethoxydim,74051-80-2,C17H29NO3S,327.186815,41,699,6,Inactive,2.1395039263e-06,11.508372646122444,0.5084755424532785,0.3994658675282841,-0.3985203231770305
DTXSID9024431,Aldicarb oxime,1646-75-9,C5H11NOS,133.056135,3,642,0,Inactive,-2.81881166082469e-09,-9.05671848749156,0.4001538694808885,50.00000000000001,1.6989700043360187
DTXSID9024489,5-Amino-2-methylphenol,2835-95-2,C7H9NO,123.068414,58,660,9,Inactive,0.0,5.741231964200621,0.2536654075353229,0.0006100004057606,-3.214669876104717
DTXSID9024691,Butyl glycidyl ether,2426-08-6,C7H14O2,130.09938,18,369,5,Inactive,-3.610257787e-06,-3.4765615846620164,0.1536052569716589,16.65,1.2214142378423387
DTXSID9024699,tert-Butyl perbenzoate,614-45-9,C11H14O3,194.094294,49,584,8,Inactive,-0.0001092578938933,-5.577225074800953,0.2464190752676874,50.0,1.6989700043360187
DTXSID9024930,"3,4-Diaminotoluene",496-72-0,C7H10N2,122.084398,91,638,14,Inactive,0.0839622919721699,25.53369360180328,1.128157655668825,10.319955457912627,1.0136778228314538
DTXSID9024986,"4,4'-Dichlorodiphenyl sulfone",80-07-9,C12H8Cl2O2S,285.962206,46,510,9,Inactive,-0.0005440991716618,-16.676326385699824,0.7368117427057481,4.561402995238129,0.6590984434044044
DTXSID9025110,"2,5-Dimethyl-2,5-di-(tert-butylperoxy)hexane",78-63-7,C16H34O4,290.24571,22,586,4,Inactive,-2.6087646871960384e-14,-9.98123896678301,0.4410020472964788,0.007309980094134,-2.1360838056713503
DTXSID9025291,2-Ethylhexaldehyde,123-05-7,C8H16O,128.120115,4,358,1,Inactive,8.514276712174563e-16,4.227758379226388,0.1867954576499433,17.4,1.2405492482825995
DTXSID9025293,2-Ethylhexanoic acid,149-57-5,C8H16O2,144.11503,5,590,1,Inactive,-8.395554581228873e-09,-6.291050783603021,0.277958105646802,0.0006100000704733,-3.2146701148151355
DTXSID9025297,2-Ethylhexyl acrylate,103-11-7,C11H20O2,184.14633,41,474,9,Inactive,-0.0003060865703406,-8.903252032596086,0.3933732462511002,16.65,1.2214142378423387
DTXSID9025403,Hexyl benzoate,6789-88-4,C13H18O2,206.13068,13,356,4,Inactive,-0.0001716793834251,-14.242948783446067,0.6292975845926523,0.5981918537618727,-0.2231595055313077
DTXSID9025451,"4-(2,6,6-Trimethyl-cyclohex-1-enyl)-but-3-en-2-one",14901-07-6,C13H20O,192.151415,13,354,4,Inactive,-1.741087500914578e-08,-4.911473257362792,0.2170040982835016,16.65,1.2214142378423387
DTXSID9025453,3-Methylbutyl acetate,123-92-2,C7H14O2,130.09938,5,611,1,Inactive,-1.3849407842683093e-07,-6.879478424687163,0.3039566610633729,50.0,1.6989700043360187
DTXSID9025796,Nonane,111-84-2,C9H20,128.156501,5,362,1,Inactive,-2.5386333885945877e-11,-11.494900581722233,0.5078803049279998,4.533008932847229,0.6563865748898011
DTXSID9026132,Theobromine,83-67-0,C7H8N4O2,180.064726,5,638,1,Inactive,-3.0927409534913647e-16,-5.814899440560252,0.2569202647731747,0.4990930870568254,-0.3018184455092862
DTXSID9026261,"Tris(1,3-dichloro-2-propyl) phosphate",13674-87-8,C9H15Cl6O4P,427.883912,237,790,30,Inactive,-2.35731899528e-05,-1.1310938805382875,0.0499752303959388,50.0,1.6989700043360187
DTXSID9026265,Tris(2-ethylhexyl) trimellitate,3319-31-1,C33H54O6,546.392039,27,631,4,Inactive,0.014716325666147,15.948143250391295,0.7046383567617254,0.2255419737003339,-0.6467726234085586
DTXSID9026342,2-Phenylethanol,60-12-8,C8H10O,122.073165,1,358,0,Inactive,-0.0003645362075225,-0.3638102750241508,0.0160742645925104,16.65,1.2214142378423387
DTXSID9026500,2-(4-Tert-Butylbenzyl)propionaldehyde,80-54-6,C14H20O,204.151415,67,469,14,Inactive,-4.04506038612e-05,-10.301614416488489,0.4551572267981256,0.747289385258969,-0.1265111865598311
DTXSID9026689,"1,1′,1′′,1′′′-(Ethylenedinitrilo)tetrakis(2-propanol)",102-60-3,C14H32N2O4,292.236208,17,579,3,Inactive,-0.0523895300539976,-16.66867824572933,0.736473824197212,50.0,1.6989700043360187
DTXSID9026841,Dihexyl hexanedioate,110-33-8,C18H34O4,314.24571,6,467,1,Inactive,-0.0058299395098233,-9.52808728268771,0.4209804025801331,16.65,1.2214142378423387
DTXSID9026922,Tetraethylene glycol,112-60-7,C8H18O5,194.115424,10,364,3,Inactive,0.0,7.910869619348677,0.3495267180395648,3.98336972987734,0.6002506187852492
DTXSID9026926,1-Tetradecanol,112-72-1,C14H30O,214.229666,107,592,18,Inactive,-0.0016993313254056,-1.540846354184799,0.068079363596664,50.0,1.6989700043360187
DTXSID9026974,"2,4-Di-tert-pentylphenol",120-95-6,C16H26O,234.198365,292,630,46,Inactive,0.0,-3.199277110340846,0.1413539702059463,0.1387364428854445,-0.8578094447292867
DTXSID9027312,1-Phenoxy-2-propanol,770-35-4,C9H12O2,152.08373,5,365,1,Inactive,-1.3163267544254458e-16,-10.456480379842397,0.4619996846455833,0.7000738322379552,-0.1548561553534132
DTXSID9027360,Ammonium carbamate,1111-78-0,CH6N2O2,78.042927,18,596,3,Inactive,0.0,3.2749213246707383,0.1446961658488553,0.0006100162454183,-3.214658599084986
DTXSID9027364,"N,N-Dimethyloctanamide",1118-92-9,C10H21NO,171.162314,1,355,0,Inactive,5.885109518684028e-15,6.115893028957951,0.2702190936208004,0.0138000027696404,-1.8601208264364837
DTXSID9027441,Octabenzone,1843-05-6,C21H26O3,326.188195,35,598,6,Inactive,1.5802743957884094e-17,6.446228591427789,0.2848143417486974,0.0570908774708873,-1.243433281956781
DTXSID9027522,Octrizole,3147-75-9,C20H25N3O,323.199762,94,589,16,Inactive,0.0,-12.015168534115377,0.5308673542223493,10.47386155676046,1.020106829109829
DTXSID9027528,3-(Methylthio)propanal,3268-49-3,C4H8OS,104.029586,16,474,3,Inactive,-0.0033890913417036,-8.514817713146718,0.3762110151205298,16.55,1.2187979981117376
DTXSID9027738,Methylcyclopentadienylmanganese tricarbonyl,12108-13-3,C9H6MnO3,216.969738,10,381,3,Inactive,-2.043390106591046e-12,-14.548100600486766,0.6427801368588627,4.381608875485067,0.6416336076382486
DTXSID9027863,Polypropylene glycol,25322-69-4,(C3H6O)nH2O,,2,358,1,Inactive,-0.0003765885744785,-3.76651286975938,0.1664162026638444,16.5,1.2174839442139065
DTXSID9029146,4-Methylmorpholine,109-02-4,C5H11NO,101.084064,4,359,1,Active,0.9593889276669972,41.2172360284536,1.8211051286260007,4.40505658889712,0.6439514918826633
DTXSID9029221,Clopyralid,1702-17-6,C6H3Cl2NO2,190.954084,15,651,2,Inactive,-0.0063303095192065,-8.511930123038553,0.3760834324473074,50.00000000000001,1.6989700043360187
DTXSID9029223,"1,1-Bis(3,4-dimethylphenyl)ethane",1742-14-9,C18H22,238.172151,45,387,12,Inactive,0.0,-11.430754558469523,0.5050461349742983,3.943786994603826,0.5959134504967853
DTXSID9029302,2-Propyl-1-heptanol,10042-59-8,C10H22O,158.167065,1,362,0,Inactive,0.0,6.6022056840575,0.2917058927284878,3.9997077123673495,0.6020282554419503
DTXSID9029304,Glyceryl stearate,11099-07-3,,,2,362,1,Inactive,-0.0147790942376774,-19.300103931214544,0.8527383599396662,8.080283585780588,0.9074266030491434
DTXSID9029649,"1,3-Benzenedimethanamine",1477-55-0,C8H12N2,136.100048,13,358,4,Inactive,-5.48747682836604e-09,-5.336542515401609,0.2357849744514561,0.1081031376947756,-0.9661617004615756
DTXSID9032113,Tebuconazole,107534-96-3,C16H22ClN3O,307.14514,180,746,24,Inactive,0.0783332095478944,20.95485183732385,0.9258502468288914,0.0050031799889329,-2.3007538731321207
DTXSID9032327,Bendiocarb,22781-23-3,C11H13NO4,223.084458,63,665,9,Inactive,0.0,-6.831614888687044,0.3018419018198414,10.584581257837232,1.0246736813438238
DTXSID9032329,Bensulide,741-58-2,C14H24NO4PS3,397.060509,314,811,39,Inactive,7.65457970643e-05,7.635111072524438,0.3373428514761349,0.0006100003041241,-3.21466994846562
DTXSID9032379,Dithiopyr,97886-45-8,C15H16F5NO2S2,401.054262,153,708,22,Inactive,0.8352552738846805,26.015167965099806,1.149430684061509,10.282024723035969,1.012078643789446
DTXSID9032531,Bromuconazole,116255-48-2,C13H12BrCl2N3O,374.95408,110,437,25,Inactive,-0.0005970416122341,-15.353894622149474,0.6783826121061867,6.720548872129554,0.8274047436494886
DTXSID9032533,Chlorfenapyr,122453-73-0,C15H11BrClF3N2O,405.969538,238,435,55,Inactive,0.0,-3.188466746550164,0.1408763348563092,0.0138000057301622,-1.8601207332670728
DTXSID9032535,Trinexapac-ethyl,95266-40-3,C13H16O5,252.099774,2,357,1,Inactive,-2.1381606226206191e-10,-13.015356133464715,0.5750587397268458,0.4342184938995617,-0.3622916833516954
DTXSID9032537,Didecyldimethylammonium chloride,7173-51-5,C22H48ClN,361.347528,430,693,62,Inactive,0.0,-1.389696615754556,0.0614011000746808,0.024923179564813,-1.6033965535310215
DTXSID9032581,Zoxamide,156052-68-5,C14H16Cl3NO2,335.024662,298,658,45,Inactive,-0.0041432999146757,-16.720404338360762,0.7387592431542197,0.3886573958339273,-0.4104330636093291
DTXSID9032610,Etofenprox,80844-07-1,C25H28O3,376.203845,67,670,10,Inactive,0.0,-12.311464339097942,0.5439586204506726,10.471349356341866,1.020002649229379
DTXSID9033058,"4-Amino-1,2,4-triazole",584-13-4,C2H4N4,84.043596,10,595,2,Inactive,1.24429928909e-05,13.750601183529083,0.6075441429340084,16.429878881074302,1.2156343618845462
DTXSID9033923,Procymidone,32809-16-8,C13H11Cl2NO2,283.016684,63,696,9,Inactive,-5.100708243919492e-10,-4.97033334318434,0.2196047191520865,50.0,1.6989700043360187
DTXSID9034232,2-(m-Chlorophenoxy)propionic acid,101-10-0,C9H9ClO3,200.024022,15,663,2,Inactive,0.0,3.3396078320961933,0.1475542160670717,0.0020623299650165,-2.6856418480140016
DTXSID9034282,4-Chlorophenoxyacetic acid,122-88-3,C8H7ClO3,186.008372,0,363,0,Inactive,-4.265258491728798e-17,-8.675910908428413,0.3833286113589511,0.3041487249156497,-0.5169139998923552
DTXSID9034286,5-Chloro-2-methyl-3(2H)-isothiazolone,26172-55-4,C4H4ClNOS,148.970213,101,646,16,Inactive,-7.450863864887747e-13,-0.0010288948988905,4.54597628985e-05,50.0,1.6989700043360187
DTXSID9034317,Benzalkonium chloride,8001-54-5,,,181,392,46,Inactive,-1.7935081678948346e-11,-0.1471620920655267,0.0065020769567094,16.65,1.2214142378423387
DTXSID9034361,Denatonium saccharide,90823-38-4,C28H33N3O4S,507.219178,17,485,4,Inactive,-8.428744114893434e-16,-5.271445945442624,0.2329088064006331,1.1233815994212768,0.0505273060139974
DTXSID9034365,Butafenacil,134605-64-4,C20H18ClF3N2O6,474.080549,67,655,10,Inactive,-0.0024460041718574,-13.68712043792789,0.604739367007172,50.5,1.7032913781186614
DTXSID9034490,Cyanamide,420-04-2,CH2N2,42.021798,4,657,1,Inactive,0.0,-13.749176239590868,0.6074811844980739,10.470541186005969,1.019969129436428
DTXSID9034492,Cyazofamid,120116-88-3,C13H13ClN4O2S,324.044775,310,767,40,Inactive,0.0027117618262591,13.033798852544914,0.5758735961689316,0.0123414696888019,-1.9086331190928492
DTXSID9034816,Monocrotophos,6923-22-4,C7H14NO5P,223.06096,9,683,1,Inactive,0.0134341908791987,14.517062698611047,0.6414087862363066,0.0451639430255177,-1.3452081491325796
DTXSID9034818,Azamethiphos,35575-96-3,C9H10ClN2O5PS,323.973657,154,655,24,Inactive,0.0,4.533460890991006,0.2003023413144393,0.0598826817818652,-1.2226987584795226
DTXSID9034864,Propoxycarbazone-sodium,181274-15-7,C15H17N4NaO7S,420.071564,12,645,2,Inactive,9.529840459853292e-09,0.7883108520190257,0.034830014670861,50.0,1.6989700043360187
DTXSID9034997,Tributyltetradecylphosphonium chloride,81741-28-8,C26H56ClP,434.380816,222,396,56,Inactive,0.0,-5.477203092175e-312,2.4199979433e-313,16.650000000004507,1.2214142378424562
DTXSID9035175,Kinetin,525-79-1,C10H9N5O,215.08071,6,369,2,Inactive,-2.155652076202501e-11,-11.602694885229845,0.5126429910726715,3.193938772612892,0.5043265865140386
DTXSID9035204,Tributyltin methacrylate,2155-70-6,C16H32O2Sn,376.142432,520,765,68,Inactive,0.0098921448252965,19.737825048022824,0.872078234408133,0.002380994617764,-2.623241586316252
DTXSID9036226,Sodium octyl sulfate,142-31-4,C8H17NaO4S,232.074524,8,359,2,Inactive,-3.5993026599e-06,-8.725727869387569,0.3855296789665086,0.6562172274834017,-0.1829523723913475
DTXSID9036515,Testosterone propionate,57-85-2,C22H32O3,344.235145,263,673,39,Active,0.9999999999979788,191.38837895049508,8.45613127055768,0.000207357797543,-3.683279628656677
DTXSID9036690,Diisobutyl adipate,141-04-8,C14H26O4,258.183109,5,607,1,Inactive,-1.19369188095e-05,-14.828759173528946,0.6551805017549254,50.0,1.6989700043360187
DTXSID9036933,Sodium hexafluorosilicate,16893-85-9,F6Na2Si,187.946884,0,353,0,Inactive,0.0142720116952043,15.467274887915009,0.6833921033619335,16.65,1.2214142378423387
DTXSID9037539,Endosulfan I,959-98-8,C9H6Cl6O3S,403.816881,103,398,26,Inactive,-1.8831820007194547e-08,-13.095705304984198,0.5786088149486284,0.3618233722057558,-0.4415033830479402
DTXSID9037745,4-tert-Butylphenyl salicylate,87-18-3,C17H18O3,270.125594,40,361,11,Inactive,-1.8535914932221024e-07,-5.882504331830035,0.2599072582272388,16.65,1.2214142378423387
DTXSID9037749,5-Chlorosalicylanilide,4638-48-6,C13H10ClNO2,247.040006,126,366,34,Inactive,-0.0042875958645543,-14.285060095671918,0.6311581927764404,0.5191807970044727,-0.2846813792069617
DTXSID9040001,Monomethyl phthalate,4376-18-5,C9H8O4,180.042259,15,698,2,Inactive,-6.575291395481529e-11,-9.101776401637,0.4021446676624746,27.381646193005142,1.4374595545009248
DTXSID9040342,"4-Ethyl-1,3-dioxolan-2-one",4437-85-8,C5H8O3,116.047344,3,359,1,Inactive,0.0,-4.059318874725848,0.1793532787202985,0.013700001901939,-1.8632793725515069
DTXSID9040710,Octamethyltrisiloxane,107-51-7,C8H24O2Si3,236.10841,0,355,0,Inactive,-4.699752874732949e-11,-10.819672603075402,0.4780466417959879,0.3787921029380981,-0.4215990837504898
DTXSID9040716,4-(2-Methylbutan-2-yl)cyclohexanol,5349-51-9,C11H22O,170.167065,30,648,5,Inactive,-5.9170157151e-06,-8.818090003484189,0.3896105240765029,50.0,1.6989700043360187
DTXSID9041237,alpha-Terpinene,99-86-5,C10H16,136.125201,17,463,4,Inactive,-1.8641534929e-06,-12.001243683130362,0.5302521111835717,0.7365927165969959,-0.1327725797485137
DTXSID9041289,Myristyltrimethylammonium chloride,4574-04-3,C17H38ClN,291.269278,177,375,47,Inactive,-2.606939050357844e-18,-0.0576831136959459,0.002548618595247,16.65,1.2214142378423387
DTXSID9041368,5-Ethyl-5-methylhydantoin,5394-36-5,C6H10N2O2,142.074228,1,360,0,Inactive,0.0,-6.21011358996013,0.2743820497866296,5.980824093100545,0.7767610292104327
DTXSID9041491,3-Phenyl-2-propen-1-ol,104-54-1,C9H10O,134.073165,10,369,3,Inactive,2.02590200639e-05,11.80571537114849,0.5216130648512083,29.10265702812409,1.4639326412187186
DTXSID9041653,Methyl 3-methylorsellinate,4707-47-5,C10H12O4,196.073559,47,405,12,Active,0.999999497018622,66.87964307102438,2.9549497427056948,0.2419621917079438,-0.6162524902815865
DTXSID9041815,"3,3,5-Trimethylcyclohexanol",116-02-9,C9H18O,142.135765,4,354,1,Inactive,-4.6660002721e-06,-15.799750931176998,0.6980819245598351,0.9710136382280086,-0.0127746702304384
DTXSID9041861,Diethyl phosphite,762-04-9,C4H11O3P,138.044581,2,359,1,Inactive,-0.0106362535911954,-10.312081337260246,0.4556196877716177,0.0094175311693116,-2.0260629337328546
DTXSID9042209,N-Methyldioctylamine,4455-26-9,C17H37N,255.2926,16,618,3,Inactive,0.0,5.188459048183761,0.229242188287217,0.0303865773477152,-1.5173182147838813
DTXSID9042382,Tetrapropyl orthosilicate,682-01-9,C12H28O4Si,264.175686,10,476,2,Inactive,9.981936398474913e-08,4.246252930302902,0.1876126041901389,16.65,1.2214142378423387
DTXSID9042415,Sodium 4-methylbenzenesulfonate,657-84-1,C7H7NaO3S,194.00136,2,360,1,Inactive,-2.653580686569909e-18,-10.700207128750057,0.4727682871814903,0.6162740074912562,-0.2102261490649918
DTXSID9043938,Monobenzyl phthalate,2528-16-7,C15H12O4,256.073559,12,593,2,Inactive,0.0,3.0745377028149043,0.1358425968904129,0.0820281911458645,-1.086036865238388
DTXSID9044536,Celestolide,13171-00-1,C17H24O,244.182715,64,366,17,Inactive,2.316316340312655e-12,5.104061710767287,0.2255132525598087,16.65,1.2214142378423387
DTXSID9044538,C.I. Disperse Orange 37,13301-61-6,C17H15Cl2N5O2,391.06028,75,377,20,Inactive,0.0,-0.0049164708176568,0.0002172249059736,16.65,1.2214142378423387
DTXSID9044663,C.I. Acid Red 1,3734-67-6,C18H13N3Na2O8S2,508.993945,42,361,12,Inactive,0.0,6.108064046833457,0.2698731849458714,0.2932500557832044,-0.5327618965991832
DTXSID9044742,"2,2'-[Ethane-1,2-diylbis(oxy)]diethanamine",929-59-9,C6H16N2O2,148.121178,34,586,6,Inactive,-8.335579493599502e-12,-2.452470481267159,0.1083577406344358,50.0,1.6989700043360187
DTXSID9044823,Sodium methacrylate,5536-61-8,C4H5NaO2,108.018724,0,354,0,Inactive,-7.033131637381579e-13,-5.019112155985145,0.2217599181590872,0.3068622598938352,-0.5130565209123014
DTXSID9044825,3-tert-Butylphenol,585-34-2,C10H14O,150.104465,21,480,4,Inactive,-4.6275186343e-06,-13.2913702725228,0.587253899146681,1.0785326443632206,0.0328332945959633
DTXSID9044902,Calcium neodecanoate,27253-33-4,,,19,354,5,Inactive,0.2490682134599626,24.00965150492349,1.0608207561990564,16.65,1.2214142378423387
DTXSID9044904,C.I. Acid Blue 22,28631-66-5,,,13,364,4,Inactive,-0.0014057320929381,-13.04343689153614,0.5762994345784916,11.65,1.066325925362038
DTXSID9047178,2-Ethylhexyl octadecanoate,22047-49-0,C26H52O2,396.396731,4,465,1,Inactive,1.4831646739e-06,5.782455078820901,0.2554867723983405,0.1083083112336187,-0.9653382157255268
DTXSID9047205,2-Ethylhexyl trans-4-methoxycinnamate,83834-59-7,C18H26O3,290.188195,9,355,3,Inactive,-0.097589420784305,-18.711148459887212,0.8267164833483749,7.70636006431587,0.886849296695192
DTXSID9047251,CP-122721,145742-28-5,C20H23F3N2O2,380.171162,268,687,39,Inactive,0.0,-21.86709024708412,0.966155764777674,10.470396401045248,1.01996312404061
DTXSID9047253,CP-401387,199171-88-5,C23H29N3O2,379.225977,227,608,37,Active,0.9999006076227897,37.72893038872716,1.6669809829327902,0.2209690346660922,-0.655668581590321
DTXSID9047255,CP-465394,1437319-48-6,C20H27N2NaO5S,430.153837,28,583,5,Inactive,-3.2391745161482234e-14,-11.482429173650884,0.5073292794981471,4.960629049595416,0.6955367521849206
DTXSID9047257,Zamifenacin,127308-82-1,C27H29NO3,415.214744,273,684,40,Inactive,0.0,-17.475482673799448,0.772120942328626,10.472861566039429,1.0200653629148655
DTXSID9047259,"1,3-Dichloro-6,7,8,9,10,12-hexahydroazepino[2,1-b]quinazoline hydrochloride (1:1)",149062-75-9,C13H15Cl3N2,304.030082,86,650,13,Inactive,-7.320822109407652e-09,-0.445226956730445,0.0196715057201951,25.0,1.3979400086720375
DTXSID9047330,PharmaGSID_47330,425377-76-0,C21H15F2N5O,391.124466,195,653,30,Inactive,-5.7771328723988356e-08,-8.819379076886186,0.3896674793313854,9.400867757658474,0.9731679434899984
DTXSID9047334,MK-968,NOCAS_47334,C19H21F2N5O,373.171417,213,620,34,Inactive,-3.862687255045169e-07,-0.126075919967734,0.0055704245741025,50.0,1.6989700043360187
DTXSID9047338,HMR1426,262376-75-0,C16H12ClNOS,301.032813,177,642,28,Inactive,0.0,-20.472577565654653,0.9045418760071592,10.471513263321684,1.020009447144084
DTXSID9047540,3-Hydroxyfluorene,6344-67-8,C13H10O,182.073165,190,662,29,Inactive,0.1111205610624837,20.73466857924135,0.9161218686267524,0.0004323514524777,-3.364163077680575
DTXSID9047542,Picoxystrobin,117428-22-5,C18H16F3NO4,367.103142,307,694,44,Inactive,0.0,-5.31611489957464,0.2348824191243009,0.0006100001664831,-3.2146700464601783
DTXSID9047590,2-Phenylethyl benzoate,94-47-3,C15H14O2,226.09938,14,358,4,Inactive,0.0,3.307530365242069,0.1461369342444612,0.0138000005200677,-1.860120897231913
DTXSID9047592,9-Phenanthrol,484-17-3,C14H10O,194.073165,327,678,48,Inactive,3.416031316690346e-08,14.70254239141104,0.6496038534548086,0.1017631972084359,-0.9924092567647604
DTXSID9047594,Sodium 4-octylbenzenesulfonate,6149-03-7,C14H21NaO3S,292.11091,55,368,15,Inactive,-1.4703243971253741e-08,-8.078267422372997,0.3569228713720655,3.30378099622884,0.5190112507301554
DTXSID9047598,"4,4'-Sulfonylbis[2-(prop-2-en-1-yl)phenol]",41481-66-7,C18H18O4S,330.09258,334,740,45,Inactive,-3.2956512620802904e-16,-0.0568941136151133,0.0025137581283128,50.0,1.6989700043360187
DTXSID9047708,Igepal CO-890,NOCAS_47708,,,10,360,3,Inactive,0.0,-3.734235746831633,0.1649900994176094,1.6469381884565963,0.2166772998886595
DTXSID9048190,Methyl abietate,127-25-3,C21H32O2,316.24023,65,364,18,Inactive,9.85984682100384e-10,3.4595011991189613,0.1528514763060328,16.65,1.2214142378423387
DTXSID9048192,4-Butylchlorobenzene,15499-27-1,C10H13Cl,168.070578,2,355,1,Inactive,-7.394194835324211e-07,-8.241163744807974,0.3641201353520146,16.65,1.2214142378423387
DTXSID9048194,Heptanophenone,1671-75-6,C13H18O,190.135765,11,360,3,Inactive,-4.150581014460686e-17,-7.690358737011573,0.3397838643832758,0.4968102481499515,-0.303809454157827
DTXSID9048196,4-tert-Butylbenzenethiol,2396-68-1,C10H14S,166.081622,20,389,5,Inactive,0.0003841897839547,1.2703473766792392,0.0561278810934849,16.65,1.2214142378423387
DTXSID9048198,4-Propylcyclohexanone,40649-36-3,C9H16O,140.120115,2,360,1,Inactive,-7.8872903338e-06,-10.000632197416214,0.4418589002825057,16.65,1.2214142378423387
DTXSID9048510,PharmaGSID_48510,460081-99-6,C21H16F4N2O4,436.10462,129,623,21,Active,0.959739730665642,32.90895621851734,1.4540195976726424,10.470995305602566,1.0199879648867338
DTXSID9048512,Ro 23-7637,107071-66-9,C33H40N2O,480.314064,292,601,49,Inactive,0.0,-3.5688709354649744,0.1576837699522808,0.0002613387001714,-3.582796273294411
DTXSID9048514,PharmaGSID_48514,NOCAS_48514,C17H15ClNNaO4S,387.030801,60,606,10,Inactive,-1.9639515513369723e-07,-0.3847657597248648,0.0170001428012037,50.0,1.6989700043360187
DTXSID9048516,PharmaGSID_48516,NOCAS_48516,C15H10ClFNNaO3S,360.995164,68,596,11,Inactive,-0.0003290194791584,-0.0737082166587952,0.0032566572704328,49.99999999999999,1.6989700043360187
DTXSID9048518,PharmaGSID_48518,NOCAS_48518,C13H9BrFNO3S2,388.919127,65,593,11,Inactive,-2.2930900639928088e-08,-0.0003254111449474,1.43776721118e-05,50.0,1.6989700043360187
